team,seed,finals,champ
Davidson,1,0.4503333333333333,0.22966666666666666
Dayton,2,0.5183333333333333,0.2823333333333333
VCU,3,0.318,0.163
St. Bonaventure,4,0.171,0.07133333333333333
Saint Louis,5,0.35133333333333333,0.192
Richmond,6,0.13766666666666666,0.05566666666666667
George Washington,7,0,0
Fordham,8,0.027333333333333334,0.0026666666666666666
George Mason,9,0,0
Massachusetts,10,0.026,0.0033333333333333335
Rhode Island,11,0,0
La Salle,12,0,0
Saint Joseph's,13,0,0
Duquesne,14,0,0
