team,seed,finals,champ
Houston,1,0.89,0.698
SMU,2,0.4236666666666667,0.09866666666666667
Memphis,3,0.5763333333333334,0.17033333333333334
Temple,4,0,0
Tulane,5,0.11,0.033
UCF,6,0,0
Wichita St.,7,0,0
Cincinnati,8,0,0
East Carolina,9,0,0
Tulsa,10,0,0
South Fla.,11,0,0
