team,seed,finals,champ
Houston,1,0.8413333333333334,0.6886666666666666
SMU,2,0.3233333333333333,0.08033333333333334
Memphis,3,0.49666666666666665,0.15366666666666667
Temple,4,0.03833333333333333,0.011666666666666667
Tulane,5,0.08166666666666667,0.028
UCF,6,0.07433333333333333,0.010666666666666666
Wichita St.,7,0.09233333333333334,0.016666666666666666
Cincinnati,8,0.034,0.009
East Carolina,9,0.004666666666666667,3.333333333333333e-4
Tulsa,10,0.012,0.001
South Fla.,11,0.0013333333333333333,0
