team,seed,finals,champ
Vermont,1,0.9223333333333333,0.8496666666666667
UMBC,2,0.41733333333333333,0.05533333333333333
New Hampshire,3,0.3436666666666667,0.04733333333333333
Hartford,4,0.041666666666666664,0.010666666666666666
Albany (NY),5,0.031,0.011
Binghamton,6,0.09533333333333334,0.007
UMass Lowell,7,0.14366666666666666,0.018333333333333333
NJIT,8,0.005,6.666666666666666e-4
