team,seed,finals,champ
Vermont,1,0.9493333333333334,0.883
UMBC,2,0.721,0.07933333333333334
New Hampshire,3,0,0
Hartford,4,0.050666666666666665,0.022
Albany (NY),5,0,0
Binghamton,6,0.279,0.015666666666666666
UMass Lowell,7,0,0
NJIT,8,0,0
