team,seed,finals,champ
Vermont,1,0.913,0.8426666666666667
UMBC,2,0.40066666666666667,0.05433333333333333
New Hampshire,3,0.3526666666666667,0.047
Hartford,4,0.048666666666666664,0.019333333333333334
Albany (NY),5,0.03233333333333333,0.013
Binghamton,6,0.099,0.008
UMass Lowell,7,0.14766666666666667,0.014333333333333333
NJIT,8,0.006,0.0013333333333333333
