team,seed,finals,champ
Kansas,1,0.5703333333333334,0.302
Baylor,2,0.513,0.30666666666666664
Texas Tech,3,0.362,0.197
Texas,4,0.2906666666666667,0.11666666666666667
TCU,5,0.08766666666666667,0.023333333333333334
Iowa St.,6,0.058666666666666666,0.019666666666666666
Oklahoma,7,0.06633333333333333,0.02666666666666667
Kansas St.,8,0.03166666666666667,0.006
West Virginia,9,0.019666666666666666,0.002
