team,seed,finals,champ
Kansas,1,0.562,0.2856666666666667
Baylor,2,0.51,0.328
Texas Tech,3,0.36766666666666664,0.21166666666666667
Texas,4,0.2876666666666667,0.10566666666666667
TCU,5,0.09433333333333334,0.023666666666666666
Iowa St.,6,0.05433333333333333,0.014333333333333333
Oklahoma,7,0.068,0.022
Kansas St.,8,0,0
West Virginia,9,0.056,0.009
