team,seed,finals,champ
Longwood,1,0.7773333333333333,0.403
Winthrop,2,0.5396666666666666,0.2986666666666667
Gardner-Webb,3,0.4603333333333333,0.248
USC Upstate,4,0.22266666666666668,0.050333333333333334
UNC Asheville,5,0,0
Campbell,6,0,0
High Point,7,0,0
Radford,8,0,0
N.C. A&T,9,0,0
Hampton,10,0,0
Presbyterian,11,0,0
Charleston So.,12,0,0
