team,seed,finals,champ
Longwood,1,0.658,0.3626666666666667
Winthrop,2,0.37566666666666665,0.22266666666666668
Gardner-Webb,3,0.3486666666666667,0.206
USC Upstate,4,0.21366666666666667,0.050333333333333334
UNC Asheville,5,0,0
Campbell,6,0.153,0.077
High Point,7,0.12266666666666666,0.058
Radford,8,0,0
N.C. A&T,9,0.10666666666666667,0.02266666666666667
Hampton,10,0,0
Presbyterian,11,0,0
Charleston So.,12,0.021666666666666667,6.666666666666666e-4
