team,seed,finals,champ
Long Beach St.,1,0.36766666666666664,0.19366666666666665
Cal St. Fullerton,2,0.312,0.138
Hawaii,3,0.3293333333333333,0.14933333333333335
UC Irvine,4,0.31466666666666665,0.191
UC Santa Barbara,5,0.2886666666666667,0.175
UC Riverside,6,0.23,0.099
UC Davis,7,0.119,0.044
CSUN,8,0.0036666666666666666,0
CSU Bakersfield,9,0.025333333333333333,0.007666666666666666
Cal Poly,10,0.009666666666666667,0.0023333333333333335
