team,seed,finals,champ
Illinois,1,0,0
Wisconsin,2,0,0
Purdue,3,0.7246666666666667,0.393
Rutgers,4,0,0
Iowa,5,0.7376666666666667,0.43133333333333335
Ohio St.,6,0,0
Michigan St.,7,0.2753333333333333,0.087
Michigan,8,0,0
Indiana,9,0.2623333333333333,0.08866666666666667
Maryland,10,0,0
Penn St.,11,0,0
Northwestern,12,0,0
Nebraska,13,0,0
Minnesota,14,0,0
