team,seed,finals,champ
Long Beach St.,1,0.42533333333333334,0.216
Cal St. Fullerton,2,0.49066666666666664,0.217
Hawaii,3,0.5093333333333333,0.232
UC Irvine,4,0,0
UC Santa Barbara,5,0.5746666666666667,0.335
UC Riverside,6,0,0
UC Davis,7,0,0
CSUN,8,0,0
CSU Bakersfield,9,0,0
Cal Poly,10,0,0
