team,seed,finals,champ
Illinois,1,0.31766666666666665,0.177
Wisconsin,2,0.198,0.060333333333333336
Purdue,3,0.5806666666666667,0.31666666666666665
Rutgers,4,0.045,0.01633333333333333
Iowa,5,0.5336666666666666,0.3253333333333333
Ohio St.,6,0,0
Michigan St.,7,0.16166666666666665,0.049
Michigan,8,0,0
Indiana,9,0.10366666666666667,0.041666666666666664
Maryland,10,0,0
Penn St.,11,0.059666666666666666,0.013666666666666667
Northwestern,12,0,0
Nebraska,13,0,0
Minnesota,14,0,0
