team,seed,finals,champ
Montana St.,1,0.5483333333333333,0.337
Southern Utah,2,0.4593333333333333,0.23933333333333334
Northern Colo.,3,0.24333333333333335,0.09966666666666667
Weber St.,4,0.30633333333333335,0.173
Montana,5,0.11466666666666667,0.046
Eastern Wash.,6,0.20233333333333334,0.07833333333333334
Portland St.,7,0.095,0.022
Sacramento St.,8,0.030666666666666665,0.004666666666666667
Idaho,9,0,0
Idaho St.,10,0,0
Northern Ariz.,11,0,0
