team,seed,finals,champ
Kansas,1,0.5666666666666667,0.3016666666666667
Baylor,2,0.5156666666666667,0.33566666666666667
Texas Tech,3,0.36466666666666664,0.19633333333333333
Texas,4,0.28533333333333333,0.1
TCU,5,0.09466666666666666,0.022333333333333334
Iowa St.,6,0.054,0.013
Oklahoma,7,0.06566666666666666,0.02266666666666667
Kansas St.,8,0.033,0.006
West Virginia,9,0.020333333333333332,0.0023333333333333335
