team,seed,finals,champ
Towson,1,0.7183333333333334,0.552
UNCW,2,0.223,0.061
Hofstra,3,0.43633333333333335,0.16633333333333333
Drexel,4,0.14766666666666667,0.07766666666666666
Delaware,5,0.117,0.05366666666666667
Col. of Charleston,6,0.261,0.07433333333333333
Elon,7,0.07966666666666666,0.011
William & Mary,8,0.0013333333333333333,3.333333333333333e-4
Northeastern,9,0.015666666666666666,0.0036666666666666666
