team,seed,finals,champ
Towson,1,0.7243333333333334,0.5566666666666666
UNCW,2,0.259,0.06833333333333333
Hofstra,3,0.4093333333333333,0.162
Drexel,4,0.146,0.073
Delaware,5,0.10933333333333334,0.049
Col. of Charleston,6,0.24733333333333332,0.07233333333333333
Elon,7,0.08433333333333333,0.015333333333333332
William & Mary,8,0.0013333333333333333,0
Northeastern,9,0.019,0.0033333333333333335
