team,seed,finals,champ
Towson,1,0.7366666666666667,0.564
UNCW,2,0.25033333333333335,0.06133333333333333
Hofstra,3,0.42766666666666664,0.16333333333333333
Drexel,4,0.13233333333333333,0.07033333333333333
Delaware,5,0.11533333333333333,0.054
Col. of Charleston,6,0.231,0.06466666666666666
Elon,7,0.091,0.017333333333333333
William & Mary,8,3.333333333333333e-4,0
Northeastern,9,0.015333333333333332,0.005
