team,seed,finals,champ
Cleveland St.,1,0.6193333333333333,0.4036666666666667
Purdue Fort Wayne,2,0.5456666666666666,0.21366666666666667
Northern Ky.,3,0.4543333333333333,0.19866666666666666
Wright St.,4,0.38066666666666665,0.184
Oakland,5,0,0
Detroit Mercy,6,0,0
Youngstown St.,7,0,0
UIC,8,0,0
Milwaukee,9,0,0
Robert Morris,10,0,0
Green Bay,11,0,0
IUPUI,12,0,0
