team,seed,finals,champ
Cleveland St.,1,0.49866666666666665,0.33466666666666667
Purdue Fort Wayne,2,0.49033333333333334,0.209
Northern Ky.,3,0.30466666666666664,0.134
Wright St.,4,0.262,0.137
Oakland,5,0.20533333333333334,0.10833333333333334
Detroit Mercy,6,0.17566666666666667,0.06466666666666666
Youngstown St.,7,0,0
UIC,8,0.034,0.009
Milwaukee,9,0,0
Robert Morris,10,0.029333333333333333,0.0033333333333333335
Green Bay,11,0,0
IUPUI,12,0,0
