team,seed,finals,champ
Cleveland St.,1,0.6093333333333333,0.3993333333333333
Purdue Fort Wayne,2,0.5433333333333333,0.22466666666666665
Northern Ky.,3,0.45666666666666667,0.20233333333333334
Wright St.,4,0.39066666666666666,0.17366666666666666
Oakland,5,0,0
Detroit Mercy,6,0,0
Youngstown St.,7,0,0
UIC,8,0,0
Milwaukee,9,0,0
Robert Morris,10,0,0
Green Bay,11,0,0
IUPUI,12,0,0
