team,seed,finals,champ
Princeton,1,0.7283333333333334,0.49033333333333334
Yale,2,0.617,0.273
Penn,3,0.383,0.12333333333333334
Cornell,4,0.27166666666666667,0.11333333333333333
