team,seed,finals,champ
Princeton,1,0.7556666666666667,0.508
Yale,2,0.6113333333333333,0.2673333333333333
Penn,3,0.38866666666666666,0.12233333333333334
Cornell,4,0.24433333333333335,0.10233333333333333
