team,seed,finals,champ
Iona,1,0.642,0.4776666666666667
Saint Peter's,2,0.5293333333333333,0.24033333333333334
Siena,3,0.14966666666666667,0.029
Monmouth,4,0.186,0.101
Niagara,5,0.111,0.050666666666666665
Marist,6,0,0
Fairfield,7,0.17566666666666667,0.04766666666666667
Manhattan,8,0,0
Rider,9,0.061,0.022
Canisius,10,0,0
Quinnipiac,11,0.14533333333333334,0.03166666666666667
