team,seed,finals,champ
Iona,1,0,0
Saint Peter's,2,0.7696666666666667,0.5183333333333333
Siena,3,0.11333333333333333,0.04466666666666667
Monmouth,4,0.36766666666666664,0.17533333333333334
Niagara,5,0.254,0.09866666666666667
Marist,6,0,0
Fairfield,7,0,0
Manhattan,8,0,0
Rider,9,0.37833333333333335,0.118
Canisius,10,0,0
Quinnipiac,11,0.117,0.045
