team,seed,finals,champ
Iona,1,0.661,0.482
Saint Peter's,2,0.533,0.23866666666666667
Siena,3,0.14566666666666667,0.031
Monmouth,4,0.19066666666666668,0.10366666666666667
Niagara,5,0.10633333333333334,0.041666666666666664
Marist,6,0.16733333333333333,0.05
Fairfield,7,0.08166666666666667,0.022
Manhattan,8,0.012666666666666666,0.004666666666666667
Rider,9,0.029333333333333333,0.010333333333333333
Canisius,10,0.036333333333333336,0.008333333333333333
Quinnipiac,11,0.036,0.007666666666666666
