team,seed,finals,champ
Toledo,1,0.7126666666666667,0.5326666666666666
Kent St.,2,0.3883333333333333,0.121
Ohio,3,0.5006666666666667,0.178
Akron,4,0.09766666666666667,0.050666666666666665
Buffalo,5,0.188,0.103
Ball St.,6,0.05566666666666667,0.007333333333333333
Miami (OH),7,0.05533333333333333,0.007333333333333333
Central Mich.,8,0.0016666666666666668,0
