team,seed,finals,champ
Toledo,1,0.7293333333333333,0.5656666666666667
Kent St.,2,0.388,0.10866666666666666
Ohio,3,0.49733333333333335,0.164
Akron,4,0.08366666666666667,0.042
Buffalo,5,0.18333333333333332,0.10633333333333334
Ball St.,6,0.048,0.005666666666666667
Miami (OH),7,0.06666666666666667,0.007333333333333333
Central Mich.,8,0.0036666666666666666,3.333333333333333e-4
