team,seed,finals,champ
Norfolk St.,1,0.788,0.5816666666666667
Howard,2,0.4866666666666667,0.21566666666666667
N.C. Central,3,0.21466666666666667,0.05466666666666667
Morgan St.,4,0.12033333333333333,0.049666666666666665
South Carolina St.,5,0.088,0.03133333333333333
UMES,6,0.16633333333333333,0.04033333333333333
Coppin St.,7,0.13233333333333333,0.02666666666666667
Delaware St.,8,0.0036666666666666666,0
