team,seed,finals,champ
Norfolk St.,1,0.7943333333333333,0.62
Howard,2,0,0
N.C. Central,3,0.5926666666666667,0.17966666666666667
Morgan St.,4,0.20566666666666666,0.10566666666666667
South Carolina St.,5,0,0
UMES,6,0,0
Coppin St.,7,0.4073333333333333,0.09466666666666666
Delaware St.,8,0,0
