team,seed,finals,champ
UNI,1,0.26866666666666666,0.12966666666666668
Missouri St.,2,0.5186666666666667,0.25066666666666665
Drake,3,0.295,0.11233333333333333
Loyola Chicago,4,0.5463333333333333,0.37166666666666665
Bradley,5,0.165,0.08166666666666667
Southern Ill.,6,0.14,0.042
Illinois St.,7,0.046,0.007666666666666666
Valparaiso,8,0.013666666666666667,0.0023333333333333335
Indiana St.,9,0.006333333333333333,0.002
Evansville,10,3.333333333333333e-4,0
