team,seed,finals,champ
UNI,1,0.27366666666666667,0.13366666666666666
Missouri St.,2,0.526,0.248
Drake,3,0.3,0.115
Loyola Chicago,4,0.549,0.37333333333333335
Bradley,5,0.157,0.08033333333333334
Southern Ill.,6,0.12833333333333333,0.03833333333333333
Illinois St.,7,0.04566666666666667,0.006666666666666667
Valparaiso,8,0.013,0.0036666666666666666
Indiana St.,9,0.007333333333333333,0.001
Evansville,10,0,0
