team,seed,finals,champ
UNI,1,0.27666666666666667,0.134
Missouri St.,2,0.5316666666666666,0.25
Drake,3,0.283,0.11633333333333333
Loyola Chicago,4,0.534,0.36466666666666664
Bradley,5,0.169,0.08133333333333333
Southern Ill.,6,0.14333333333333334,0.043333333333333335
Illinois St.,7,0.040666666666666663,0.006666666666666667
Valparaiso,8,0.013333333333333334,0.002
Indiana St.,9,0.007,0.0016666666666666668
Evansville,10,0.0013333333333333333,0
