team,seed,finals,champ
UNI,1,0.2876666666666667,0.13066666666666665
Missouri St.,2,0.5373333333333333,0.26266666666666666
Drake,3,0.289,0.112
Loyola Chicago,4,0.5356666666666666,0.36566666666666664
Bradley,5,0.16066666666666668,0.07733333333333334
Southern Ill.,6,0.13433333333333333,0.041666666666666664
Illinois St.,7,0.039,0.006666666666666667
Valparaiso,8,0.009666666666666667,0.0026666666666666666
Indiana St.,9,0.006333333333333333,6.666666666666666e-4
Evansville,10,3.333333333333333e-4,0
