team,seed,finals,champ
UNI,1,0.268,0.12566666666666668
Missouri St.,2,0.5766666666666667,0.23033333333333333
Drake,3,0.42333333333333334,0.14
Loyola Chicago,4,0.732,0.504
Bradley,5,0,0
Southern Ill.,6,0,0
Illinois St.,7,0,0
Valparaiso,8,0,0
Indiana St.,9,0,0
Evansville,10,0,0
