team,seed,finals,champ
Boise St.,1,0.5203333333333333,0.274
Colorado St.,2,0.275,0.14966666666666667
San Diego St.,3,0.4063333333333333,0.245
Wyoming,4,0.24866666666666667,0.09666666666666666
UNLV,5,0.17633333333333334,0.06633333333333333
Fresno St.,6,0.13533333333333333,0.063
Utah St.,7,0.18333333333333332,0.09466666666666666
Nevada,8,0.03866666666666667,0.008333333333333333
New Mexico,9,0.016,0.0023333333333333335
Air Force,10,0,0
San Jose St.,11,0,0
