team,seed,finals,champ
Bryant,1,0.6796666666666666,0.351
Wagner,2,0.702,0.44433333333333336
LIU,3,0.25766666666666665,0.12366666666666666
Mount St. Mary's,4,0.24166666666666667,0.063
St. Francis Brooklyn,5,0.06266666666666666,0.009
Saint Francis (PA),6,0.020666666666666667,0.0036666666666666666
Sacred Heart,7,0.019666666666666666,0.004666666666666667
Fairleigh Dickinson,8,0.010333333333333333,3.333333333333333e-4
Central Conn. St.,9,0.005666666666666667,3.333333333333333e-4
