team,seed,finals,champ
Bryant,1,0.6756666666666666,0.3566666666666667
Wagner,2,0.7123333333333334,0.44266666666666665
LIU,3,0.24333333333333335,0.11733333333333333
Mount St. Mary's,4,0.25533333333333336,0.06666666666666667
St. Francis Brooklyn,5,0.05366666666666667,0.006
Saint Francis (PA),6,0.023333333333333334,0.004333333333333333
Sacred Heart,7,0.021,0.005333333333333333
Fairleigh Dickinson,8,0,0
Central Conn. St.,9,0.015333333333333332,0.001
