team,seed,finals,champ
Bryant,1,0.6836666666666666,0.36233333333333334
Wagner,2,0.716,0.45066666666666666
LIU,3,0.23633333333333334,0.10733333333333334
Mount St. Mary's,4,0.247,0.063
St. Francis Brooklyn,5,0.059,0.007666666666666666
Saint Francis (PA),6,0.022,0.0033333333333333335
Sacred Heart,7,0.025666666666666667,0.005
Fairleigh Dickinson,8,0,0
Central Conn. St.,9,0.010333333333333333,6.666666666666666e-4
