team,seed,finals,champ
Murray St.,1,0.9543333333333334,0.6586666666666666
Belmont,2,0.783,0.2926666666666667
Morehead St.,3,0.19633333333333333,0.03866666666666667
Southeast Mo. St.,4,0.02666666666666667,0.004333333333333333
Tennessee St.,5,0.019,0.003
Austin Peay,6,0,0
Tennessee Tech,7,0.020666666666666667,0.0026666666666666666
SIUE,8,0,0
