team,seed,finals,champ
Murray St.,1,0.9426666666666667,0.6296666666666667
Belmont,2,0.7723333333333333,0.31733333333333336
Morehead St.,3,0.21133333333333335,0.04533333333333334
Southeast Mo. St.,4,0.03833333333333333,0.004666666666666667
Tennessee St.,5,0.012,0.0013333333333333333
Austin Peay,6,0.005333333333333333,0
Tennessee Tech,7,0.011,0.001
SIUE,8,0.007,6.666666666666666e-4
