team,seed,finals,champ
Murray St.,1,0.952,0.6623333333333333
Belmont,2,0.7783333333333333,0.29033333333333333
Morehead St.,3,0.20233333333333334,0.04033333333333333
Southeast Mo. St.,4,0.03166666666666667,0.0036666666666666666
Tennessee St.,5,0.012666666666666666,0.002
Austin Peay,6,0.007,3.333333333333333e-4
Tennessee Tech,7,0.012333333333333333,0.001
SIUE,8,0.0036666666666666666,0
