team,seed,finals,champ
Murray St.,1,0.9336666666666666,0.6653333333333333
Belmont,2,0.7213333333333334,0.2693333333333333
Morehead St.,3,0.2786666666666667,0.056666666666666664
Southeast Mo. St.,4,0.06633333333333333,0.008666666666666666
Tennessee St.,5,0,0
Austin Peay,6,0,0
Tennessee Tech,7,0,0
SIUE,8,0,0
