team,seed,finals,champ
Arizona,1,0.8306666666666667,0.59
UCLA,2,0.634,0.2843333333333333
Southern California,3,0.22766666666666666,0.050666666666666665
Colorado,4,0.07133333333333333,0.020666666666666667
Oregon,5,0.075,0.023333333333333334
Washington,6,0.027333333333333334,0.0036666666666666666
Washington St.,7,0.111,0.022333333333333334
Arizona St.,8,0,0
Stanford,9,0.023,0.005
California,10,0,0
Utah,11,0,0
Oregon St.,12,0,0
