team,seed,finals,champ
Colgate,1,0.822,0.6143333333333333
Navy,2,0.639,0.24
Boston U.,3,0.2723333333333333,0.085
Lehigh,4,0.08633333333333333,0.02266666666666667
Army West Point,5,0.065,0.014666666666666666
Loyola Maryland,6,0.07733333333333334,0.018333333333333333
Holy Cross,7,0.005333333333333333,3.333333333333333e-4
Lafayette,8,0.021333333333333333,0.003
Bucknell,9,0.005333333333333333,6.666666666666666e-4
American,10,0.006,0.001
