team,seed,finals,champ
Auburn,1,0,0
Tennessee,2,0.42733333333333334,0.2866666666666667
Kentucky,3,0.5726666666666667,0.4166666666666667
Arkansas,4,0.701,0.24666666666666667
LSU,5,0,0
Alabama,6,0,0
South Carolina,7,0,0
Texas A&M,8,0.299,0.05
Florida,9,0,0
Mississippi St.,10,0,0
Vanderbilt,11,0,0
Missouri,12,0,0
Ole Miss,13,0,0
Georgia,14,0,0
