team,seed,finals,champ
Chattanooga,1,0.5283333333333333,0.29033333333333333
Furman,2,0.7083333333333334,0.45266666666666666
Samford,3,0.10133333333333333,0.028333333333333332
Wofford,4,0.2936666666666667,0.11933333333333333
VMI,5,0.114,0.04
UNC Greensboro,6,0.13866666666666666,0.042
Mercer,7,0.047,0.011
ETSU,8,0.05266666666666667,0.014
The Citadel,9,0.011333333333333334,0.0016666666666666668
Western Caro.,10,0.004666666666666667,6.666666666666666e-4
