team,seed,finals,champ
Nicholls St.,1,0.692,0.481
Southeastern La.,2,0.489,0.16666666666666666
New Orleans,3,0.4106666666666667,0.17033333333333334
A&M-Corpus Christi,4,0.27666666666666667,0.14933333333333335
Houston Baptist,5,0.024333333333333332,0.007333333333333333
Northwestern St.,6,0.034,0.006666666666666667
McNeese,7,0.06633333333333333,0.017666666666666667
UIW,8,0.007,0.001
