team,seed,finals,champ
Nicholls St.,1,0.7173333333333334,0.49766666666666665
Southeastern La.,2,0.46266666666666667,0.156
New Orleans,3,0.3933333333333333,0.16
A&M-Corpus Christi,4,0.242,0.13566666666666666
Houston Baptist,5,0.040666666666666663,0.012333333333333333
Northwestern St.,6,0,0
McNeese,7,0.144,0.03833333333333333
UIW,8,0,0
