team,seed,finals,champ
Chattanooga,1,0.559,0.297
Furman,2,0.669,0.42533333333333334
Samford,3,0.106,0.025333333333333333
Wofford,4,0.30566666666666664,0.13733333333333334
VMI,5,0.11233333333333333,0.039
UNC Greensboro,6,0.13766666666666666,0.047
Mercer,7,0.08733333333333333,0.025666666666666667
ETSU,8,0,0
The Citadel,9,0.023,0.0033333333333333335
Western Caro.,10,0,0
