team,seed,finals,champ
Chattanooga,1,0.5116666666666667,0.276
Furman,2,0.6936666666666667,0.44066666666666665
Samford,3,0.1,0.027
Wofford,4,0.30633333333333335,0.13333333333333333
VMI,5,0.117,0.04133333333333333
UNC Greensboro,6,0.151,0.05
Mercer,7,0.051,0.012333333333333333
ETSU,8,0.053,0.015333333333333332
The Citadel,9,0.012,0.0033333333333333335
Western Caro.,10,0.004333333333333333,6.666666666666666e-4
