team,seed,finals,champ
Chattanooga,1,0.5363333333333333,0.289
Furman,2,0.7196666666666667,0.4686666666666667
Samford,3,0.09833333333333333,0.027333333333333334
Wofford,4,0.293,0.11666666666666667
VMI,5,0.108,0.03166666666666667
UNC Greensboro,6,0.12566666666666668,0.035666666666666666
Mercer,7,0.05366666666666667,0.01633333333333333
ETSU,8,0.056,0.013333333333333334
The Citadel,9,0.006666666666666667,6.666666666666666e-4
Western Caro.,10,0.0026666666666666666,6.666666666666666e-4
