team,seed,finals,champ
Nicholls St.,1,0.7076666666666667,0.48233333333333334
Southeastern La.,2,0.47933333333333333,0.166
New Orleans,3,0.4166666666666667,0.174
A&M-Corpus Christi,4,0.264,0.14266666666666666
Houston Baptist,5,0.021333333333333333,0.006
Northwestern St.,6,0.03866666666666667,0.009666666666666667
McNeese,7,0.06533333333333333,0.018333333333333333
UIW,8,0.007,0.001
