team,seed,finals,champ
Chattanooga,1,0.5536666666666666,0.299
Furman,2,0.692,0.438
Samford,3,0.106,0.031
Wofford,4,0.2823333333333333,0.13066666666666665
VMI,5,0.10233333333333333,0.036
UNC Greensboro,6,0.143,0.036333333333333336
Mercer,7,0.05533333333333333,0.010666666666666666
ETSU,8,0.054,0.01633333333333333
The Citadel,9,0.007666666666666666,0.0013333333333333333
Western Caro.,10,0.0036666666666666666,6.666666666666666e-4
