team,seed,finals,champ
South Dakota St.,1,0.823,0.6556666666666666
North Dakota St.,2,0.36666666666666664,0.09533333333333334
Oral Roberts,3,0.45566666666666666,0.14166666666666666
Kansas City,4,0.083,0.034333333333333334
South Dakota,5,0.091,0.044
Western Ill.,6,0.11366666666666667,0.019333333333333334
Denver,7,0.064,0.009666666666666667
Omaha,8,0.003,0
