team,seed,finals,champ
South Dakota St.,1,0.8266666666666667,0.6543333333333333
North Dakota St.,2,0.35633333333333334,0.099
Oral Roberts,3,0.464,0.14933333333333335
Kansas City,4,0.079,0.033666666666666664
South Dakota,5,0.09266666666666666,0.03833333333333333
Western Ill.,6,0.12166666666666667,0.020333333333333332
Denver,7,0.058,0.005
Omaha,8,0.0016666666666666668,0
