team,seed,finals,champ
Texas St.,1,0.431,0.25433333333333336
Appalachian St.,2,0.374,0.18833333333333332
Georgia St.,3,0.30333333333333334,0.15133333333333332
Troy,4,0.36733333333333335,0.17833333333333334
South Alabama,5,0,0
Arkansas St.,6,0.23566666666666666,0.11166666666666666
Coastal Carolina,7,0,0
Louisiana,8,0.176,0.08733333333333333
UT Arlington,9,0,0
Ga. Southern,10,0.087,0.026
ULM,11,0,0
Little Rock,12,0.025666666666666667,0.0026666666666666666
