team,seed,finals,champ
Texas St.,1,0.42966666666666664,0.26
Appalachian St.,2,0.3883333333333333,0.19666666666666666
Georgia St.,3,0.29933333333333334,0.147
Troy,4,0.35,0.17266666666666666
South Alabama,5,0,0
Arkansas St.,6,0.22433333333333333,0.095
Coastal Carolina,7,0,0
Louisiana,8,0.199,0.09466666666666666
UT Arlington,9,0,0
Ga. Southern,10,0.088,0.030333333333333334
ULM,11,0,0
Little Rock,12,0.021333333333333333,0.0036666666666666666
