team,seed,finals,champ
Alcorn,1,0.4036666666666667,0.16033333333333333
Southern U.,2,0.4056666666666667,0.287
Texas Southern,3,0.42333333333333334,0.30566666666666664
Florida A&M,4,0.24333333333333335,0.068
Alabama A&M,5,0.12133333333333333,0.026333333333333334
Grambling,6,0.07033333333333333,0.027333333333333334
Jackson St.,7,0.10066666666666667,0.050666666666666665
Prairie View,8,0.23166666666666666,0.07466666666666667
