team,seed,finals,champ
Alcorn,1,0.38433333333333336,0.13966666666666666
Southern U.,2,0.3923333333333333,0.2866666666666667
Texas Southern,3,0.437,0.31366666666666665
Florida A&M,4,0.22933333333333333,0.061
Alabama A&M,5,0.12866666666666668,0.03133333333333333
Grambling,6,0.06366666666666666,0.030666666666666665
Jackson St.,7,0.107,0.05466666666666667
Prairie View,8,0.25766666666666665,0.08233333333333333
