team,seed,finals,champ
New Mexico St.,1,0.5153333333333333,0.326
Seattle U,2,0.47533333333333333,0.169
SFA,3,0,0
Grand Canyon,4,0.483,0.31166666666666665
Sam Houston St.,5,0,0
Abilene Christian,6,0.521,0.193
Utah Valley,7,0,0
California Baptist,8,0,0
UTRGV,9,0.005,3.333333333333333e-4
Chicago St.,10,3.333333333333333e-4,0
