team,seed,finals,champ
New Mexico St.,1,0.5723333333333334,0.3616666666666667
Seattle U,2,0.44033333333333335,0.16366666666666665
SFA,3,0.363,0.15866666666666668
Grand Canyon,4,0.3596666666666667,0.222
Sam Houston St.,5,0.06766666666666667,0.023666666666666666
Abilene Christian,6,0.119,0.042
Utah Valley,7,0.07066666666666667,0.028
California Baptist,8,0.006666666666666667,3.333333333333333e-4
UTRGV,9,3.333333333333333e-4,0
Chicago St.,10,3.333333333333333e-4,0
