team,seed,finals,champ
Gonzaga,1,0.8813333333333333,0.7646666666666667
Saint Mary's (CA),2,0.7833333333333333,0.158
Santa Clara,3,0.203,0.019333333333333334
San Francisco,4,0.101,0.05466666666666667
BYU,5,0.017666666666666667,0.0033333333333333335
Portland,6,0.010333333333333333,0
San Diego,7,0.0016666666666666668,0
Pacific,8,0,0
LMU (CA),9,0.0016666666666666668,0
Pepperdine,10,0,0
