team,seed,finals,champ
Gonzaga,1,0.8886666666666667,0.7923333333333333
Saint Mary's (CA),2,0.7813333333333333,0.13433333333333333
Santa Clara,3,0.19666666666666666,0.019666666666666666
San Francisco,4,0.09,0.046
BYU,5,0.021333333333333333,0.007
Portland,6,0.021333333333333333,6.666666666666666e-4
San Diego,7,0,0
Pacific,8,0,0
LMU (CA),9,6.666666666666666e-4,0
Pepperdine,10,0,0
