team,seed,finals,champ
Gonzaga,1,0.9933333333333333,0.9893333333333333
Saint Mary's (CA),2,0,0
Santa Clara,3,0,0
San Francisco,4,0,0
BYU,5,0,0
Portland,6,0,0
San Diego,7,0.507,0
Pacific,8,0.25233333333333335,0
LMU (CA),9,0.24433333333333335,0.008333333333333333
Pepperdine,10,0.003,0.0023333333333333335
