team,seed,finals,champ
Gonzaga,1,0.8933333333333333,0.7756666666666666
Saint Mary's (CA),2,0.777,0.15533333333333332
Santa Clara,3,0.21,0.018333333333333333
San Francisco,4,0.092,0.04533333333333334
BYU,5,0.014333333333333333,0.005
Portland,6,0.010333333333333333,3.333333333333333e-4
San Diego,7,6.666666666666666e-4,0
Pacific,8,0,0
LMU (CA),9,0.0023333333333333335,0
Pepperdine,10,0,0
