team,seed,finals,champ
Gonzaga,1,0.994,0.9923333333333333
Saint Mary's (CA),2,0,0
Santa Clara,3,0,0
San Francisco,4,0,0
BYU,5,0,0
Portland,6,0,0
San Diego,7,0.499,0
Pacific,8,0.245,0
LMU (CA),9,0.25866666666666666,0.005666666666666667
Pepperdine,10,0.0033333333333333335,0.002
