team,seed,finals,champ
Gonzaga,1,0.8913333333333333,0.7833333333333333
Saint Mary's (CA),2,0.7796666666666666,0.151
Santa Clara,3,0.21,0.013333333333333334
San Francisco,4,0.092,0.047
BYU,5,0.016666666666666666,0.005333333333333333
Portland,6,0.007,0
San Diego,7,0.0023333333333333335,0
Pacific,8,0,0
LMU (CA),9,0.001,0
Pepperdine,10,0,0
