team,seed,finals,champ
Gonzaga,1,0.9956666666666667,0.9926666666666667
Saint Mary's (CA),2,0,0
Santa Clara,3,0,0
San Francisco,4,0,0
BYU,5,0,0
Portland,6,0,0
San Diego,7,0.5096666666666667,0
Pacific,8,0.245,0
LMU (CA),9,0.247,0.006
Pepperdine,10,0.0026666666666666666,0.0013333333333333333
