team,seed,finals,champ
Gonzaga,1,0.8843333333333333,0.7576666666666667
Saint Mary's (CA),2,0.758,0.15666666666666668
Santa Clara,3,0.22666666666666666,0.026
San Francisco,4,0.09533333333333334,0.051333333333333335
BYU,5,0.020333333333333332,0.008333333333333333
Portland,6,0.011333333333333334,0
San Diego,7,0.002,0
Pacific,8,6.666666666666666e-4,0
LMU (CA),9,0.0013333333333333333,0
Pepperdine,10,0,0
