team,seed,finals,champ
New Mexico St.,1,0.9573333333333334,0.946
Seattle U,2,0,0
SFA,3,0,0
Grand Canyon,4,0,0
Sam Houston St.,5,0,0
Abilene Christian,6,0,0
Utah Valley,7,0.5073333333333333,0
California Baptist,8,0.25566666666666665,0
UTRGV,9,0.258,0.039
Chicago St.,10,0.021666666666666667,0.015
