"team","conference","prob"
"Cincinnati","AAC",0.107971136657046
"ETSU","Southern",0.335109219839986
"FGCU","A-Sun",0.453434834173464
"Louisiana","Sunbelt",0.249814931362318
"Montana","Big Sky",0.175704390506747
"New Mexico St.","WAC",0.419675674537285
"Penn","Ivy",0.0139160997898035
"Purdue","Big 10",0.271284363371813
"Rhode Island","A-10",0.1466493597954
"Saint Mary's (CA)","WCC",0.369553741248384
"Vermont","Am. East",0.447604416606678
"Virginia","ACC",0.315484073115464
