team,seed,finals,champ
Houston,1,0.845,0.7376666666666667
Memphis,2,0.45666666666666667,0.11366666666666667
Tulane,3,0.15933333333333333,0.01633333333333333
Cincinnati,4,0.127,0.06266666666666666
Temple,5,0.021666666666666667,0.004333333333333333
Wichita St.,6,0.13233333333333333,0.015333333333333332
UCF,7,0.246,0.04733333333333333
South Fla.,8,0.005666666666666667,0.002
East Carolina,9,6.666666666666666e-4,0
SMU,10,0.005333333333333333,6.666666666666666e-4
Tulsa,11,3.333333333333333e-4,0
