team,seed,finals,champ
Houston,1,0.8256666666666667,0.716
Memphis,2,0.42833333333333334,0.111
Tulane,3,0.14333333333333334,0.01633333333333333
Cincinnati,4,0.17433333333333334,0.094
Temple,5,0,0
Wichita St.,6,0.14833333333333334,0.015666666666666666
UCF,7,0.28,0.047
South Fla.,8,0,0
East Carolina,9,0,0
SMU,10,0,0
Tulsa,11,0,0
