team,seed,finals,champ
Houston,1,0.8256666666666667,0.7033333333333334
Memphis,2,0.7276666666666667,0.18133333333333335
Tulane,3,0.2723333333333333,0.025
Cincinnati,4,0.17433333333333334,0.09033333333333333
Temple,5,0,0
Wichita St.,6,0,0
UCF,7,0,0
South Fla.,8,0,0
East Carolina,9,0,0
SMU,10,0,0
Tulsa,11,0,0
