team,seed,finals,champ
Vermont,1,0.8036666666666666,0.582
UMass Lowell,2,0.7053333333333334,0.29533333333333334
New Hampshire,3,0.068,0.014
UMBC,4,0.151,0.047
Binghamton,5,0.027666666666666666,0.005
Bryant,6,0.18666666666666668,0.049666666666666665
Maine,7,0.04,0.005333333333333333
NJIT,8,0.017666666666666667,0.0016666666666666668
