team,seed,finals,champ
Vermont,1,0.8053333333333333,0.5833333333333334
UMass Lowell,2,0.7053333333333334,0.295
New Hampshire,3,0.068,0.014
UMBC,4,0.149,0.046
Binghamton,5,0.027666666666666666,0.005
Bryant,6,0.18666666666666668,0.04933333333333333
Maine,7,0.04,0.005333333333333333
NJIT,8,0.018,0.002
