team,seed,finals,champ
UNC Asheville,1,0.5453333333333333,0.302
Longwood,2,0.435,0.24933333333333332
Radford,3,0.33366666666666667,0.17166666666666666
USC Upstate,4,0.10366666666666667,0.03233333333333333
Gardner-Webb,5,0.292,0.14066666666666666
Winthrop,6,0.13233333333333333,0.054
Campbell,7,0.09433333333333334,0.034333333333333334
High Point,8,0.026,0.004333333333333333
Charleston So.,9,0.033,0.011
Presbyterian,10,0.004666666666666667,3.333333333333333e-4
