team,seed,finals,champ
Purdue,1,0.7213333333333334,0.49633333333333335
Northwestern,2,0,0
Indiana,3,0.64,0.268
Michigan St.,4,0,0
Iowa,5,0,0
Maryland,6,0,0
Illinois,7,0,0
Michigan,8,0,0
Rutgers,9,0,0
Penn St.,10,0.36,0.114
Nebraska,11,0,0
Wisconsin,12,0,0
Ohio St.,13,0.2786666666666667,0.12166666666666667
Minnesota,14,0,0
