team,seed,finals,champ
Kansas,1,0.6493333333333333,0.334
Texas,2,0.6373333333333333,0.36766666666666664
Kansas St.,3,0.189,0.08033333333333334
Baylor,4,0,0
Iowa St.,5,0.3506666666666667,0.14066666666666666
TCU,6,0.17366666666666666,0.07733333333333334
Oklahoma St.,7,0,0
West Virginia,8,0,0
Texas Tech,9,0,0
Oklahoma,10,0,0
