team,seed,finals,champ
Marquette,1,0.348,0.17966666666666667
Xavier,2,0.339,0.14133333333333334
Creighton,3,0.501,0.25866666666666666
UConn,4,0.5243333333333333,0.3433333333333333
Providence,5,0.10366666666666667,0.034333333333333334
Villanova,6,0.06866666666666667,0.01633333333333333
Seton Hall,7,0.08933333333333333,0.022333333333333334
St. John's (NY),8,0.019666666666666666,0.0036666666666666666
Butler,9,0.004333333333333333,3.333333333333333e-4
DePaul,10,0.002,0
Georgetown,11,0,0
