team,seed,finals,champ
UNC Asheville,1,0.598,0.3516666666666667
Longwood,2,0,0
Radford,3,0.6246666666666667,0.347
USC Upstate,4,0.31366666666666665,0.11633333333333333
Gardner-Webb,5,0,0
Winthrop,6,0.37533333333333335,0.15733333333333333
Campbell,7,0,0
High Point,8,0,0
Charleston So.,9,0.08833333333333333,0.027666666666666666
Presbyterian,10,0,0
