team,seed,finals,champ
Marquette,1,0.34833333333333333,0.17966666666666667
Xavier,2,0.3403333333333333,0.14166666666666666
Creighton,3,0.5003333333333333,0.259
UConn,4,0.524,0.343
Providence,5,0.10366666666666667,0.034
Villanova,6,0.068,0.01633333333333333
Seton Hall,7,0.08933333333333333,0.022333333333333334
St. John's (NY),8,0.019666666666666666,0.0036666666666666666
Butler,9,0.004333333333333333,3.333333333333333e-4
DePaul,10,0.002,0
Georgetown,11,0,0
