team,seed,finals,champ
UC Irvine,1,0.5073333333333333,0.289
UC Santa Barbara,2,0.4053333333333333,0.21533333333333332
UC Riverside,3,0.216,0.08766666666666667
Cal St. Fullerton,4,0.264,0.14466666666666667
Hawaii,5,0.204,0.10166666666666667
UC Davis,6,0.215,0.094
Long Beach St.,7,0.15866666666666668,0.063
CSU Bakersfield,8,0.024666666666666667,0.004333333333333333
CSUN,9,0,0
Cal Poly,10,0.005,3.333333333333333e-4
