team,seed,finals,champ
UC Irvine,1,0.518,0.29433333333333334
UC Santa Barbara,2,0.4046666666666667,0.216
UC Riverside,3,0.21666666666666667,0.088
Cal St. Fullerton,4,0.258,0.14166666666666666
Hawaii,5,0.203,0.09966666666666667
UC Davis,6,0.21533333333333332,0.09366666666666666
Long Beach St.,7,0.15833333333333333,0.06266666666666666
CSU Bakersfield,8,0.016666666666666666,0.0026666666666666666
CSUN,9,0.004333333333333333,0.001
Cal Poly,10,0.005,3.333333333333333e-4
