team,seed,finals,champ
Kansas,1,0.3933333333333333,0.21
Texas,2,0.478,0.2833333333333333
Kansas St.,3,0.229,0.10433333333333333
Baylor,4,0.27266666666666667,0.132
Iowa St.,5,0.18366666666666667,0.08066666666666666
TCU,6,0.211,0.101
Oklahoma St.,7,0.05,0.015
West Virginia,8,0.115,0.04933333333333333
Texas Tech,9,0.035333333333333335,0.013333333333333334
Oklahoma,10,0.032,0.011
