team,seed,finals,champ
Fla. Atlantic,1,0.8303333333333334,0.5276666666666666
North Texas,2,0.48033333333333333,0.20666666666666667
UAB,3,0.5196666666666667,0.22466666666666665
Middle Tenn.,4,0.16966666666666666,0.041
Charlotte,5,0,0
Rice,6,0,0
FIU,7,0,0
Western Ky.,8,0,0
UTEP,9,0,0
Louisiana Tech,10,0,0
UTSA,11,0,0
