team,seed,finals,champ
Hofstra,1,0.7093333333333334,0.323
Col. of Charleston,2,0.7923333333333333,0.5376666666666666
Towson,3,0.15633333333333332,0.067
UNCW,4,0,0
Drexel,5,0.2786666666666667,0.060333333333333336
Delaware,6,0.041666666666666664,0.01
N.C. A&T,7,0.009666666666666667,0.0013333333333333333
William & Mary,8,0.012,6.666666666666666e-4
Elon,9,0,0
Stony Brook,10,0,0
Northeastern,11,0,0
Hampton,12,0,0
Monmouth,13,0,0
