team,seed,finals,champ
Youngstown St.,1,0.634,0.522
Milwaukee,2,0.27266666666666667,0.08
Cleveland St.,3,0,0
Northern Ky.,4,0.3293333333333333,0.21466666666666667
Oakland,5,0,0
Robert Morris,6,0.44266666666666665,0.085
Wright St.,7,0.2846666666666667,0.08733333333333333
Detroit Mercy,8,0,0
Purdue Fort Wayne,9,0.03666666666666667,0.011
Green Bay,10,0,0
IUPUI,11,0,0
