team,seed,finals,champ
Youngstown St.,1,0.611,0.48233333333333334
Milwaukee,2,0.23433333333333334,0.06966666666666667
Cleveland St.,3,0.407,0.16066666666666668
Northern Ky.,4,0.287,0.15
Oakland,5,0.03233333333333333,0.007333333333333333
Robert Morris,6,0.112,0.021333333333333333
Wright St.,7,0.24666666666666667,0.08033333333333334
Detroit Mercy,8,0.06966666666666667,0.028333333333333332
Purdue Fort Wayne,9,0,0
Green Bay,10,0,0
IUPUI,11,0,0
