team,seed,finals,champ
Youngstown St.,1,0.6266666666666667,0.5003333333333333
Milwaukee,2,0.243,0.07266666666666667
Cleveland St.,3,0.4073333333333333,0.15866666666666668
Northern Ky.,4,0.283,0.143
Oakland,5,0.03233333333333333,0.007
Robert Morris,6,0.10933333333333334,0.021
Wright St.,7,0.24033333333333334,0.07633333333333334
Detroit Mercy,8,0.047,0.019333333333333334
Purdue Fort Wayne,9,0.011,0.0016666666666666668
Green Bay,10,0,0
IUPUI,11,0,0
