team,seed,finals,champ
Yale,1,0.762,0.485
Princeton,2,0.6816666666666666,0.3343333333333333
Penn,3,0.31833333333333336,0.09033333333333333
Cornell,4,0.238,0.09033333333333333
