team,seed,finals,champ
Yale,1,1,0.65
Princeton,2,0.683,0.2753333333333333
Penn,3,0.317,0.07466666666666667
Cornell,4,0,0
