team,seed,finals,champ
Yale,1,0.761,0.48533333333333334
Princeton,2,0.683,0.33366666666666667
Penn,3,0.317,0.09033333333333333
Cornell,4,0.239,0.09066666666666667
