team,seed,finals,champ
Iona,1,0.8953333333333333,0.8286666666666667
Rider,2,0,0
Quinnipiac,3,0,0
Siena,4,0,0
Niagara,5,0.10466666666666667,0.063
Manhattan,6,0,0
Fairfield,7,0,0
Mount St. Mary's,8,0,0
Canisius,9,0,0
Saint Peter's,10,0.45466666666666666,0.04733333333333333
Marist,11,0.5453333333333333,0.061
