team,seed,finals,champ
Iona,1,0.7816666666666666,0.6546666666666666
Rider,2,0.378,0.09466666666666666
Quinnipiac,3,0.477,0.14033333333333334
Siena,4,0.141,0.071
Niagara,5,0.04766666666666667,0.012666666666666666
Manhattan,6,0.035,0.0033333333333333335
Fairfield,7,0,0
Mount St. Mary's,8,0.029666666666666668,0.009
Canisius,9,0,0
Saint Peter's,10,0.07366666666666667,0.009666666666666667
Marist,11,0.036333333333333336,0.004666666666666667
