team,seed,finals,champ
Iona,1,0.7713333333333333,0.6436666666666667
Rider,2,0.334,0.08733333333333333
Quinnipiac,3,0.4623333333333333,0.13833333333333334
Siena,4,0.14566666666666667,0.073
Niagara,5,0.04933333333333333,0.014333333333333333
Manhattan,6,0.037,0.0033333333333333335
Fairfield,7,0.11166666666666666,0.021
Mount St. Mary's,8,0.011,0.0026666666666666666
Canisius,9,0.02266666666666667,0.01
Saint Peter's,10,0.019,0.0016666666666666668
Marist,11,0.036,0.004666666666666667
