team,seed,finals,champ
Toledo,1,0.6396666666666667,0.358
Kent St.,2,0.571,0.344
Akron,3,0.3403333333333333,0.175
Ball St.,4,0.137,0.036333333333333336
Ohio,5,0.195,0.06266666666666666
Buffalo,6,0.057,0.015333333333333332
NIU,7,0.03166666666666667,0.005333333333333333
Miami (OH),8,0.028333333333333332,0.0033333333333333335
