team,seed,finals,champ
Toledo,1,0.668,0.357
Kent St.,2,0.5856666666666667,0.343
Akron,3,0.41433333333333333,0.2
Ball St.,4,0,0
Ohio,5,0.332,0.1
Buffalo,6,0,0
NIU,7,0,0
Miami (OH),8,0,0
