team,seed,finals,champ
Howard,1,0.49333333333333335,0.212
N.C. Central,2,0.49233333333333335,0.31833333333333336
Norfolk St.,3,0.456,0.299
UMES,4,0.363,0.129
Morgan St.,5,0.10866666666666666,0.024666666666666667
Coppin St.,6,0.02666666666666667,0.007
South Carolina St.,7,0.025,0.005333333333333333
Delaware St.,8,0.035,0.004666666666666667
