team,seed,finals,champ
Howard,1,0.49266666666666664,0.21133333333333335
N.C. Central,2,0.49166666666666664,0.31833333333333336
Norfolk St.,3,0.45666666666666667,0.299
UMES,4,0.36333333333333334,0.12933333333333333
Morgan St.,5,0.10866666666666666,0.025
Coppin St.,6,0.02666666666666667,0.007
South Carolina St.,7,0.025,0.005333333333333333
Delaware St.,8,0.035333333333333335,0.004666666666666667
