team,seed,finals,champ
Howard,1,1,0.4583333333333333
N.C. Central,2,0.5293333333333333,0.293
Norfolk St.,3,0.4706666666666667,0.24866666666666667
UMES,4,0,0
Morgan St.,5,0,0
Coppin St.,6,0,0
South Carolina St.,7,0,0
Delaware St.,8,0,0
