team,seed,finals,champ
Merrimack,1,0.6693333333333333,0.463
Fairleigh Dickinson,2,0.5483333333333333,0.24633333333333332
Saint Francis (PA),3,0.3983333333333333,0.165
Sacred Heart,4,0.33066666666666666,0.11433333333333333
Wagner,5,0,0
Central Conn. St.,6,0,0
St. Francis Brooklyn,7,0.05333333333333334,0.011333333333333334
LIU,8,0,0
