team,seed,finals,champ
Merrimack,1,0.628,0.43333333333333335
Fairleigh Dickinson,2,0.5616666666666666,0.26566666666666666
Saint Francis (PA),3,0.23566666666666666,0.09833333333333333
Sacred Heart,4,0.207,0.07666666666666666
Wagner,5,0.15866666666666668,0.071
Central Conn. St.,6,0.14766666666666667,0.044333333333333336
St. Francis Brooklyn,7,0.055,0.010666666666666666
LIU,8,0.006333333333333333,0
