team,seed,finals,champ
Morehead St.,1,0.548,0.31166666666666665
Tennessee Tech,2,0.43366666666666664,0.18866666666666668
Tennessee St.,3,0.227,0.10266666666666667
UT Martin,4,0.2876666666666667,0.14766666666666667
Southeast Mo. St.,5,0.144,0.07133333333333333
SIUE,6,0.20466666666666666,0.107
Southern Ind.,7,0.13466666666666666,0.06566666666666666
Lindenwood,8,0.020333333333333332,0.005333333333333333
