team,seed,finals,champ
Morehead St.,1,0.5466666666666666,0.311
Tennessee Tech,2,0.43466666666666665,0.189
Tennessee St.,3,0.22666666666666666,0.10266666666666667
UT Martin,4,0.2876666666666667,0.14766666666666667
Southeast Mo. St.,5,0.14533333333333334,0.07233333333333333
SIUE,6,0.204,0.10633333333333334
Southern Ind.,7,0.13466666666666666,0.06566666666666666
Lindenwood,8,0.020333333333333332,0.005333333333333333
