team,seed,finals,champ
UCLA,1,0.7846666666666666,0.5283333333333333
Arizona,2,0.7833333333333333,0.344
Southern California,3,0,0
Oregon,4,0.21533333333333332,0.07933333333333334
Washington St.,5,0,0
Arizona St.,6,0.21666666666666667,0.04833333333333333
Utah,7,0,0
Washington,8,0,0
Colorado,9,0,0
Stanford,10,0,0
Oregon St.,11,0,0
California,12,0,0
