team,seed,finals,champ
UCLA,1,0.6916666666666667,0.4856666666666667
Arizona,2,0.561,0.27566666666666667
Southern California,3,0.26,0.08733333333333333
Oregon,4,0.16,0.060333333333333336
Washington St.,5,0.085,0.027
Arizona St.,6,0.09,0.021333333333333333
Utah,7,0.06433333333333334,0.016
Washington,8,0.007666666666666666,0.0013333333333333333
Colorado,9,0.05566666666666667,0.018333333333333333
Stanford,10,0.024333333333333332,0.007
Oregon St.,11,3.333333333333333e-4,0
California,12,0,0
