team,seed,finals,champ
UCLA,1,0.7853333333333333,0.5286666666666666
Arizona,2,0.722,0.31766666666666665
Southern California,3,0.207,0.06
Oregon,4,0.21466666666666667,0.079
Washington St.,5,0,0
Arizona St.,6,0.071,0.014666666666666666
Utah,7,0,0
Washington,8,0,0
Colorado,9,0,0
Stanford,10,0,0
Oregon St.,11,0,0
California,12,0,0
