team,seed,finals,champ
Colgate,1,0.873,0.7693333333333333
Navy,2,0,0
Lehigh,3,0,0
Army West Point,4,0.127,0.08933333333333333
Boston U.,5,0,0
Lafayette,6,0.6463333333333333,0.095
American,7,0.3536666666666667,0.04633333333333333
Loyola Maryland,8,0,0
Holy Cross,9,0,0
Bucknell,10,0,0
