team,seed,finals,champ
Colgate,1,0.8186666666666667,0.7483333333333333
Navy,2,0,0
Lehigh,3,0,0
Army West Point,4,0.12066666666666667,0.09166666666666666
Boston U.,5,0.045,0.034
Lafayette,6,0,0
American,7,0,0
Loyola Maryland,8,0.015666666666666666,0.008333333333333333
Holy Cross,9,0,0
Bucknell,10,1,0.11766666666666667
