team,seed,finals,champ
Alabama,1,0.866,0.691
Texas A&M,2,0.2703333333333333,0.075
Kentucky,3,0.33166666666666667,0.08666666666666667
Missouri,4,0.134,0.04833333333333333
Tennessee,5,0,0
Vanderbilt,6,0.071,0.008
Auburn,7,0,0
Florida,8,0,0
Mississippi St.,9,0,0
Arkansas,10,0.327,0.091
Georgia,11,0,0
South Carolina,12,0,0
Ole Miss,13,0,0
LSU,14,0,0
