team,seed,finals,champ
Furman,1,0.725,0.5936666666666667
Samford,2,0,0
UNC Greensboro,3,0,0
Western Caro.,4,0.07933333333333334,0.035666666666666666
ETSU,5,0.10966666666666666,0.049
Wofford,6,1,0.28
Chattanooga,7,0,0
Mercer,8,0.086,0.041666666666666664
The Citadel,9,0,0
VMI,10,0,0
