team,seed,finals,champ
Furman,1,0.746,0.468
Samford,2,0.3456666666666667,0.165
UNC Greensboro,3,0.4653333333333333,0.24233333333333335
Western Caro.,4,0.07666666666666666,0.018333333333333333
ETSU,5,0.106,0.028666666666666667
Wofford,6,0.08133333333333333,0.02266666666666667
Chattanooga,7,0.107,0.037
Mercer,8,0.06566666666666666,0.01633333333333333
The Citadel,9,0.005666666666666667,0.0016666666666666668
VMI,10,6.666666666666666e-4,0
