team,seed,finals,champ
Alcorn,1,0.32033333333333336,0.12966666666666668
Grambling,2,0.6363333333333333,0.45266666666666666
Jackson St.,3,0.11566666666666667,0.05266666666666667
Southern U.,4,0.334,0.141
Alabama A&M,5,0.16733333333333333,0.049666666666666665
Prairie View,6,0.218,0.11533333333333333
Bethune-Cookman,7,0.03,0.006333333333333333
Texas Southern,8,0.17833333333333334,0.05266666666666667
