team,seed,finals,champ
Alcorn,1,0.32133333333333336,0.13
Grambling,2,0.6373333333333333,0.453
Jackson St.,3,0.11566666666666667,0.05266666666666667
Southern U.,4,0.3323333333333333,0.13966666666666666
Alabama A&M,5,0.16733333333333333,0.04933333333333333
Prairie View,6,0.217,0.11533333333333333
Bethune-Cookman,7,0.03,0.006333333333333333
Texas Southern,8,0.179,0.05366666666666667
