team,seed,finals,champ
Alcorn,1,0,0
Grambling,2,0.7563333333333333,0.5716666666666667
Jackson St.,3,0.24366666666666667,0.111
Southern U.,4,0.363,0.144
Alabama A&M,5,0.17966666666666667,0.045
Prairie View,6,0,0
Bethune-Cookman,7,0,0
Texas Southern,8,0.4573333333333333,0.12833333333333333
