team,seed,finals,champ
Alcorn,1,0.321,0.13
Grambling,2,0.635,0.4523333333333333
Jackson St.,3,0.11566666666666667,0.05266666666666667
Southern U.,4,0.3333333333333333,0.14
Alabama A&M,5,0.16733333333333333,0.049
Prairie View,6,0.21933333333333332,0.11666666666666667
Bethune-Cookman,7,0.03,0.006333333333333333
Texas Southern,8,0.17833333333333334,0.053
