team,seed,finals,champ
Sam Houston,1,0.68966666666666665,0.38533333333333336
Utah Valley,2,0.6606666666666666,0.3596666666666667
Southern Utah,3,0.3393333333333333,0.13933333333333334
Seattle U,4,0,0
Grand Canyon,5,0.31033333333333335,0.11566666666666667
SFA,6,0,0
Tarleton St.,7,0,0
California Baptist,8,0,0
Abilene Christian,9,0,0
UTRGV,10,0,0
Utah Tech,11,0,0
UT Arlington,12,0,0
