team,seed,finals,champ
Sam Houston,1,0.68966666666666665,0.3863333333333333
Utah Valley,2,0.6953333333333334,0.378
Southern Utah,3,0.233,0.09566666666666666
Seattle U,4,0,0
Grand Canyon,5,0.31033333333333335,0.116
SFA,6,0,0
Tarleton St.,7,0,0
California Baptist,8,0,0
Abilene Christian,9,0,0
UTRGV,10,0,0
Utah Tech,11,0.07166666666666667,0.024
UT Arlington,12,0,0
