team,seed,finals,champ
Saint Mary's (CA),1,0.8286666666666667,0.438
Gonzaga,2,0.8513333333333334,0.49033333333333334
Santa Clara,3,0.12066666666666667,0.031
LMU (CA),4,0.049,0.006666666666666667
BYU,5,0.118,0.027666666666666666
San Francisco,6,0.025666666666666667,0.005666666666666667
Pacific,7,0.0016666666666666668,0
Portland,8,0.001,0
San Diego,9,0.002,3.333333333333333e-4
Pepperdine,10,0.002,3.333333333333333e-4
