team,seed,finals,champ
Saint Mary's (CA),1,0,0
Gonzaga,2,0.995,0.9726666666666667
Santa Clara,3,0,0
LMU (CA),4,0,0
BYU,5,0,0
San Francisco,6,0,0
Pacific,7,0,0
Portland,8,0.24866666666666667,0
San Diego,9,0.25266666666666665,0.007666666666666666
Pepperdine,10,0.5036666666666667,0.019666666666666666
