team,seed,finals,champ
Saint Mary's (CA),1,0.828,0.43666666666666665
Gonzaga,2,0.8503333333333334,0.49033333333333334
Santa Clara,3,0.12166666666666667,0.032
LMU (CA),4,0.04933333333333333,0.006666666666666667
BYU,5,0.118,0.028
San Francisco,6,0.025666666666666667,0.005666666666666667
Pacific,7,0.001,3.333333333333333e-4
Portland,8,0.003,0
San Diego,9,0.0016666666666666668,3.333333333333333e-4
Pepperdine,10,0.0013333333333333333,0
