team,seed,finals,champ
Saint Mary's (CA),1,0.8266666666666667,0.42333333333333334
Gonzaga,2,0.8576666666666667,0.5076666666666667
Santa Clara,3,0.11233333333333333,0.029
LMU (CA),4,0.05,0.007
BYU,5,0.11833333333333333,0.02666666666666667
San Francisco,6,0.028,0.005666666666666667
Pacific,7,0.0016666666666666668,0
Portland,8,0.0023333333333333335,3.333333333333333e-4
San Diego,9,0.0013333333333333333,3.333333333333333e-4
Pepperdine,10,0.0016666666666666668,0
