team,seed,finals,champ
VCU,1,0.6623333333333333,0.37433333333333335
Dayton,2,0.7533333333333333,0.403
Fordham,3,0.24666666666666667,0.06933333333333333
Saint Louis,4,0.33766666666666667,0.15333333333333332
George Mason,5,0,0
Duquesne,6,0,0
George Washington,7,0,0
Davidson,8,0,0
St. Bonaventure,9,0,0
Saint Joseph's,10,0,0
La Salle,11,0,0
Richmond,12,0,0
Massachusetts,13,0,0
Rhode Island,14,0,0
Loyola Chicago,15,0,0
