team,seed,finals,champ
Kennesaw St.,1,0.7266666666666667,0.25
Liberty,2,0.909,0.6833333333333333
Eastern Ky.,3,0.091,0.030666666666666665
Stetson,4,0,0
Lipscomb,5,0.2733333333333333,0.036
North Ala.,6,0,0
North Florida,7,0,0
Queens (NC),8,0,0
FGCU,9,0,0
Bellarmine,10,0,0
