team,seed,finals,champ
Kennesaw St.,1,0.6963333333333334,0.22833333333333333
Liberty,2,0.9006666666666666,0.6913333333333334
Eastern Ky.,3,0.09933333333333333,0.039
Stetson,4,0,0
Lipscomb,5,0.30366666666666664,0.04133333333333333
North Ala.,6,0,0
North Florida,7,0,0
Bellarmine,8,0,0
Queens (NC),9,0,0
FGCU,10,0,0
