team,seed,finals,champ
Kennesaw St.,1,0.6013333333333334,0.22
Liberty,2,0.8576666666666667,0.6686666666666666
Eastern Ky.,3,0.09566666666666666,0.03666666666666667
Stetson,4,0.21366666666666667,0.033666666666666664
Lipscomb,5,0.139,0.024666666666666667
North Ala.,6,0.02266666666666667,0.005666666666666667
North Florida,7,0.007666666666666666,0.002
Bellarmine,8,0.017,3.333333333333333e-4
Queens (NC),9,0.029,0.003
FGCU,10,0.01633333333333333,0.005333333333333333
