team,seed,finals,champ
Vermont,1,0.8066666666666666,0.585
UMass Lowell,2,0.7053333333333334,0.29433333333333334
New Hampshire,3,0.06833333333333333,0.014
UMBC,4,0.148,0.04566666666666667
Binghamton,5,0.027666666666666666,0.005
Bryant,6,0.18633333333333332,0.04933333333333333
Maine,7,0.04,0.005
NJIT,8,0.017666666666666667,0.0016666666666666668
