team,seed,finals,champ
Vermont,1,0.9123333333333333,0.64
UMass Lowell,2,0.8943333333333333,0.3303333333333333
New Hampshire,3,0.10566666666666667,0.018333333333333333
UMBC,4,0,0
Binghamton,5,0.08766666666666667,0.011333333333333334
Bryant,6,0,0
Maine,7,0,0
NJIT,8,0,0
