team,seed,finals,champ
UC Irvine,1,0.5183333333333333,0.295
UC Santa Barbara,2,0.4043333333333333,0.21566666666666667
UC Riverside,3,0.216,0.08733333333333333
Cal St. Fullerton,4,0.258,0.14166666666666666
Hawaii,5,0.20266666666666666,0.09933333333333333
UC Davis,6,0.21633333333333332,0.094
Long Beach St.,7,0.15866666666666668,0.063
CSU Bakersfield,8,0.016666666666666666,0.0026666666666666666
CSUN,9,0.004333333333333333,0.001
Cal Poly,10,0.004666666666666667,3.333333333333333e-4
