team,seed,finals,champ
UNC Asheville,1,0.535,0.29633333333333334
Longwood,2,0.41033333333333333,0.234
Radford,3,0.335,0.17533333333333334
USC Upstate,4,0.106,0.034
Gardner-Webb,5,0.2916666666666667,0.14133333333333334
Winthrop,6,0.13433333333333333,0.05566666666666667
Campbell,7,0.12033333333333333,0.044333333333333336
High Point,8,0,0
Charleston So.,9,0.06733333333333333,0.019
Presbyterian,10,0,0
