team,seed,finals,champ
Marquette,1,0.3576666666666667,0.17866666666666667
Xavier,2,0.4736666666666667,0.17933333333333334
Creighton,3,0.447,0.206
UConn,4,0.6423333333333333,0.417
Providence,5,0,0
Villanova,6,0.07933333333333334,0.019
Seton Hall,7,0,0
St. John's (NY),8,0,0
Butler,9,0,0
DePaul,10,0,0
Georgetown,11,0,0
