team,seed,finals,champ
Eastern Wash.,1,0.5123333333333333,0.29
Montana St.,2,0.531,0.3233333333333333
Weber St.,3,0.225,0.08666666666666667
Montana,4,0.3363333333333333,0.17733333333333334
Idaho St.,5,0.07333333333333333,0.017333333333333333
Sacramento St.,6,0.141,0.049
Portland St.,7,0.035666666666666666,0.010333333333333333
Northern Colo.,8,0.06733333333333333,0.023
Northern Ariz.,9,0.06633333333333333,0.020333333333333332
Idaho,10,0.011666666666666667,0.0026666666666666666
