team,seed,finals,champ
Kansas,1,0.6493333333333333,0.3323333333333333
Texas,2,0.6296666666666667,0.36433333333333334
Kansas St.,3,0,0
Baylor,4,0,0
Iowa St.,5,0.3506666666666667,0.142
TCU,6,0.37033333333333335,0.16133333333333333
Oklahoma St.,7,0,0
West Virginia,8,0,0
Texas Tech,9,0,0
Oklahoma,10,0,0
