team,seed,finals,champ
Eastern Wash.,1,0,0
Montana St.,2,0.521,0.29833333333333334
Weber St.,3,0.22133333333333333,0.08566666666666667
Montana,4,1,0.524
Idaho St.,5,0,0
Sacramento St.,6,0.14133333333333334,0.051333333333333335
Portland St.,7,0,0
Northern Ariz.,8,0,0
Idaho,9,0,0
Northern Colo.,10,0.11633333333333333,0.040666666666666663
