team,seed,finals,champ
Kansas,1,0.3933333333333333,0.21
Texas,2,0.4796666666666667,0.285
Kansas St.,3,0.22733333333333333,0.10333333333333333
Baylor,4,0.273,0.13233333333333333
Iowa St.,5,0.18333333333333332,0.08066666666666666
TCU,6,0.21066666666666667,0.1
Oklahoma St.,7,0.05,0.015
West Virginia,8,0.115,0.04933333333333333
Texas Tech,9,0.035333333333333335,0.013333333333333334
Oklahoma,10,0.03233333333333333,0.011
