team,seed,finals,champ
UC Irvine,1,0.582,0.3303333333333333
UC Santa Barbara,2,0.605,0.2996666666666667
UC Riverside,3,0.20466666666666666,0.079
Cal St. Fullerton,4,0.418,0.21666666666666667
Hawaii,5,0,0
UC Davis,6,0.19033333333333333,0.07433333333333333
Long Beach St.,7,0,0
CSU Bakersfield,8,0,0
CSUN,9,0,0
Cal Poly,10,0,0
