team,seed,finals,champ
Eastern Wash.,1,0,0
Montana St.,2,0.6833333333333333,0.427
Weber St.,3,0.31666666666666665,0.14666666666666667
Montana,4,0.6736666666666666,0.3303333333333333
Idaho St.,5,0,0
Sacramento St.,6,0,0
Portland St.,7,0,0
Northern Colo.,8,0,0
Northern Ariz.,9,0.3263333333333333,0.096
Idaho,10,0,0
