team,seed,finals,champ
Eastern Wash.,1,0,0
Montana St.,2,0.71,0.4696666666666667
Weber St.,3,0.17966666666666667,0.09266666666666666
Montana,4,0.4816666666666667,0.23733333333333334
Idaho St.,5,0.116,0.024
Sacramento St.,6,0.11033333333333334,0.04933333333333333
Portland St.,7,0,0
Northern Colo.,8,0,0
Northern Ariz.,9,0.4023333333333333,0.127
Idaho,10,0,0
