team,seed,finals,champ
UNC Asheville,1,0.7503333333333333,0.43733333333333335
Longwood,2,0,0
Radford,3,0.62,0.331
USC Upstate,4,0.24966666666666668,0.09133333333333334
Gardner-Webb,5,0,0
Winthrop,6,0,0
Campbell,7,0.38,0.14033333333333334
High Point,8,0,0
Charleston So.,9,0,0
Presbyterian,10,0,0
