team,seed,finals,champ
Fla. Atlantic,1,0.7356666666666667,0.484
North Texas,2,0.42966666666666664,0.19633333333333333
UAB,3,0.5096666666666667,0.237
Middle Tenn.,4,0.106,0.032
Charlotte,5,0.12533333333333332,0.036
Rice,6,0.019333333333333334,0.0036666666666666666
FIU,7,0.008666666666666666,3.333333333333333e-4
Western Ky.,8,0.017666666666666667,0.002
UTEP,9,0.015333333333333332,0.0023333333333333335
Louisiana Tech,10,0.03166666666666667,0.006333333333333333
UTSA,11,0.001,0
