team,seed,finals,champ
Yale,1,0.76,0.48433333333333334
Princeton,2,0.6826666666666666,0.334
Penn,3,0.31733333333333336,0.091
Cornell,4,0.24,0.09066666666666667
