team,seed,finals,champ
Yale,1,0.762,0.486
Princeton,2,0.683,0.33366666666666667
Penn,3,0.317,0.09
Cornell,4,0.238,0.09033333333333333
