team,seed,finals,champ
Toledo,1,0.637,0.35633333333333334
Kent St.,2,0.5693333333333334,0.343
Akron,3,0.3436666666666667,0.17733333333333334
Ball St.,4,0.137,0.036
Ohio,5,0.198,0.064
Buffalo,6,0.05633333333333333,0.015
NIU,7,0.030666666666666665,0.005
Miami (OH),8,0.028,0.0033333333333333335
