team,seed,finals,champ
Toledo,1,0.6403333333333333,0.359
Kent St.,2,0.5713333333333334,0.344
Akron,3,0.3396666666666667,0.174
Ball St.,4,0.137,0.036333333333333336
Ohio,5,0.19433333333333333,0.06266666666666666
Buffalo,6,0.057,0.015333333333333332
NIU,7,0.032,0.005333333333333333
Miami (OH),8,0.028333333333333332,0.0033333333333333335
