team,seed,finals,champ
Howard,1,0.5436666666666666,0.23366666666666666
N.C. Central,2,0.5293333333333333,0.328
Norfolk St.,3,0.4706666666666667,0.2813333333333333
UMES,4,0.4563333333333333,0.157
Morgan St.,5,0,0
Coppin St.,6,0,0
South Carolina St.,7,0,0
Delaware St.,8,0,0
