team,seed,finals,champ
Bradley,1,0.5686666666666667,0.3343333333333333
Drake,2,0.7196666666666667,0.3606666666666667
Southern Ill.,3,0.2803333333333333,0.08933333333333333
Belmont,4,0,0
Indiana St.,5,0.43133333333333335,0.21566666666666667
Missouri St.,6,0,0
Murray St.,7,0,0
UNI,8,0,0
Illinois St.,9,0,0
Valparaiso,10,0,0
UIC,11,0,0
Evansville,12,0,0
