team,seed,finals,champ
Bradley,1,0.531,0.3303333333333333
Drake,2,0.6306666666666667,0.337
Southern Ill.,3,0.18566666666666667,0.065
Belmont,4,0.14033333333333334,0.058666666666666666
Indiana St.,5,0.2916666666666667,0.14766666666666667
Missouri St.,6,0.14466666666666667,0.045
Murray St.,7,0.039,0.007
UNI,8,0.037,0.009333333333333334
Illinois St.,9,0,0
Valparaiso,10,0,0
UIC,11,0,0
Evansville,12,0,0
