team,seed,finals,champ
Merrimack,1,0.6703333333333333,0.45666666666666667
Fairleigh Dickinson,2,0.6773333333333333,0.303
Saint Francis (PA),3,0.32266666666666666,0.13566666666666666
Sacred Heart,4,0.32966666666666666,0.10466666666666667
Wagner,5,0,0
Central Conn. St.,6,0,0
St. Francis Brooklyn,7,0,0
LIU,8,0,0
