team,seed,finals,champ
Morehead St.,1,0.519,0.2693333333333333
Tennessee Tech,2,0.36833333333333335,0.16066666666666668
Tennessee St.,3,0,0
UT Martin,4,0.23966666666666667,0.12133333333333333
Southeast Mo. St.,5,0.24133333333333334,0.11566666666666667
SIUE,6,0.6316666666666667,0.333
Southern Ind.,7,0,0
Lindenwood,8,0,0
