team,seed,finals,champ
Morehead St.,1,0.514,0.30933333333333335
Tennessee Tech,2,1,0.4216666666666667
Tennessee St.,3,0,0
UT Martin,4,0.25,0.13966666666666666
Southeast Mo. St.,5,0.236,0.12933333333333333
SIUE,6,0,0
Southern Ind.,7,0,0
Lindenwood,8,0,0
