team,seed,finals,champ
Colgate,1,0.8193333333333334,0.644
Navy,2,0.663,0.23433333333333334
Lehigh,3,0.16033333333333333,0.034666666666666665
Army West Point,4,0.11966666666666667,0.04466666666666667
Boston U.,5,0.04533333333333334,0.012666666666666666
Lafayette,6,0.11566666666666667,0.017666666666666667
American,7,0.061,0.008333333333333333
Loyola Maryland,8,0.015666666666666666,0.0036666666666666666
Holy Cross,9,0,0
Bucknell,10,0,0
