team,seed,finals,champ
Furman,1,0.714,0.45
Samford,2,0.32366666666666666,0.157
UNC Greensboro,3,0.467,0.24766666666666667
Western Caro.,4,0.08133333333333333,0.018
ETSU,5,0.10833333333333334,0.029333333333333333
Wofford,6,0.08133333333333333,0.023333333333333334
Chattanooga,7,0.128,0.044333333333333336
Mercer,8,0.09633333333333334,0.030333333333333334
The Citadel,9,0,0
VMI,10,0,0
