team,seed,finals,champ
A&M-Corpus Christi,1,0.7123333333333334,0.42966666666666664
Northwestern St.,2,0.6753333333333333,0.3436666666666667
Southeastern La.,3,0.28633333333333333,0.114
Nicholls,4,0.24366666666666667,0.095
Tex. A&M-Commerce,5,0,0
Houston Christian,6,0,0
New Orleans,7,0.03833333333333333,0.006333333333333333
McNeese,8,0.044,0.011333333333333334
