team,seed,finals,champ
Furman,1,0.747,0.4683333333333333
Samford,2,0.3433333333333333,0.16366666666666665
UNC Greensboro,3,0.4676666666666667,0.24433333333333335
Western Caro.,4,0.07533333333333334,0.018
ETSU,5,0.10633333333333334,0.028666666666666667
Wofford,6,0.081,0.022333333333333334
Chattanooga,7,0.10733333333333334,0.037
Mercer,8,0.06566666666666666,0.01633333333333333
The Citadel,9,0.005666666666666667,0.0013333333333333333
VMI,10,6.666666666666666e-4,0
