team,seed,finals,champ
A&M-Corpus Christi,1,0.833,0.5046666666666667
Northwestern St.,2,0.8256666666666667,0.4186666666666667
Southeastern La.,3,0,0
Nicholls,4,0,0
Tex. A&M-Commerce,5,0,0
Houston Christian,6,0,0
New Orleans,7,0.17433333333333334,0.036333333333333336
McNeese,8,0.167,0.04033333333333333
