team,seed,finals,champ
A&M-Corpus Christi,1,0.7003333333333334,0.4176666666666667
Northwestern St.,2,0.6736666666666666,0.3506666666666667
Southeastern La.,3,0.298,0.11733333333333333
Nicholls,4,0.221,0.08833333333333333
Tex. A&M-Commerce,5,0.06233333333333333,0.018333333333333333
Houston Christian,6,0.012333333333333333,0.0023333333333333335
New Orleans,7,0.016,0.0016666666666666668
McNeese,8,0.01633333333333333,0.0036666666666666666
