team,seed,finals,champ
A&M-Corpus Christi,1,0.7,0.416
Northwestern St.,2,0.676,0.353
Southeastern La.,3,0.2956666666666667,0.117
Nicholls,4,0.221,0.088
Tex. A&M-Commerce,5,0.06233333333333333,0.018333333333333333
Houston Christian,6,0.012333333333333333,0.0023333333333333335
New Orleans,7,0.016,0.0016666666666666668
McNeese,8,0.016666666666666666,0.0036666666666666666
