team,seed,finals,champ
Oral Roberts,1,0.8856666666666667,0.746
South Dakota St.,2,0.5873333333333334,0.13433333333333333
North Dakota St.,3,0.4126666666666667,0.06933333333333333
Western Ill.,4,0,0
St. Thomas (MN),5,0.11433333333333333,0.050333333333333334
South Dakota,6,0,0
Kansas City,7,0,0
Denver,8,0,0
North Dakota,9,0,0
Omaha,10,0,0
