team,seed,finals,champ
Oral Roberts,1,0.8343333333333334,0.7153333333333334
South Dakota St.,2,0.5323333333333333,0.137
North Dakota St.,3,0.3453333333333333,0.06833333333333333
Western Ill.,4,0.03266666666666666,0.007666666666666666
St. Thomas (MN),5,0.10566666666666667,0.04933333333333333
South Dakota,6,0.07133333333333333,0.006666666666666667
Kansas City,7,0,0
Denver,8,0,0
North Dakota,9,0.027333333333333334,0.009666666666666667
Omaha,10,0.051,0.006
