team,seed,finals,champ
Southern Miss.,1,0.30233333333333334,0.15133333333333332
Louisiana,2,0.31333333333333335,0.15966666666666668
Marshall,3,0.567,0.364
James Madison,4,0.32033333333333336,0.151
Troy,5,0.156,0.051333333333333335
Old Dominion,6,0,0
Ga. Southern,7,0.062,0.016666666666666666
South Alabama,8,0.22133333333333333,0.09366666666666666
App State,9,0,0
ULM,10,0,0
Texas St.,11,0.057666666666666665,0.012333333333333333
Coastal Carolina,12,0,0
Arkansas St.,13,0,0
Georgia St.,14,0,0
