team,seed,finals,champ
Southern Miss.,1,0.5326666666666666,0.332
Louisiana,2,0.459,0.228
Marshall,3,0,0
James Madison,4,0.3343333333333333,0.20333333333333334
Troy,5,0.132,0.058
Old Dominion,6,0.43366666666666664,0.15266666666666667
Ga. Southern,7,0.10733333333333334,0.025666666666666667
South Alabama,8,0,0
App State,9,0,0
ULM,10,0,0
Texas St.,11,0,0
Coastal Carolina,12,0,0
Arkansas St.,13,0.001,3.333333333333333e-4
Georgia St.,14,0,0
