team,seed,finals,champ
Southern Miss.,1,0.30266666666666664,0.151
Louisiana,2,0.31233333333333335,0.16
Marshall,3,0.568,0.36566666666666664
James Madison,4,0.31766666666666665,0.14833333333333334
Troy,5,0.15766666666666668,0.052333333333333336
Old Dominion,6,0,0
Ga. Southern,7,0.062,0.01633333333333333
South Alabama,8,0.222,0.094
App State,9,0,0
ULM,10,0,0
Texas St.,11,0.057666666666666665,0.012333333333333333
Coastal Carolina,12,0,0
Arkansas St.,13,0,0
Georgia St.,14,0,0
