team,seed,finals,champ
Saint Mary's (CA),1,0.8293333333333334,0.424
Gonzaga,2,0.8606666666666667,0.508
Santa Clara,3,0.113,0.029333333333333333
LMU (CA),4,0.05,0.006666666666666667
BYU,5,0.116,0.026
San Francisco,6,0.024,0.005333333333333333
Pacific,7,0.001,0
Portland,8,0.002,0
San Diego,9,0.0016666666666666668,3.333333333333333e-4
Pepperdine,10,0.0023333333333333335,3.333333333333333e-4
