team,seed,finals,champ
Saint Mary's (CA),1,0.8196666666666667,0.4186666666666667
Gonzaga,2,0.859,0.5086666666666667
Santa Clara,3,0.10433333333333333,0.027333333333333334
LMU (CA),4,0.04533333333333334,0.006
BYU,5,0.13133333333333333,0.031
San Francisco,6,0.03666666666666667,0.008
Pacific,7,0,0
Portland,8,0,0
San Diego,9,0.0013333333333333333,3.333333333333333e-4
Pepperdine,10,0.0023333333333333335,0
