team,seed,finals,champ
Saint Mary's (CA),1,0,0
Gonzaga,2,0.8443333333333334,0.727
Santa Clara,3,0.14933333333333335,0.07866666666666666
LMU (CA),4,0.39266666666666666,0.055
BYU,5,0.5673333333333334,0.13366666666666666
San Francisco,6,0,0
Pacific,7,0.004333333333333333,0.001
Portland,8,0,0
San Diego,9,0.013333333333333334,0.0013333333333333333
Pepperdine,10,0.028666666666666667,0.0033333333333333335
