team,seed,finals,champ
Davidson,1,0.496,0.25633333333333336
Dayton,2,0.6453333333333333,0.33766666666666667
VCU,3,0,0
St. Bonaventure,4,0,0
Saint Louis,5,0.504,0.2723333333333333
Richmond,6,0.3546666666666667,0.13366666666666666
George Washington,7,0,0
Fordham,8,0,0
George Mason,9,0,0
Massachusetts,10,0,0
Rhode Island,11,0,0
La Salle,12,0,0
Saint Joseph's,13,0,0
Duquesne,14,0,0
