team,seed,finals,champ
Jacksonville St.,1,0.543,0.3
Liberty,2,0.675,0.43266666666666664
Jacksonville,3,0.29233333333333333,0.13966666666666666
Bellarmine,4,0.173,0.041666666666666664
FGCU,5,0.18466666666666667,0.056
Central Ark.,6,0.010333333333333333,3.333333333333333e-4
Lipscomb,7,0.022333333333333334,0.004333333333333333
Kennesaw St.,8,0.09933333333333333,0.025333333333333333
Eastern Ky.,9,0,0
North Florida,10,0,0
Stetson,11,0,0
North Ala.,12,0,0
