team,seed,finals,champ
Jacksonville St.,1,0.5343333333333333,0.30133333333333334
Liberty,2,0.6736666666666666,0.432
Jacksonville,3,0.2966666666666667,0.14633333333333334
Bellarmine,4,0.19433333333333333,0.043666666666666666
FGCU,5,0.185,0.051
Central Ark.,6,0.01,0.0013333333333333333
Lipscomb,7,0.019666666666666666,0.006
Kennesaw St.,8,0.08633333333333333,0.018333333333333333
Eastern Ky.,9,0,0
North Florida,10,0,0
Stetson,11,0,0
North Ala.,12,0,0
