team,seed,finals,champ
Houston,1,0.837,0.672
SMU,2,0.38533333333333336,0.102
Memphis,3,0.5133333333333333,0.16833333333333333
Temple,4,0.036333333333333336,0.008333333333333333
Tulane,5,0.08266666666666667,0.023333333333333334
UCF,6,0.077,0.01
Wichita St.,7,0,0
Cincinnati,8,0.044,0.014
East Carolina,9,0,0
Tulsa,10,0.024333333333333332,0.002
South Fla.,11,0,0
