team,seed,finals,champ
Houston,1,0.8456666666666667,0.6793333333333333
SMU,2,0.32866666666666666,0.09
Memphis,3,0.5096666666666667,0.15833333333333333
Temple,4,0.03933333333333333,0.006
Tulane,5,0.076,0.026333333333333334
UCF,6,0.06,0.011
Wichita St.,7,0.09233333333333334,0.013666666666666667
Cincinnati,8,0.03766666666666667,0.015
East Carolina,9,0.0013333333333333333,0
Tulsa,10,0.008666666666666666,0
South Fla.,11,6.666666666666666e-4,3.333333333333333e-4
