team,seed,finals,champ
Duke,1,0.8136666666666666,0.6033333333333334
Notre Dame,2,0,0
North Carolina,3,0.5123333333333333,0.16333333333333333
Miami (FL),4,0.18633333333333332,0.072
Wake Forest,5,0,0
Virginia,6,0,0
Virginia Tech,7,0.4876666666666667,0.16133333333333333
Florida St.,8,0,0
Syracuse,9,0,0
Clemson,10,0,0
Louisville,11,0,0
Pittsburgh,12,0,0
Boston College,13,0,0
Georgia Tech,14,0,0
NC State,15,0,0
