team,seed,finals,champ
Duke,1,0.679,0.5246666666666666
Notre Dame,2,0.21566666666666667,0.07066666666666667
North Carolina,3,0.3496666666666667,0.13233333333333333
Miami (FL),4,0.19633333333333333,0.079
Wake Forest,5,0,0
Virginia,6,0.13433333333333333,0.03333333333333333
Virginia Tech,7,0.30033333333333334,0.114
Florida St.,8,0,0
Syracuse,9,0.101,0.041
Clemson,10,0,0
Louisville,11,0,0
Pittsburgh,12,0,0
Boston College,13,0.023666666666666666,0.005
Georgia Tech,14,0,0
NC State,15,0,0
