team,seed,finals,champ
Vermont,1,0.919,0.8536666666666667
UMBC,2,0.3983333333333333,0.05266666666666667
New Hampshire,3,0.345,0.044
Hartford,4,0.047,0.016666666666666666
Albany (NY),5,0.029,0.011
Binghamton,6,0.11033333333333334,0.007
UMass Lowell,7,0.14633333333333334,0.014333333333333333
NJIT,8,0.005,6.666666666666666e-4
