team,seed,finals,champ
Vermont,1,0.949,0.878
UMBC,2,0.7296666666666667,0.08233333333333333
New Hampshire,3,0,0
Hartford,4,0.051,0.023333333333333334
Albany (NY),5,0,0
Binghamton,6,0.2703333333333333,0.01633333333333333
UMass Lowell,7,0,0
NJIT,8,0,0
