team,seed,finals,champ
Long Beach St.,1,0.3396666666666667,0.192
Cal St. Fullerton,2,0.2843333333333333,0.11833333333333333
Hawaii,3,0.303,0.134
UC Irvine,4,0.32,0.19933333333333333
UC Santa Barbara,5,0.293,0.182
UC Riverside,6,0.25033333333333335,0.10666666666666667
UC Davis,7,0.16233333333333333,0.05433333333333333
CSUN,8,0,0
CSU Bakersfield,9,0.04733333333333333,0.013333333333333334
Cal Poly,10,0,0
