team,seed,finals,champ
Kansas,1,0.5636666666666666,0.279
Baylor,2,0.5056666666666667,0.334
Texas Tech,3,0.37466666666666665,0.21266666666666667
Texas,4,0.2836666666666667,0.10566666666666667
TCU,5,0.09866666666666667,0.023333333333333334
Iowa St.,6,0.058333333333333334,0.014
Oklahoma,7,0.06133333333333333,0.021666666666666667
Kansas St.,8,0.03333333333333333,0.007333333333333333
West Virginia,9,0.020666666666666667,0.0023333333333333335
