team,seed,finals,champ
Long Beach St.,1,0.3636666666666667,0.19333333333333333
Cal St. Fullerton,2,0.30233333333333334,0.13333333333333333
Hawaii,3,0.31733333333333336,0.146
UC Irvine,4,0.32466666666666666,0.19133333333333333
UC Santa Barbara,5,0.28,0.171
UC Riverside,6,0.25866666666666666,0.115
UC Davis,7,0.115,0.041
CSUN,8,0.004666666666666667,6.666666666666666e-4
CSU Bakersfield,9,0.027,0.008
Cal Poly,10,0.006666666666666667,3.333333333333333e-4
