team,seed,finals,champ
Montana St.,1,0.5413333333333333,0.31766666666666665
Southern Utah,2,0.488,0.254
Northern Colo.,3,0.265,0.119
Weber St.,4,0.304,0.16366666666666665
Montana,5,0.124,0.051
Eastern Wash.,6,0.169,0.06666666666666667
Portland St.,7,0.069,0.02266666666666667
Sacramento St.,8,0.022,0.0033333333333333335
Idaho,9,0.008666666666666666,0.0013333333333333333
Idaho St.,10,0.005666666666666667,3.333333333333333e-4
Northern Ariz.,11,0.0033333333333333335,3.333333333333333e-4
