team,seed,finals,champ
Long Beach St.,1,0.3313333333333333,0.181
Cal St. Fullerton,2,0.28633333333333333,0.13233333333333333
Hawaii,3,0.31166666666666665,0.156
UC Irvine,4,0.3243333333333333,0.18966666666666668
UC Santa Barbara,5,0.2906666666666667,0.17466666666666666
UC Riverside,6,0.243,0.10133333333333333
UC Davis,7,0.159,0.05333333333333334
CSUN,8,0,0
CSU Bakersfield,9,0.05366666666666667,0.011666666666666667
Cal Poly,10,0,0
