team,seed,finals,champ
Providence,1,0.586,0.17933333333333334
Villanova,2,0.5893333333333334,0.45566666666666666
UConn,3,0.4106666666666667,0.275
Creighton,4,0.414,0.09
Marquette,5,0,0
Seton Hall,6,0,0
St. John's (NY),7,0,0
Xavier,8,0,0
Butler,9,0,0
DePaul,10,0,0
Georgetown,11,0,0
