team,seed,finals,champ
North Texas,1,0.656,0.3496666666666667
UAB,2,0.7306666666666667,0.43233333333333335
Middle Tenn.,3,0.2693333333333333,0.09966666666666667
Western Ky.,4,0,0
Louisiana Tech,5,0.344,0.11833333333333333
UTEP,6,0,0
Fla. Atlantic,7,0,0
Charlotte,8,0,0
Rice,9,0,0
Old Dominion,10,0,0
UTSA,11,0,0
FIU,12,0,0
Marshall,13,0,0
Southern Miss.,14,0,0
