team,seed,finals,champ
North Texas,1,0.5923333333333334,0.3333333333333333
UAB,2,0.5693333333333334,0.35533333333333333
Middle Tenn.,3,0.219,0.097
Western Ky.,4,0.15133333333333332,0.052
Louisiana Tech,5,0.23,0.095
UTEP,6,0.078,0.017
Fla. Atlantic,7,0.13366666666666666,0.04566666666666667
Charlotte,8,0,0
Rice,9,0.026333333333333334,0.004666666666666667
Old Dominion,10,0,0
UTSA,11,0,0
FIU,12,0,0
Marshall,13,0,0
Southern Miss.,14,0,0
