team,seed,finals,champ
Towson,1,0.7153333333333334,0.5506666666666666
UNCW,2,0.242,0.06266666666666666
Hofstra,3,0.428,0.17133333333333334
Drexel,4,0.14766666666666667,0.07166666666666667
Delaware,5,0.116,0.05333333333333334
Col. of Charleston,6,0.23966666666666667,0.07033333333333333
Elon,7,0.09033333333333333,0.013666666666666667
William & Mary,8,6.666666666666666e-4,0
Northeastern,9,0.020333333333333332,0.006333333333333333
