team,seed,finals,champ
Towson,1,0.7303333333333333,0.5493333333333333
UNCW,2,0.23466666666666666,0.061
Hofstra,3,0.43566666666666665,0.17266666666666666
Drexel,4,0.13033333333333333,0.06266666666666666
Delaware,5,0.122,0.05466666666666667
Col. of Charleston,6,0.24466666666666667,0.081
Elon,7,0.085,0.01633333333333333
William & Mary,8,3.333333333333333e-4,0
Northeastern,9,0.017,0.0023333333333333335
