team,seed,finals,champ
Towson,1,0.7206666666666667,0.5463333333333333
UNCW,2,0.24666666666666667,0.058333333333333334
Hofstra,3,0.429,0.179
Drexel,4,0.147,0.076
Delaware,5,0.10833333333333334,0.047
Col. of Charleston,6,0.24333333333333335,0.07633333333333334
Elon,7,0.081,0.010333333333333333
William & Mary,8,0,0
Northeastern,9,0.024,0.006666666666666667
