team,seed,finals,champ
Cleveland St.,1,0.6116666666666667,0.399
Purdue Fort Wayne,2,0.5453333333333333,0.21933333333333332
Northern Ky.,3,0.45466666666666666,0.20633333333333334
Wright St.,4,0.3883333333333333,0.17533333333333334
Oakland,5,0,0
Detroit Mercy,6,0,0
Youngstown St.,7,0,0
UIC,8,0,0
Milwaukee,9,0,0
Robert Morris,10,0,0
Green Bay,11,0,0
IUPUI,12,0,0
