team,seed,finals,champ
Cleveland St.,1,0.49366666666666664,0.3303333333333333
Purdue Fort Wayne,2,0.431,0.173
Northern Ky.,3,0.3416666666666667,0.162
Wright St.,4,0.2653333333333333,0.13033333333333333
Oakland,5,0.21333333333333335,0.123
Detroit Mercy,6,0.143,0.05
Youngstown St.,7,0.08066666666666666,0.023
UIC,8,0.025,0.008333333333333333
Milwaukee,9,0.0026666666666666666,0
Robert Morris,10,0.003,0
Green Bay,11,6.666666666666666e-4,0
IUPUI,12,0,0
