team,seed,finals,champ
Princeton,1,0.752,0.5103333333333333
Yale,2,0.6226666666666667,0.2653333333333333
Penn,3,0.37733333333333335,0.12066666666666667
Cornell,4,0.248,0.10366666666666667
