team,seed,finals,champ
Princeton,1,0.7456666666666667,0.51
Yale,2,0.6216666666666667,0.267
Penn,3,0.37833333333333335,0.11833333333333333
Cornell,4,0.25433333333333336,0.10466666666666667
