team,seed,finals,champ
Princeton,1,0.7543333333333333,0.5103333333333333
Yale,2,0.6133333333333333,0.263
Penn,3,0.38666666666666666,0.12366666666666666
Cornell,4,0.24566666666666667,0.103
