team,seed,finals,champ
Iona,1,0.672,0.509
Saint Peter's,2,0.532,0.22666666666666666
Siena,3,0.13566666666666666,0.033666666666666664
Monmouth,4,0.178,0.09233333333333334
Niagara,5,0.10933333333333334,0.04766666666666667
Marist,6,0.163,0.03933333333333333
Fairfield,7,0.07966666666666666,0.017333333333333333
Manhattan,8,0.013,0.005
Rider,9,0.027666666666666666,0.012
Canisius,10,0.043666666666666666,0.007666666666666666
Quinnipiac,11,0.046,0.009333333333333334
