team,seed,finals,champ
Iona,1,0,0
Saint Peter's,2,0.7413333333333333,0.477
Siena,3,0,0
Monmouth,4,0.6553333333333333,0.30433333333333334
Niagara,5,0,0
Marist,6,0,0
Fairfield,7,0,0
Manhattan,8,0,0
Rider,9,0.3446666666666667,0.122
Canisius,10,0,0
Quinnipiac,11,0.25866666666666666,0.09666666666666666
