team,seed,finals,champ
Toledo,1,0.781,0.5753333333333334
Kent St.,2,0.45666666666666667,0.13666666666666666
Ohio,3,0.5433333333333333,0.19666666666666666
Akron,4,0.219,0.09133333333333334
Buffalo,5,0,0
Ball St.,6,0,0
Miami (OH),7,0,0
Central Mich.,8,0,0
