team,seed,finals,champ
Toledo,1,0.703,0.5433333333333333
Kent St.,2,0.39466666666666667,0.118
Ohio,3,0.483,0.16366666666666665
Akron,4,0.09733333333333333,0.048
Buffalo,5,0.196,0.10833333333333334
Ball St.,6,0.058,0.007333333333333333
Miami (OH),7,0.06433333333333334,0.01
Central Mich.,8,0.0036666666666666666,0.0013333333333333333
