team,seed,finals,champ
Toledo,1,0.7353333333333333,0.5696666666666667
Kent St.,2,0.3943333333333333,0.116
Ohio,3,0.485,0.16233333333333333
Akron,4,0.07766666666666666,0.036
Buffalo,5,0.183,0.10133333333333333
Ball St.,6,0.051,0.006333333333333333
Miami (OH),7,0.06966666666666667,0.008
Central Mich.,8,0.004,3.333333333333333e-4
