team,seed,finals,champ
Norfolk St.,1,0.8176666666666667,0.6573333333333333
Howard,2,0,0
N.C. Central,3,0.295,0.08433333333333333
Morgan St.,4,0.105,0.05466666666666667
South Carolina St.,5,0.07733333333333334,0.037333333333333336
UMES,6,0.233,0.058
Coppin St.,7,0.472,0.10833333333333334
Delaware St.,8,0,0
