team,seed,finals,champ
Norfolk St.,1,0.797,0.577
Howard,2,0.482,0.21133333333333335
N.C. Central,3,0.22233333333333333,0.06333333333333334
Morgan St.,4,0.11133333333333334,0.043666666666666666
South Carolina St.,5,0.084,0.03266666666666666
UMES,6,0.166,0.041
Coppin St.,7,0.12966666666666668,0.030333333333333334
Delaware St.,8,0.007666666666666666,6.666666666666666e-4
