team,seed,finals,champ
UNI,1,0.268,0.131
Missouri St.,2,0.5156666666666667,0.23833333333333334
Drake,3,0.30133333333333334,0.11333333333333333
Loyola Chicago,4,0.5336666666666666,0.37466666666666665
Bradley,5,0.17733333333333334,0.089
Southern Ill.,6,0.13733333333333334,0.04033333333333333
Illinois St.,7,0.04566666666666667,0.010333333333333333
Valparaiso,8,0.021,0.003
Indiana St.,9,0,0
Evansville,10,0,0
