team,seed,finals,champ
UNI,1,0.294,0.14566666666666667
Missouri St.,2,0.519,0.236
Drake,3,0.30833333333333335,0.11533333333333333
Loyola Chicago,4,0.5203333333333333,0.36733333333333335
Bradley,5,0.168,0.08466666666666667
Southern Ill.,6,0.12733333333333333,0.038
Illinois St.,7,0.04466666666666667,0.009
Valparaiso,8,0.01,0.0023333333333333335
Indiana St.,9,0.007666666666666666,0.0016666666666666668
Evansville,10,6.666666666666666e-4,0
