team,seed,finals,champ
Boise St.,1,0.5306666666666666,0.2833333333333333
Colorado St.,2,0.271,0.14933333333333335
San Diego St.,3,0.402,0.239
Wyoming,4,0.25333333333333335,0.10733333333333334
UNLV,5,0.167,0.051333333333333335
Fresno St.,6,0.138,0.06166666666666667
Utah St.,7,0.18866666666666668,0.098
Nevada,8,0.035,0.008
New Mexico,9,0.014,0.002
Air Force,10,3.333333333333333e-4,0
San Jose St.,11,0,0
