team,seed,finals,champ
Boise St.,1,0.5143333333333333,0.2836666666666667
Colorado St.,2,0.2703333333333333,0.15
San Diego St.,3,0.3943333333333333,0.22933333333333333
Wyoming,4,0.25866666666666666,0.10266666666666667
UNLV,5,0.16533333333333333,0.05366666666666667
Fresno St.,6,0.12966666666666668,0.06233333333333333
Utah St.,7,0.20566666666666666,0.10133333333333333
Nevada,8,0.06166666666666667,0.017
New Mexico,9,0,0
Air Force,10,0,0
San Jose St.,11,0,0
