team,seed,finals,champ
Bryant,1,0.6883333333333334,0.34933333333333333
Wagner,2,0.7793333333333333,0.481
LIU,3,0.22066666666666668,0.10233333333333333
Mount St. Mary's,4,0.31166666666666665,0.06733333333333333
St. Francis Brooklyn,5,0,0
Saint Francis (PA),6,0,0
Sacred Heart,7,0,0
Fairleigh Dickinson,8,0,0
Central Conn. St.,9,0,0
