team,seed,finals,champ
Murray St.,1,0.945,0.6476666666666666
Belmont,2,0.7736666666666666,0.2996666666666667
Morehead St.,3,0.21466666666666667,0.04633333333333333
Southeast Mo. St.,4,0.036333333333333336,0.0036666666666666666
Tennessee St.,5,0.013,0.0013333333333333333
Austin Peay,6,0.0036666666666666666,0
Tennessee Tech,7,0.008,6.666666666666666e-4
SIUE,8,0.005666666666666667,6.666666666666666e-4
