team,seed,finals,champ
Murray St.,1,0.95,0.6353333333333333
Belmont,2,0.774,0.31
Morehead St.,3,0.21066666666666667,0.04766666666666667
Southeast Mo. St.,4,0.03166666666666667,0.0033333333333333335
Tennessee St.,5,0.012666666666666666,0.002
Austin Peay,6,0.008,3.333333333333333e-4
Tennessee Tech,7,0.007333333333333333,0.001
SIUE,8,0.005666666666666667,3.333333333333333e-4
