team,seed,finals,champ
Arizona,1,0.89,0.5916666666666667
UCLA,2,0.7846666666666666,0.335
Southern California,3,0.21533333333333332,0.046
Colorado,4,0.11,0.027333333333333334
Oregon,5,0,0
Washington,6,0,0
Washington St.,7,0,0
Arizona St.,8,0,0
Stanford,9,0,0
California,10,0,0
Utah,11,0,0
Oregon St.,12,0,0
