team,seed,finals,champ
Arizona,1,0.8246666666666667,0.59
UCLA,2,0.6593333333333333,0.28933333333333333
Southern California,3,0.21733333333333332,0.05333333333333334
Colorado,4,0.07633333333333334,0.016
Oregon,5,0.067,0.021333333333333333
Washington,6,0.011333333333333334,0
Washington St.,7,0.09233333333333334,0.023
Arizona St.,8,0.024,0.005
Stanford,9,0.008,0.0013333333333333333
California,10,0.0026666666666666666,0
Utah,11,0.017,6.666666666666666e-4
Oregon St.,12,0,0
