team,seed,finals,champ
Colgate,1,0.8303333333333334,0.6056666666666667
Navy,2,0.6496666666666666,0.24866666666666667
Boston U.,3,0.257,0.09166666666666666
Lehigh,4,0.08966666666666667,0.021
Army West Point,5,0.065,0.013666666666666667
Loyola Maryland,6,0.07766666666666666,0.01633333333333333
Holy Cross,7,0,0
Lafayette,8,0,0
Bucknell,9,0.015,0.002
American,10,0.015666666666666666,0.001
