team,seed,finals,champ
Colgate,1,0.826,0.618
Navy,2,0.6533333333333333,0.24133333333333334
Boston U.,3,0.259,0.08533333333333333
Lehigh,4,0.08766666666666667,0.021
Army West Point,5,0.06466666666666666,0.015333333333333332
Loyola Maryland,6,0.07766666666666666,0.01633333333333333
Holy Cross,7,0.005333333333333333,6.666666666666666e-4
Lafayette,8,0.015333333333333332,0.0013333333333333333
Bucknell,9,0.006333333333333333,6.666666666666666e-4
American,10,0.004666666666666667,0
