team,seed,finals,champ
Colgate,1,0.824,0.6026666666666667
Navy,2,0.634,0.25033333333333335
Boston U.,3,0.275,0.09566666666666666
Lehigh,4,0.08833333333333333,0.017666666666666667
Army West Point,5,0.06733333333333333,0.014
Loyola Maryland,6,0.077,0.01633333333333333
Holy Cross,7,0,0
Lafayette,8,0,0
Bucknell,9,0.020333333333333332,0.0016666666666666668
American,10,0.014,0.0016666666666666668
