team,seed,finals,champ
Colgate,1,0.8886666666666667,0.6666666666666666
Navy,2,0.6566666666666666,0.21566666666666667
Boston U.,3,0.3433333333333333,0.09333333333333334
Lehigh,4,0.11133333333333334,0.024333333333333332
Army West Point,5,0,0
Loyola Maryland,6,0,0
Holy Cross,7,0,0
Lafayette,8,0,0
Bucknell,9,0,0
American,10,0,0
