team,seed,finals,champ
Colgate,1,0.8866666666666667,0.6636666666666666
Navy,2,0.662,0.21566666666666667
Boston U.,3,0.338,0.096
Lehigh,4,0.11333333333333333,0.024666666666666667
Army West Point,5,0,0
Loyola Maryland,6,0,0
Holy Cross,7,0,0
Lafayette,8,0,0
Bucknell,9,0,0
American,10,0,0
