team,seed,finals,champ
Auburn,1,0.5376666666666666,0.26066666666666666
Tennessee,2,0.354,0.19366666666666665
Kentucky,3,0.5626666666666666,0.37633333333333335
Arkansas,4,0.18666666666666668,0.059
LSU,5,0.22466666666666665,0.081
Alabama,6,0,0
South Carolina,7,0,0
Texas A&M,8,0.051,0.011666666666666667
Florida,9,0,0
Mississippi St.,10,0.049666666666666665,0.009333333333333334
Vanderbilt,11,0.033666666666666664,0.008333333333333333
Missouri,12,0,0
Ole Miss,13,0,0
Georgia,14,0,0
