team,seed,finals,champ
Chattanooga,1,0.599,0.308
Furman,2,0.8306666666666667,0.487
Samford,3,0.16933333333333334,0.04033333333333333
Wofford,4,0.401,0.16466666666666666
VMI,5,0,0
UNC Greensboro,6,0,0
Mercer,7,0,0
ETSU,8,0,0
The Citadel,9,0,0
Western Caro.,10,0,0
