team,seed,finals,champ
South Dakota St.,1,0.838,0.6676666666666666
North Dakota St.,2,0.38066666666666665,0.097
Oral Roberts,3,0.44766666666666666,0.133
Kansas City,4,0.07266666666666667,0.034333333333333334
South Dakota,5,0.087,0.043666666666666666
Western Ill.,6,0.11233333333333333,0.019
Denver,7,0.059333333333333335,0.005
Omaha,8,0.0023333333333333335,3.333333333333333e-4
