team,seed,finals,champ
South Dakota St.,1,0.8313333333333334,0.656
North Dakota St.,2,0.3506666666666667,0.091
Oral Roberts,3,0.468,0.151
Kansas City,4,0.06733333333333333,0.027
South Dakota,5,0.1,0.048666666666666664
Western Ill.,6,0.11933333333333333,0.018666666666666668
Denver,7,0.062,0.007666666666666666
Omaha,8,0.0013333333333333333,0
