team,seed,finals,champ
South Dakota St.,1,0.8396666666666667,0.6476666666666666
North Dakota St.,2,0.5073333333333333,0.14366666666666666
Oral Roberts,3,0.3953333333333333,0.131
Kansas City,4,0.07166666666666667,0.02666666666666667
South Dakota,5,0.08866666666666667,0.035333333333333335
Western Ill.,6,0.09733333333333333,0.015666666666666666
Denver,7,0,0
Omaha,8,0,0
