team,seed,finals,champ
South Dakota St.,1,0.8113333333333334,0.5973333333333334
North Dakota St.,2,0.4136666666666667,0.11833333333333333
Oral Roberts,3,0.5863333333333334,0.20766666666666667
Kansas City,4,0,0
South Dakota,5,0.18866666666666668,0.07666666666666666
Western Ill.,6,0,0
Denver,7,0,0
Omaha,8,0,0
