team,seed,finals,champ
South Dakota St.,1,0.8296666666666667,0.6703333333333333
North Dakota St.,2,0.3606666666666667,0.08866666666666667
Oral Roberts,3,0.454,0.14233333333333334
Kansas City,4,0.07066666666666667,0.027333333333333334
South Dakota,5,0.09633333333333334,0.043
Western Ill.,6,0.12233333333333334,0.021666666666666667
Denver,7,0.063,0.006333333333333333
Omaha,8,0.0033333333333333335,3.333333333333333e-4
