team,seed,finals,champ
Alcorn,1,0.6743333333333333,0.24
Southern U.,2,0.5663333333333334,0.3993333333333333
Texas Southern,3,0.37566666666666665,0.25766666666666665
Florida A&M,4,0.216,0.059666666666666666
Alabama A&M,5,0.10966666666666666,0.019
Grambling,6,0.058,0.024333333333333332
Jackson St.,7,0,0
Prairie View,8,0,0
