team,seed,finals,champ
New Mexico St.,1,0.5663333333333334,0.3526666666666667
Seattle U,2,0.45166666666666666,0.17566666666666667
SFA,3,0.3596666666666667,0.162
Grand Canyon,4,0.337,0.20066666666666666
Sam Houston St.,5,0.09666666666666666,0.036
Abilene Christian,6,0.18766666666666668,0.073
Utah Valley,7,0,0
California Baptist,8,0,0
UTRGV,9,0.001,0
Chicago St.,10,0,0
