team,seed,finals,champ
New Mexico St.,1,0.9576666666666667,0.6333333333333333
Seattle U,2,0,0
SFA,3,0,0
Grand Canyon,4,0,0
Sam Houston St.,5,0,0
Abilene Christian,6,0.972,0.36033333333333334
Utah Valley,7,0,0
California Baptist,8,0,0
UTRGV,9,0.04533333333333334,0.004
Chicago St.,10,0.025,0.0023333333333333335
