team,seed,finals,champ
Gonzaga,1,0.8936666666666667,0.7876666666666666
Saint Mary's (CA),2,0.7663333333333333,0.14466666666666667
Santa Clara,3,0.21866666666666668,0.017333333333333333
San Francisco,4,0.08233333333333333,0.04133333333333333
BYU,5,0.024,0.009
Portland,6,0.012333333333333333,0
San Diego,7,0.001,0
Pacific,8,0,0
LMU (CA),9,0.0016666666666666668,0
Pepperdine,10,0,0
