team,seed,finals,champ
Gonzaga,1,0.8863333333333333,0.7786666666666666
Saint Mary's (CA),2,0.7646666666666667,0.145
Santa Clara,3,0.21966666666666668,0.021
San Francisco,4,0.098,0.050666666666666665
BYU,5,0.015666666666666666,0.004333333333333333
Portland,6,0.011333333333333334,0
San Diego,7,0.0023333333333333335,3.333333333333333e-4
Pacific,8,0,0
LMU (CA),9,0.002,0
Pepperdine,10,0,0
