team,seed,finals,champ
Gonzaga,1,0.8666666666666667,0.769
Saint Mary's (CA),2,0.7343333333333333,0.135
Santa Clara,3,0.26266666666666666,0.018666666666666668
San Francisco,4,0.13233333333333333,0.07733333333333334
BYU,5,0,0
Portland,6,0,0
San Diego,7,0,0
Pacific,8,0,0
LMU (CA),9,0.004,0
Pepperdine,10,0,0
