team,freq
Austin Peay,0.002066115702479339
Bellarmine,0
Central Ark.,0
Eastern Ky.,0.02169421487603306
FGCU,0.15289256198347106
Jacksonville,0.05578512396694215
Lipscomb,0.6642561983471075
North Ala.,0.10123966942148761
North Florida,0.002066115702479339
Queens (NC),0
Stetson,0
West Ga.,0
