team,freq
Austin Peay,0
Bellarmine,0
Central Ark.,0
Eastern Ky.,0.03707414829659318
FGCU,0.11222444889779559
Jacksonville,0.031062124248496994
Jacksonville St.,0.002004008016032064
Kennesaw St.,0.05410821643286573
Liberty,0.6583166332665331
Lipscomb,0.01603206412825651
North Ala.,0
North Florida,0
Queens (NC),0
Stetson,0.08917835671342685
