team,freq
Austin Peay,0
Bellarmine,0
Central Ark.,0
Eastern Ky.,0.044579533941236066
FGCU,0.016210739614994935
Jacksonville,0.010131712259371834
Jacksonville St.,0
Kennesaw St.,0.11854103343465046
Liberty,0.7760891590678825
Lipscomb,0.013171225937183383
North Ala.,0
North Florida,0
Queens (NC),0
Stetson,0.021276595744680854
