team,freq
Bellarmine,0
Central Ark.,0
Eastern Ky.,0.019387755102040813
FGCU,0.03163265306122449
Jacksonville,0.03265306122448979
Jacksonville St.,0.310204081632653
Kennesaw St.,0.00510204081632653
Liberty,0.5714285714285714
Lipscomb,0.004081632653061224
North Ala.,0
North Florida,0
Stetson,0.025510204081632654
