team,freq
Austin Peay,0.060827250608272515
Bellarmine,0
Central Ark.,0
Eastern Ky.,0.031630170316301706
FGCU,0.07299270072992702
Jacksonville,0.038929440389294405
Kennesaw St.,0.39659367396593675
Lipscomb,0.1070559610705596
North Ala.,0.07055961070559612
North Florida,0
Queens (NC),0
Stetson,0.22141119221411193
