team,freq
Austin Peay,0.025100401606425703
Bellarmine,0.0020080321285140565
Central Ark.,0
Eastern Ky.,0.04417670682730923
FGCU,0.22991967871485944
Jacksonville,0.03815261044176707
Lipscomb,0.5150602409638554
North Ala.,0.06526104417670683
North Florida,0.08032128514056225
Queens (NC),0
Stetson,0
West Ga.,0
