team,freq
Bellarmine,0
Central Ark.,0
Eastern Ky.,0.001145475372279496
FGCU,0.034364261168384876
Jacksonville,0.06414662084765178
Jacksonville St.,0.19243986254295534
Kennesaw St.,0.02290950744558992
Liberty,0.6781214203894615
Lipscomb,0.001145475372279496
North Ala.,0
North Florida,0.003436426116838488
Stetson,0.002290950744558992
