team,freq
Bellarmine,0
Central Ark.,0.0011574074074074073
Eastern Ky.,0.005787037037037038
FGCU,0.02893518518518519
Jacksonville,0.11111111111111112
Jacksonville St.,0.22337962962962965
Kennesaw St.,0.02893518518518519
Liberty,0.59375
Lipscomb,0
North Ala.,0
North Florida,0.006944444444444445
Stetson,0
