team,freq
Austin Peay,0.08835341365461846
Bellarmine,0
Central Ark.,0.0010040160642570282
Eastern Ky.,0.24196787148594376
FGCU,0.014056224899598393
Jacksonville,0
Kennesaw St.,0.18172690763052207
Lipscomb,0.27309236947791166
North Ala.,0.012048192771084338
North Florida,0.019076305220883535
Queens (NC),0
Stetson,0.16867469879518074
