team,freq
Bellarmine,0
Central Ark.,3.4782608695652176e-4
Eastern Ky.,0
FGCU,0.05843478260869566
Jacksonville,0.14573913043478262
Jacksonville St.,0.3130434782608696
Kennesaw St.,0.026434782608695653
Liberty,0.4514782608695652
Lipscomb,0.004521739130434783
North Ala.,0
North Florida,0
Stetson,0
