team,freq
Bellarmine,0
Central Ark.,0.001091703056768559
Eastern Ky.,0.00982532751091703
FGCU,0.018558951965065504
Jacksonville,0.02292576419213974
Jacksonville St.,0.3286026200873362
Kennesaw St.,0.036026200873362446
Liberty,0.5807860262008734
Lipscomb,0.002183406113537118
North Ala.,0
North Florida,0
Stetson,0
