team,freq
Bellarmine,0
Central Ark.,0
Eastern Ky.,0.014568158168574402
FGCU,0.015608740894901144
Jacksonville,0.01664932362122789
Jacksonville St.,0.27575442247658694
Kennesaw St.,0.04162330905306972
Liberty,0.6337148803329865
Lipscomb,0.002081165452653486
North Ala.,0
North Florida,0
Stetson,0
