team,freq
Bellarmine,0
Central Ark.,0
Eastern Ky.,0.025210084033613446
FGCU,0.0273109243697479
Jacksonville,0.05252100840336135
Jacksonville St.,0.3004201680672269
Kennesaw St.,0.02100840336134454
Liberty,0.5504201680672269
Lipscomb,0.005252100840336135
North Ala.,0
North Florida,0
Stetson,0.01785714285714286
