team,freq
Bellarmine,0
Central Ark.,0.001141552511415525
Eastern Ky.,0.00228310502283105
FGCU,0.039954337899543384
Jacksonville,0.113013698630137
Jacksonville St.,0.23858447488584475
Kennesaw St.,0.01940639269406393
Liberty,0.5753424657534246
Lipscomb,0.001141552511415525
North Ala.,0
North Florida,0.0045662100456621
Stetson,0.0045662100456621
