team,freq
Austin Peay,0.07583417593528817
Bellarmine,0
Central Ark.,0
Eastern Ky.,0.28311425682507585
FGCU,0.015166835187057633
Jacksonville,0.0010111223458038423
Kennesaw St.,0.012133468149646108
Lipscomb,0.2376137512639029
North Ala.,0.06471183013144591
North Florida,0.08897876643073811
Queens (NC),0
Stetson,0.22143579373104147
