team,freq
Austin Peay,0.06320081549439348
Bellarmine,0
Central Ark.,0
Eastern Ky.,0.05606523955147809
FGCU,0.0998980632008155
Jacksonville,0.0061162079510703364
Kennesaw St.,0.1304791029561672
Lipscomb,0.4352701325178389
North Ala.,0.0326197757390418
North Florida,0
Queens (NC),0
Stetson,0.17635066258919468
