team,freq
Austin Peay,0
Bellarmine,0
Central Ark.,0
Eastern Ky.,0.036253776435045314
FGCU,0.018126888217522657
Jacksonville,0.009063444108761328
Jacksonville St.,0
Kennesaw St.,0.11983887210473312
Liberty,0.7804632426988922
Lipscomb,0.01107754279959718
North Ala.,0
North Florida,0
Queens (NC),0
Stetson,0.025176233635448138
