team,freq
Austin Peay,0.002185792349726776
Bellarmine,0
Central Ark.,0
Eastern Ky.,0.013114754098360656
FGCU,0.2087431693989071
Jacksonville,0.2819672131147541
Jacksonville St.,0.06120218579234973
Kennesaw St.,0.03169398907103825
Liberty,0.346448087431694
Lipscomb,0.04153005464480874
North Ala.,0
North Florida,0.002185792349726776
Queens (NC),0
Stetson,0.01092896174863388
