team,freq
Austin Peay,0.04520396912899669
Bellarmine,0
Central Ark.,0
Eastern Ky.,0.16868798235942667
FGCU,0.06835722160970231
Jacksonville,0.005512679162072767
Kennesaw St.,0.16207276736493934
Lipscomb,0.3880926130099228
North Ala.,0.06725468577728776
North Florida,0.002205071664829107
Queens (NC),0
Stetson,0.0926130099228225
