team,freq
Bellarmine,0
Central Ark.,0
Eastern Ky.,0.012875536480686695
FGCU,0.015021459227467811
Jacksonville,0.0203862660944206
Jacksonville St.,0.34442060085836906
Kennesaw St.,0.04184549356223176
Liberty,0.5633047210300429
Lipscomb,0.001072961373390558
North Ala.,0
North Florida,0
Stetson,0.001072961373390558
