team,freq
Austin Peay,0.0968718466195762
Bellarmine,0
Central Ark.,0
Eastern Ky.,0.3067608476286579
FGCU,0.01917255297679112
Jacksonville,0.0010090817356205853
Kennesaw St.,0.01715438950554995
Lipscomb,0.2906155398587285
North Ala.,0.029263370332996974
North Florida,0.051463168516649845
Queens (NC),0
Stetson,0.18768920282542886
