team,freq
Austin Peay,0.0012111425111021395
Bellarmine,0
Central Ark.,0
Eastern Ky.,0.018167137666532093
FGCU,0.050464271295922486
Jacksonville,0.023213564796124343
Lipscomb,0.6846992329430763
North Ala.,0.22224465078724265
North Florida,0
Queens (NC),0
Stetson,0
West Ga.,0
