team,freq
Austin Peay,0.00101010101010101
Bellarmine,0
Central Ark.,0
Eastern Ky.,0.046464646464646465
FGCU,0.05353535353535353
Jacksonville,0.026262626262626262
Jacksonville St.,0
Kennesaw St.,0.08282828282828283
Liberty,0.6959595959595959
Lipscomb,0.03535353535353536
North Ala.,0
North Florida,0.00101010101010101
Queens (NC),0
Stetson,0.05757575757575758
