team,freq
Austin Peay,0.005382131324004305
Bellarmine,0
Central Ark.,0
Eastern Ky.,0.015069967707212056
FGCU,0.3638320775026911
Jacksonville,0.10764262648008611
Jacksonville St.,0.04413347685683531
Kennesaw St.,0.03767491926803014
Liberty,0.40043057050592035
Lipscomb,0.013993541442411193
North Ala.,0
North Florida,0.002152852529601722
Queens (NC),0
Stetson,0.009687836383207749
