team,freq
Austin Peay,0
Bellarmine,0
Central Ark.,0.001006036217303823
Eastern Ky.,0.03621730382293762
FGCU,0.002012072434607646
Jacksonville,0.001006036217303823
Jacksonville St.,0
Kennesaw St.,0.13078470824949698
Liberty,0.7625754527162978
Lipscomb,0.026156941649899394
North Ala.,0
North Florida,0
Queens (NC),0
Stetson,0.04024144869215292
