team,freq
Austin Peay,0.04884318766066838
Bellarmine,0
Central Ark.,0
Eastern Ky.,0.017994858611825194
FGCU,0.07969151670951156
Jacksonville,0.043701799485861184
Kennesaw St.,0.2133676092544987
Lipscomb,0.1928020565552699
North Ala.,0.11568123393316194
North Florida,0
Queens (NC),0
Stetson,0.2879177377892031
