team,freq
Bellarmine,0
Central Ark.,0.00035001750087504374
Eastern Ky.,0.0017500875043752189
FGCU,0.035351767588379414
Jacksonville,0.1424571228561428
Jacksonville St.,0.3195659782989149
Kennesaw St.,0.016450822541127053
Liberty,0.47917395869793483
Lipscomb,0.0017500875043752189
North Ala.,0
North Florida,0.003150157507875394
Stetson,0
