team,freq
Austin Peay,0.005035246727089627
Bellarmine,0
Central Ark.,0
Eastern Ky.,0.05236656596173212
FGCU,0.2215508559919436
Jacksonville,0.04934541792547835
Lipscomb,0.5538771399798591
North Ala.,0.08862034239677744
North Florida,0.02920443101711984
Queens (NC),0
Stetson,0
West Ga.,0
