team,freq
Austin Peay,0
Bellarmine,0
Central Ark.,0
Eastern Ky.,0.05829145728643216
FGCU,0.007035175879396985
Jacksonville,0.003015075376884422
Jacksonville St.,0.0020100502512562816
Kennesaw St.,0.21809045226130652
Liberty,0.6582914572864322
Lipscomb,0.01306532663316583
North Ala.,0
North Florida,0
Queens (NC),0
Stetson,0.04020100502512563
