team,freq
Bellarmine,0
Central Ark.,0
Eastern Ky.,0.014492753623188406
FGCU,0.014492753623188406
Jacksonville,0.053830227743271224
Jacksonville St.,0.2929606625258799
Kennesaw St.,0.014492753623188406
Liberty,0.5859213250517598
Lipscomb,0.006211180124223603
North Ala.,0
North Florida,0
Stetson,0.017598343685300208
