team,freq
Austin Peay,0.00404040404040404
Bellarmine,0
Central Ark.,0
Eastern Ky.,0.02727272727272727
FGCU,0.049494949494949494
Jacksonville,0.021212121212121213
Lipscomb,0.5818181818181818
North Ala.,0.31313131313131315
North Florida,0.0030303030303030303
Queens (NC),0
Stetson,0
West Ga.,0
