team,freq
Austin Peay,0.009054325955734405
Bellarmine,0
Central Ark.,0
Eastern Ky.,0.03621730382293762
FGCU,0.176056338028169
Jacksonville,0.04225352112676057
Lipscomb,0.5553319919517103
North Ala.,0.09054325955734406
North Florida,0.09054325955734406
Queens (NC),0
Stetson,0
West Ga.,0
