team,freq
Austin Peay,0.017064846416382253
Bellarmine,0
Central Ark.,0
Eastern Ky.,0.2025028441410694
FGCU,0.06598407281001138
Jacksonville,0.012514220705346985
Kennesaw St.,0.14903299203640502
Lipscomb,0.4243458475540387
North Ala.,0.06825938566552901
North Florida,0.0011376564277588168
Queens (NC),0
Stetson,0.05915813424345847
