team,freq
Austin Peay,0
Bellarmine,0
Central Ark.,0
Eastern Ky.,0.045135406218655964
FGCU,0.12337011033099297
Jacksonville,0.026078234704112337
Jacksonville St.,0
Kennesaw St.,0.0481444332998997
Liberty,0.6439317953861585
Lipscomb,0.0160481444332999
North Ala.,0
North Florida,0
Queens (NC),0
Stetson,0.09729187562688064
