team,freq
Austin Peay,0.004410143329658214
Bellarmine,0
Central Ark.,0
Eastern Ky.,0.023153252480705624
FGCU,0.2932745314222712
Jacksonville,0.17199558985667032
Jacksonville St.,0.08710033076074972
Kennesaw St.,0.0330760749724366
Liberty,0.3572216097023153
Lipscomb,0.017640573318632856
North Ala.,0
North Florida,0.006615214994487321
Queens (NC),0
Stetson,0.005512679162072767
