team,freq
Austin Peay,0.0010395010395010393
Bellarmine,0
Central Ark.,0
Eastern Ky.,0.009355509355509354
FGCU,0.10395010395010394
Jacksonville,0.05509355509355509
Lipscomb,0.6985446985446986
North Ala.,0.12785862785862784
North Florida,0.004158004158004157
Queens (NC),0
Stetson,0
West Ga.,0
