team,freq
Bellarmine,0
Central Ark.,0
Eastern Ky.,0.005482456140350878
FGCU,0.013157894736842106
Jacksonville,0.03728070175438597
Jacksonville St.,0.4506578947368421
Kennesaw St.,0.015350877192982457
Liberty,0.4758771929824562
Lipscomb,0.0010964912280701756
North Ala.,0
North Florida,0
Stetson,0.0010964912280701756
