team,freq
Austin Peay,0.05426356589147287
Bellarmine,0
Central Ark.,0
Eastern Ky.,0.05167958656330749
FGCU,0.3746770025839793
Jacksonville,0.2583979328165375
Kennesaw St.,0.09819121447028423
Lipscomb,0.025839793281653745
North Ala.,0.02325581395348837
North Florida,0
Queens (NC),0
Stetson,0.11369509043927647
