team,freq
Bellarmine,0
Central Ark.,0
Eastern Ky.,0.014877789585547292
FGCU,0.01275239107332625
Jacksonville,0.022316684378320937
Jacksonville St.,0.27205100956429334
Kennesaw St.,0.031880977683315624
Liberty,0.6376195536663124
Lipscomb,0.0010626992561105209
North Ala.,0
North Florida,0.0010626992561105209
Stetson,0.006376195536663125
