team,freq
Austin Peay,0.02643171806167401
Bellarmine,0
Central Ark.,0
Eastern Ky.,0.21145374449339208
FGCU,0.07048458149779735
Jacksonville,0.006607929515418502
Kennesaw St.,0.14537444933920704
Lipscomb,0.4118942731277533
North Ala.,0.06938325991189427
North Florida,0
Queens (NC),0
Stetson,0.05837004405286343
