team,freq
Austin Peay,0.07351460221550855
Bellarmine,0
Central Ark.,0
Eastern Ky.,0.3021148036253776
FGCU,0.02014098690835851
Jacksonville,0.0010070493454179255
Kennesaw St.,0.012084592145015106
Lipscomb,0.19133937562940584
North Ala.,0.0634441087613293
North Florida,0.06847935548841894
Queens (NC),0
Stetson,0.2678751258811682
