team,freq
Austin Peay,0.0010152284263959391
Bellarmine,0
Central Ark.,0
Eastern Ky.,0.026395939086294416
FGCU,0.21116751269035533
Jacksonville,0.05482233502538071
Jacksonville St.,0
Kennesaw St.,0.04060913705583757
Liberty,0.6172588832487309
Lipscomb,0.006091370558375634
North Ala.,0
North Florida,0.0020304568527918783
Queens (NC),0
Stetson,0.04060913705583757
