team,freq
Austin Peay,0.11688311688311688
Bellarmine,0
Central Ark.,0
Eastern Ky.,0.08348794063079777
FGCU,0.01484230055658627
Jacksonville,0.10389610389610389
Kennesaw St.,0.3654916512059369
Lipscomb,0.06307977736549165
North Ala.,0.09276437847866419
North Florida,0.012987012987012986
Queens (NC),0
Stetson,0.14656771799628943
