team,freq
Austin Peay,0.07177033492822966
Bellarmine,0
Central Ark.,0.002392344497607656
Eastern Ky.,0.08373205741626795
FGCU,0.17464114832535885
Jacksonville,0.0645933014354067
Kennesaw St.,0.30861244019138756
Lipscomb,0.09330143540669857
North Ala.,0.05502392344497608
North Florida,0.002392344497607656
Queens (NC),0
Stetson,0.14354066985645933
