team,freq
Bellarmine,0
Central Ark.,0
Eastern Ky.,0.00521376433785193
FGCU,0.013555787278415015
Jacksonville,0.01042752867570386
Jacksonville St.,0.30552659019812306
Kennesaw St.,0.053180396246089674
Liberty,0.6058394160583942
Lipscomb,0.0020855057351407717
North Ala.,0
North Florida,0.0010427528675703858
Stetson,0.0031282586027111575
