team,freq
Austin Peay,0.002004008016032064
Bellarmine,0
Central Ark.,0
Eastern Ky.,0.05911823647294589
FGCU,0.06513026052104208
Jacksonville,0.038076152304609215
Jacksonville St.,0
Kennesaw St.,0.07314629258517033
Liberty,0.6693386773547094
Lipscomb,0.02004008016032064
North Ala.,0
North Florida,0
Queens (NC),0
Stetson,0.07314629258517033
