team,freq
Bellarmine,0
Central Ark.,0
Eastern Ky.,0.008177570093457945
FGCU,0.028037383177570093
Jacksonville,0.08411214953271028
Jacksonville St.,0.23364485981308414
Kennesaw St.,0.019859813084112152
Liberty,0.6156542056074766
Lipscomb,0
North Ala.,0
North Florida,0.007009345794392523
Stetson,0.0035046728971962616
