team,freq
Austin Peay,0.0030241935483870967
Bellarmine,0
Central Ark.,0
Eastern Ky.,0.02520161290322581
FGCU,0.21370967741935484
Jacksonville,0.04133064516129033
Jacksonville St.,0
Kennesaw St.,0.04032258064516129
Liberty,0.6350806451612904
Lipscomb,0.004032258064516129
North Ala.,0
North Florida,0.0020161290322580645
Queens (NC),0
Stetson,0.03528225806451613
