team,freq
Austin Peay,0.008859357696566999
Bellarmine,0
Central Ark.,0.0022148394241417496
Eastern Ky.,0.031007751937984496
FGCU,0.1627906976744186
Jacksonville,0.12846068660022147
Jacksonville St.,0.23034330011074194
Kennesaw St.,0.04318936877076412
Liberty,0.3709856035437431
Lipscomb,0.008859357696566999
North Ala.,0
North Florida,0.0011074197120708748
Queens (NC),0
Stetson,0.012181616832779622
