team,freq
Bellarmine,0
Central Ark.,0
Eastern Ky.,0.005341880341880342
FGCU,0.030982905982905984
Jacksonville,0.007478632478632478
Jacksonville St.,0.33547008547008544
Kennesaw St.,0.047008547008547
Liberty,0.5715811965811965
Lipscomb,0.0021367521367521365
North Ala.,0
North Florida,0
Stetson,0
