team,freq
Austin Peay,0
Bellarmine,0
Central Ark.,0
Eastern Ky.,0.0010427528675703858
FGCU,0.08342022940563087
Jacksonville,0.06256517205422316
Lipscomb,0.7705943691345152
North Ala.,0.07507820646506777
North Florida,0.007299270072992701
Queens (NC),0
Stetson,0
West Ga.,0
