team,freq
Austin Peay,0
Bellarmine,0
Central Ark.,0
Eastern Ky.,0.035246727089627394
FGCU,0.019133937562940583
Jacksonville,0.006042296072507553
Jacksonville St.,0
Kennesaw St.,0.10976837865055387
Liberty,0.7824773413897281
Lipscomb,0.018126888217522657
North Ala.,0
North Florida,0
Queens (NC),0
Stetson,0.02920443101711984
