team,freq
Austin Peay,0
Bellarmine,0
Central Ark.,0.0012285012285012287
Eastern Ky.,0.10196560196560198
FGCU,0.25307125307125306
Jacksonville,0.08230958230958232
Jacksonville St.,0.3083538083538084
Kennesaw St.,0.0343980343980344
Liberty,0.1891891891891892
Lipscomb,0.00982800982800983
North Ala.,0
North Florida,0.007371007371007371
Queens (NC),0
Stetson,0.012285012285012286
