team,freq
Austin Peay,0.0020325203252032522
Bellarmine,0
Central Ark.,0
Eastern Ky.,0.01016260162601626
FGCU,0.2601626016260163
Jacksonville,0.06097560975609756
Jacksonville St.,0.006097560975609756
Kennesaw St.,0.023373983739837397
Liberty,0.6199186991869918
Lipscomb,0.00508130081300813
North Ala.,0
North Florida,0.0020325203252032522
Queens (NC),0
Stetson,0.01016260162601626
