team,freq
Bellarmine,0
Central Ark.,0
Eastern Ky.,0.00526131182041389
FGCU,0.043142756927393895
Jacksonville,0.14731673097158893
Jacksonville St.,0.32374605401613465
Kennesaw St.,0.021396001403016483
Liberty,0.45177130831287265
Lipscomb,0.0028060329708874078
North Ala.,0
North Florida,0.003156787092248334
Stetson,0.0014030164854437039
