team,freq
Austin Peay,0.04522613065326633
Bellarmine,0.0010050251256281408
Central Ark.,0
Eastern Ky.,0.05829145728643216
FGCU,0.2271356783919598
Jacksonville,0.12964824120603016
Lipscomb,0.35678391959798994
North Ala.,0.11959798994974874
North Florida,0.062311557788944726
Queens (NC),0
Stetson,0
West Ga.,0
