team,freq
Austin Peay,0
Bellarmine,0
Central Ark.,0
Eastern Ky.,0.048289738430583505
FGCU,0.008048289738430584
Jacksonville,0.001006036217303823
Jacksonville St.,0
Kennesaw St.,0.1529175050301811
Liberty,0.7374245472837022
Lipscomb,0.014084507042253521
North Ala.,0
North Florida,0
Queens (NC),0
Stetson,0.03822937625754527
