team,freq
Austin Peay,0.0020304568527918783
Bellarmine,0
Central Ark.,0
Eastern Ky.,0.015228426395939085
FGCU,0.20304568527918784
Jacksonville,0.048730964467005075
Jacksonville St.,0
Kennesaw St.,0.03857868020304568
Liberty,0.6497461928934011
Lipscomb,0.006091370558375634
North Ala.,0
North Florida,0.0020304568527918783
Queens (NC),0
Stetson,0.03451776649746193
