team,freq
Austin Peay,0
Bellarmine,0
Central Ark.,0
Eastern Ky.,0.07708779443254817
FGCU,0.14453961456102785
Jacksonville,0.12312633832976445
Jacksonville St.,0.2184154175588865
Kennesaw St.,0.0728051391862955
Liberty,0.33940042826552463
Lipscomb,0.016059957173447537
North Ala.,0
North Florida,0.0010706638115631692
Queens (NC),0
Stetson,0.0074946466809421835
