team,freq
Austin Peay,0.040160642570281124
Bellarmine,0
Central Ark.,0
Eastern Ky.,0.23293172690763053
FGCU,0.025100401606425703
Jacksonville,0.0010040160642570282
Kennesaw St.,0.04417670682730923
Lipscomb,0.285140562248996
North Ala.,0.04919678714859438
North Florida,0.13855421686746988
Queens (NC),0
Stetson,0.18373493975903615
