team,freq
Bellarmine,0
Central Ark.,0.0010989010989010991
Eastern Ky.,0.006593406593406594
FGCU,0.014285714285714287
Jacksonville,0.03516483516483517
Jacksonville St.,0.29780219780219785
Kennesaw St.,0.018681318681318684
Liberty,0.6241758241758242
Lipscomb,0
North Ala.,0
North Florida,0.0010989010989010991
Stetson,0.0010989010989010991
