team,freq
Bellarmine,0
Central Ark.,0
Eastern Ky.,0.008456659619450317
FGCU,0.016913319238900635
Jacksonville,0.056025369978858354
Jacksonville St.,0.3107822410147992
Kennesaw St.,0.04756871035940803
Liberty,0.5517970401691332
Lipscomb,0.0031712473572938693
North Ala.,0
North Florida,0
Stetson,0.005285412262156448
