team,freq
Austin Peay,0.0958627648839556
Bellarmine,0
Central Ark.,0
Eastern Ky.,0.09081735620585267
FGCU,0.03128153380423814
Jacksonville,0.0020181634712411706
Kennesaw St.,0.1664984863773966
Lipscomb,0.3834510595358224
North Ala.,0.021190716448032294
North Florida,0.004036326942482341
Queens (NC),0
Stetson,0.20484359233097882
