team,freq
Bellarmine,0
Central Ark.,0.0010660980810234541
Eastern Ky.,0.00746268656716418
FGCU,0.03304904051172708
Jacksonville,0.051172707889125806
Jacksonville St.,0.24840085287846483
Kennesaw St.,0.02771855010660981
Liberty,0.6300639658848615
Lipscomb,0
North Ala.,0
North Florida,0.0010660980810234541
Stetson,0
