team,freq
Austin Peay,0.04275534441805225
Bellarmine,0
Central Ark.,0
Eastern Ky.,0.06413301662707839
FGCU,0.15439429928741094
Jacksonville,0.06888361045130642
Kennesaw St.,0.32541567695962
Lipscomb,0.10688836104513064
North Ala.,0.07838479809976248
North Florida,0.011876484560570073
Queens (NC),0
Stetson,0.14726840855106887
