team,freq
Austin Peay,0
Bellarmine,0
Central Ark.,0
Eastern Ky.,0.0531062124248497
FGCU,0.00501002004008016
Jacksonville,0.002004008016032064
Jacksonville St.,0
Kennesaw St.,0.1442885771543086
Liberty,0.7264529058116233
Lipscomb,0.025050100200400802
North Ala.,0
North Florida,0.002004008016032064
Queens (NC),0
Stetson,0.04208416833667335
