team,freq
Austin Peay,0
Bellarmine,0
Central Ark.,0
Eastern Ky.,0.057851239669421496
FGCU,0.08953168044077135
Jacksonville,0.1418732782369146
Jacksonville St.,0.19972451790633608
Kennesaw St.,0.03856749311294766
Liberty,0.3650137741046832
Lipscomb,0.011019283746556474
North Ala.,0
North Florida,0
Queens (NC),0
Stetson,0.09641873278236916
