team,freq
Cincinnati,0.012333333333333333
East Carolina,3.333333333333333e-4
Houston,0.6776666666666666
Memphis,0.16633333333333333
SMU,0.07933333333333334
South Fla.,0
Temple,0.008
Tulane,0.029666666666666668
Tulsa,6.666666666666666e-4
UCF,0.008333333333333333
Wichita St.,0.017333333333333333
