team,freq
Cincinnati,0.063
East Carolina,0
Houston,0.7373333333333333
Memphis,0.11366666666666667
SMU,6.666666666666666e-4
South Fla.,0.002
Temple,0.004333333333333333
Tulane,0.01633333333333333
Tulsa,0
UCF,0.04733333333333333
Wichita St.,0.015333333333333332
