team,freq
Cincinnati,0.014
East Carolina,0
Houston,0.672
Memphis,0.16833333333333333
SMU,0.102
South Fla.,0
Temple,0.008333333333333333
Tulane,0.023333333333333334
Tulsa,0.002
UCF,0.01
Wichita St.,0
