team,freq
Cincinnati,0.06366666666666668
East Carolina,0
Houston,0.7373333333333334
Memphis,0.11333333333333334
SMU,6.666666666666668e-4
South Fla.,0.001666666666666667
Temple,0.004666666666666668
Tulane,0.016333333333333335
Tulsa,0
UCF,0.04700000000000001
Wichita St.,0.015333333333333334
