team,freq
Cincinnati,0.064
East Carolina,0
Houston,0.745
Memphis,0.10666666666666667
SMU,0
South Fla.,0
Temple,0.004
Tulane,0.015666666666666666
Tulsa,0
UCF,0.04933333333333333
Wichita St.,0.015333333333333332
