team,freq
Boston College,0
Clemson,0.009000000000000001
Duke,0.5630000000000001
Florida St.,0.004000000000000001
Georgia Tech,0
Louisville,0.0020000000000000005
Miami (FL),0.037000000000000005
NC State,0.0010000000000000002
North Carolina,0.09600000000000002
Notre Dame,0.08000000000000002
Pittsburgh,0
Syracuse,0.010000000000000002
Virginia,0.023000000000000003
Virginia Tech,0.07100000000000001
Wake Forest,0.10400000000000001
