team,freq
Boston College,0
California,0
Clemson,0.07100000000000001
Duke,0.8200000000000001
Florida St.,0
Georgia Tech,0
Louisville,0.07100000000000001
Miami (FL),0
NC State,0
North Carolina,0.004000000000000001
Notre Dame,0.0020000000000000005
Pittsburgh,0.007000000000000001
SMU,0.024000000000000004
Stanford,0
Syracuse,0
Virginia,0
Virginia Tech,0
Wake Forest,0.0010000000000000002
