team,freq
Boston College,0.0013333333333333333
Clemson,0.103
Duke,0.23433333333333334
Florida St.,0
Georgia Tech,6.666666666666666e-4
Louisville,0
Miami (FL),0.196
NC State,0.091
North Carolina,0.10966666666666666
Notre Dame,3.333333333333333e-4
Pittsburgh,0.073
Syracuse,0.004666666666666667
Virginia,0.13766666666666666
Virginia Tech,0.026333333333333334
Wake Forest,0.022
