team,freq
Boston College,0.0013333333333333333
Clemson,0.10333333333333333
Duke,0.23433333333333334
Florida St.,0
Georgia Tech,0.001
Louisville,0
Miami (FL),0.19633333333333333
NC State,0.091
North Carolina,0.10966666666666666
Notre Dame,3.333333333333333e-4
Pittsburgh,0.07266666666666667
Syracuse,0.004666666666666667
Virginia,0.13733333333333334
Virginia Tech,0.026
Wake Forest,0.022
