team,freq
Boston College,0.0010000000000000002
Clemson,0.009000000000000001
Duke,0.5650000000000001
Florida St.,0
Georgia Tech,0.0010000000000000002
Louisville,0.0010000000000000002
Miami (FL),0.05700000000000001
NC State,0
North Carolina,0.06700000000000002
Notre Dame,0.06300000000000001
Pittsburgh,0
Syracuse,0.020000000000000004
Virginia,0.023000000000000003
Virginia Tech,0.08700000000000001
Wake Forest,0.10600000000000001
