team,freq
Boston College,0.0010000000000000002
Clemson,0.0010000000000000002
Duke,0.6890000000000001
Florida St.,0
Georgia Tech,0
Louisville,0
Miami (FL),0.045000000000000005
NC State,0
North Carolina,0.053000000000000005
Notre Dame,0.043000000000000003
Pittsburgh,0
Syracuse,0.028000000000000004
Virginia,0.037000000000000005
Virginia Tech,0.059000000000000004
Wake Forest,0.044000000000000004
