team,freq
Albany (NY),0.013
Binghamton,0.008
Hartford,0.019333333333333334
Maine,0
New Hampshire,0.047
NJIT,0.0013333333333333333
Stony Brook,0
UMass Lowell,0.014333333333333333
UMBC,0.05433333333333333
Vermont,0.8426666666666667
