team,freq
Albany (NY),0.024793388429752063
Binghamton,0.018595041322314047
Hartford,0.012396694214876032
Maine,0
New Hampshire,0.02995867768595041
NJIT,0
Stony Brook,0
UMass Lowell,0.008264462809917356
UMBC,0.07644628099173553
Vermont,0.8295454545454545
