team,freq
Albany (NY),0.012711864406779662
Binghamton,0.021186440677966104
Hartford,0.0031779661016949155
Maine,0
New Hampshire,0.024364406779661018
NJIT,0
Stony Brook,0
UMass Lowell,0.007415254237288136
UMBC,0.06991525423728814
Vermont,0.861228813559322
