team,freq
Albany (NY),0.017634854771784236
Binghamton,0.012448132780082988
Hartford,0.002074688796680498
Maine,0
New Hampshire,0.012448132780082988
NJIT,0.006224066390041494
Stony Brook,0
UMass Lowell,0.004149377593360996
UMBC,0.07883817427385892
Vermont,0.8661825726141079
