team,freq
Binghamton,0.005
Bryant,0.049666666666666665
Maine,0.005333333333333333
NJIT,0.0016666666666666668
New Hampshire,0.014
UAlbany,0
UMBC,0.047
UMass Lowell,0.29533333333333334
Vermont,0.582
