team,freq
Albany (NY),0.02171664943123061
Binghamton,0.009307135470527403
Hartford,0.013443640124095138
Maine,0
New Hampshire,0.02275077559462254
NJIT,0
Stony Brook,0
UMass Lowell,0.012409513960703205
UMBC,0.09927611168562564
Vermont,0.8210961737331954
