team,freq
Albany (NY),0.03668763102725367
Binghamton,0.015723270440251572
Hartford,0.0020964360587002093
Maine,0
New Hampshire,0.02725366876310272
NJIT,0.0010482180293501047
Stony Brook,0
UMass Lowell,0.009433962264150941
UMBC,0.09958071278825995
Vermont,0.8081761006289307
