team,freq
Albany (NY),0.02947368421052632
Binghamton,0.009473684210526315
Hartford,0.01473684210526316
Maine,0
New Hampshire,0.011578947368421053
NJIT,0.002105263157894737
Stony Brook,0
UMass Lowell,0.00736842105263158
UMBC,0.05473684210526316
Vermont,0.8705263157894737
