team,freq
Albany (NY),0.031217481789802284
Binghamton,0.012486992715920915
Hartford,0.01873048907388137
Maine,0
New Hampshire,0.036420395421436005
NJIT,0
Stony Brook,0
UMass Lowell,0.0072840790842872
UMBC,0.08116545265348594
Vermont,0.8126951092611863
