team,freq
Albany (NY),0.024665981500513877
Binghamton,0.006166495375128469
Hartford,0.007194244604316547
Maine,0
New Hampshire,0.02774922918807811
NJIT,0
Stony Brook,0
UMass Lowell,0.0051387461459403904
UMBC,0.07194244604316548
Vermont,0.8571428571428571
