team,freq
Albany (NY),0.0235042735042735
Binghamton,0.020299145299145296
Hartford,0.007478632478632478
Maine,0
New Hampshire,0.03205128205128205
NJIT,0
Stony Brook,0
UMass Lowell,0.009615384615384614
UMBC,0.05555555555555555
Vermont,0.8514957264957265
