team,freq
Albany (NY),0.01894736842105263
Binghamton,0.012631578947368423
Hartford,0.005263157894736843
Maine,0
New Hampshire,0.02
NJIT,0
Stony Brook,0
UMass Lowell,0.02736842105263158
UMBC,0.049473684210526316
Vermont,0.8663157894736842
