team,freq
Albany (NY),0.022269353128313893
Binghamton,0.007423117709437964
Hartford,0.012725344644750794
Maine,0
New Hampshire,0.020148462354188757
NJIT,0.0021208907741251323
Stony Brook,0
UMass Lowell,0.01696712619300106
UMBC,0.05938494167550371
Vermont,0.8589607635206787
