team,freq
Albany (NY),0.03336809176225235
Binghamton,0.01251303441084463
Hartford,0.009384775808133471
Maine,0
New Hampshire,0.021897810218978103
NJIT,0.0020855057351407717
Stony Brook,0
UMass Lowell,0.00521376433785193
UMBC,0.06047966631908238
Vermont,0.8550573514077163
