team,freq
Binghamton,0.004000000000000001
Bryant,0.5770000000000001
Maine,0.29200000000000004
NJIT,0
New Hampshire,0
UAlbany,0.018000000000000002
UMBC,0.04200000000000001
UMass Lowell,0.052000000000000005
Vermont,0.015000000000000001
