team,freq
Albany (NY),0.029075804776739354
Binghamton,0.018691588785046728
Hartford,0.003115264797507788
Maine,0
New Hampshire,0.016614745586708203
NJIT,0.0020768431983385254
Stony Brook,0
UMass Lowell,0.010384215991692626
UMBC,0.08203530633437175
Vermont,0.838006230529595
