team,freq
Illinois,0.06533333333333333
Indiana,0.141
Iowa,0.053
Maryland,0.106
Michigan,0.021666666666666667
Michigan St.,0.11666666666666667
Minnesota,0
Nebraska,0.001
Northwestern,0.08333333333333333
Ohio St.,0.010333333333333333
Penn St.,0.025333333333333333
Purdue,0.33266666666666667
Rutgers,0.04033333333333333
Wisconsin,0.0033333333333333335
