team,freq
Cal Poly,0
Cal St. Fullerton,0.07344064386317907
CSU Bakersfield,0.002012072434607646
CSUN,0
Hawaii,0.17404426559356134
Long Beach St.,0.05331991951710261
UC Davis,0.047283702213279676
UC Irvine,0.27364185110663986
UC Riverside,0.09456740442655935
UC San Diego,0
UC Santa Barbara,0.28169014084507044
