team,freq
Baylor,0.35116044399596363
Iowa St.,0.01715438950554995
Kansas,0.277497477295661
Kansas St.,0.006054490413723512
Oklahoma,0.012108980827447024
Oklahoma St.,0
TCU,0.020181634712411706
Texas,0.10191725529767912
Texas Tech,0.20887991927346114
West Virginia,0.005045408678102927
