team,freq
Cal Poly,0.001006036217303823
Cal St. Fullerton,0.10160965794768613
CSU Bakersfield,0.01710261569416499
CSUN,0.001006036217303823
Hawaii,0.02012072434607646
Long Beach St.,0.12374245472837023
UC Davis,0.07344064386317907
UC Irvine,0.35311871227364183
UC Riverside,0.14486921529175048
UC San Diego,0
UC Santa Barbara,0.16398390342052316
