team,freq
Baylor,0.41379310344827586
Iowa St.,0.02636916835699797
Kansas,0.3184584178498986
Kansas St.,0.004056795131845842
Oklahoma,0.02332657200811359
Oklahoma St.,0
TCU,0.0010141987829614604
Texas,0.08113590263691683
Texas Tech,0.11460446247464504
West Virginia,0.017241379310344827
