team,freq
CSU Bakersfield,0.001002004008016032
CSUN,0
Cal Poly,0
Cal St. Fullerton,0.14929859719438876
Hawaii,0.11222444889779559
Long Beach St.,0.0811623246492986
UC Davis,0.07615230460921843
UC Irvine,0.342685370741483
UC Riverside,0.09418837675350701
UC San Diego,0
UC Santa Barbara,0.14328657314629256
