team,freq
Cal Poly,0
Cal St. Fullerton,0.17334669338677353
CSU Bakersfield,0.025050100200400802
CSUN,0
Hawaii,0.07915831663326653
Long Beach St.,0.11322645290581163
UC Davis,0.09519038076152304
UC Irvine,0.2915831663326653
UC Riverside,0.05911823647294589
UC San Diego,0
UC Santa Barbara,0.16332665330661322
