team,freq
Cal Poly,0.001002004008016032
Cal St. Fullerton,0.09018036072144288
CSU Bakersfield,0
CSUN,0
Hawaii,0.1442885771543086
Long Beach St.,0.07414829659318636
UC Davis,0.05110220440881763
UC Irvine,0.26452905811623245
UC Riverside,0.11523046092184369
UC San Diego,0
UC Santa Barbara,0.2595190380761523
