team,freq
Campbell,0.077
Charleston So.,6.666666666666666e-4
Gardner-Webb,0.206
Hampton,0
High Point,0.058
Longwood,0.3626666666666667
N.C. A&T,0.02266666666666667
Presbyterian,0
Radford,0
UNC Asheville,0
USC Upstate,0.050333333333333334
Winthrop,0.22266666666666668
