team,freq
CSU Bakersfield,0.06179196704428424
CSUN,0.27085478887744596
Cal Poly,0.008238928939237899
Cal St. Fullerton,0.010298661174047374
Hawaii,0.14418125643666324
Long Beach St.,0.029866117404737387
UC Davis,0.05664263645726056
UC Irvine,0.32234809474768283
UC Riverside,0.037075180226570546
UC San Diego,0
UC Santa Barbara,0.05870236869207004
