team,freq
Campbell,0.03866666666666667
Charleston So.,0
Gardner-Webb,0.22166666666666668
Hampton,0.0013333333333333333
High Point,0.03866666666666667
Longwood,0.2866666666666667
N.C. A&T,0.009666666666666667
Presbyterian,0.007666666666666666
Radford,0.012333333333333333
UNC Asheville,0.12866666666666668
USC Upstate,0.02666666666666667
Winthrop,0.228
