team,freq
Baylor,0.35736040609137054
Iowa St.,0.008121827411167513
Kansas,0.27817258883248736
Kansas St.,0.008121827411167513
Oklahoma,0.017258883248730966
Oklahoma St.,0
TCU,0.014213197969543147
Texas,0.10050761421319798
Texas Tech,0.21015228426395938
West Virginia,0.006091370558375634
