team,freq
Cal Poly,0
Cal St. Fullerton,0.10121457489878544
CSU Bakersfield,0.0931174089068826
CSUN,0
Hawaii,0.12651821862348178
Long Beach St.,0.008097165991902834
UC Davis,0.06275303643724696
UC Irvine,0.4139676113360324
UC Riverside,0.14068825910931176
UC San Diego,0
UC Santa Barbara,0.053643724696356275
