team,freq
Baylor,0.4301507537688442
Iowa St.,0.022110552763819093
Kansas,0.31758793969849247
Kansas St.,0
Oklahoma,0.024120603015075376
Oklahoma St.,0
TCU,0.005025125628140704
Texas,0.08944723618090451
Texas Tech,0.10653266331658291
West Virginia,0.005025125628140704
