team,freq
Campbell,0.042333333333333334
Charleston So.,0
Gardner-Webb,0.20666666666666667
Hampton,0.001
High Point,0.035333333333333335
Longwood,0.29633333333333334
N.C. A&T,0.007333333333333333
Presbyterian,0.007333333333333333
Radford,0.014
UNC Asheville,0.12866666666666668
USC Upstate,0.029666666666666668
Winthrop,0.23133333333333334
