team,freq
CSU Bakersfield,0.0061881188118811875
CSUN,0.018564356435643563
Cal Poly,0
Cal St. Fullerton,0.011138613861386136
Hawaii,0.0495049504950495
Long Beach St.,0.05198019801980198
UC Davis,0.15099009900990099
UC Irvine,0.6522277227722773
UC Riverside,0.0037128712871287127
UC San Diego,0
UC Santa Barbara,0.05569306930693069
