team,freq
CSU Bakersfield,0.008620689655172414
CSUN,0.009852216748768473
Cal Poly,0
Cal St. Fullerton,0.009852216748768473
Hawaii,0.06157635467980296
Long Beach St.,0.04556650246305418
UC Davis,0.11576354679802955
UC Irvine,0.6798029556650247
UC Riverside,0.006157635467980295
UC San Diego,0
UC Santa Barbara,0.06280788177339901
