team,freq
Cal Poly,0
Cal St. Fullerton,0.09264853977844914
CSU Bakersfield,0.05639476334340383
CSUN,0
Hawaii,0.03726082578046324
Long Beach St.,0.007049345417925478
UC Davis,0.04028197381671702
UC Irvine,0.4561933534743203
UC Riverside,0.12185297079556898
UC San Diego,0
UC Santa Barbara,0.18831822759315206
