team,freq
Baylor,0.4492462311557789
Iowa St.,0.02613065326633166
Kansas,0.2703517587939699
Kansas St.,0.0020100502512562816
Oklahoma,0.01909547738693467
Oklahoma St.,0
TCU,0.008040201005025126
Texas,0.08241206030150754
Texas Tech,0.13969849246231156
West Virginia,0.003015075376884422
