team,freq
Cal Poly,0.0020060180541624875
Cal St. Fullerton,0.09127382146439318
CSU Bakersfield,0.0010030090270812437
CSUN,0
Hawaii,0.160481444332999
Long Beach St.,0.058174523570712136
UC Davis,0.06318956870611836
UC Irvine,0.3069207622868606
UC Riverside,0.09127382146439318
UC San Diego,0
UC Santa Barbara,0.22567703109327986
