team,freq
Campbell,0.034666666666666665
Charleston So.,0.011
Gardner-Webb,0.14166666666666666
High Point,0.004333333333333333
Longwood,0.25033333333333335
Presbyterian,3.333333333333333e-4
Radford,0.171
UNC Asheville,0.299
USC Upstate,0.03266666666666666
Winthrop,0.055
