team,freq
Cal Poly,0
Cal St. Fullerton,0.22132796780684105
CSU Bakersfield,0.013078470824949697
CSUN,0
Hawaii,0.08350100603621731
Long Beach St.,0.14486921529175048
UC Davis,0.051307847082494966
UC Irvine,0.25251509054325955
UC Riverside,0.06338028169014084
UC San Diego,0
UC Santa Barbara,0.17002012072434608
