team,freq
Baylor,0.30666666666666664
Iowa St.,0.019666666666666666
Kansas,0.302
Kansas St.,0.006
Oklahoma,0.02666666666666667
Oklahoma St.,0
TCU,0.023333333333333334
Texas,0.11666666666666667
Texas Tech,0.197
West Virginia,0.002
