team,freq
Cal Poly,0
Cal St. Fullerton,0.14530776992936426
CSU Bakersfield,0.020181634712411706
CSUN,0.0010090817356205853
Hawaii,0.18264379414732593
Long Beach St.,0.03128153380423814
UC Davis,0.04339051463168516
UC Irvine,0.3602421796165489
UC Riverside,0.1644803229061554
UC San Diego,0
UC Santa Barbara,0.051463168516649845
