team,freq
Cal Poly,0.0060790273556231
Cal St. Fullerton,0.1519756838905775
CSU Bakersfield,0.015197568389057751
CSUN,0.005065856129685917
Hawaii,0.10840932117527863
Long Beach St.,0.14994934143870314
UC Davis,0.03951367781155015
UC Irvine,0.160081053698075
UC Riverside,0.06788247213779129
UC San Diego,0
UC Santa Barbara,0.2958459979736575
