team,freq
Cal Poly,0.002012072434607646
Cal St. Fullerton,0.06338028169014084
CSU Bakersfield,0.003018108651911469
CSUN,0
Hawaii,0.14788732394366197
Long Beach St.,0.08450704225352114
UC Davis,0.05432595573440644
UC Irvine,0.31287726358148893
UC Riverside,0.06539235412474849
UC San Diego,0
UC Santa Barbara,0.2665995975855131
