team,freq
Cal Poly,0
Cal St. Fullerton,0.13218970736629668
CSU Bakersfield,0.025227043390514632
CSUN,0
Hawaii,0.23007063572149344
Long Beach St.,0.05751765893037336
UC Davis,0.05953582240161453
UC Irvine,0.2896064581231079
UC Riverside,0.14631685166498484
UC San Diego,0
UC Santa Barbara,0.05953582240161453
