team,freq
Cal Poly,0.0020060180541624875
Cal St. Fullerton,0.08425275827482448
CSU Bakersfield,0.006018054162487463
CSUN,0
Hawaii,0.16349047141424272
Long Beach St.,0.06519558676028084
UC Davis,0.04312938816449348
UC Irvine,0.29989969909729186
UC Riverside,0.0732196589769308
UC San Diego,0
UC Santa Barbara,0.26278836509528586
