team,freq
Baylor,0.3225480283114257
Iowa St.,0.014155712841253791
Kansas,0.30030333670374115
Kansas St.,0.010111223458038422
Oklahoma,0.014155712841253791
Oklahoma St.,0
TCU,0.008088978766430738
Texas,0.10819009100101112
Texas Tech,0.21941354903943378
West Virginia,0.003033367037411527
