team,freq
Illinois,0.06466666666666666
Indiana,0.12833333333333333
Iowa,0.05366666666666667
Maryland,0.106
Michigan,0.021666666666666667
Michigan St.,0.11366666666666667
Minnesota,0
Nebraska,0.001
Northwestern,0.099
Ohio St.,0.011
Penn St.,0.024333333333333332
Purdue,0.332
Rutgers,0.041
Wisconsin,0.0036666666666666666
