team,freq
Cal Poly,0.007021063189568706
Cal St. Fullerton,0.062186559679037114
CSU Bakersfield,0.0050150451354062184
CSUN,0
Hawaii,0.16349047141424272
Long Beach St.,0.12738214643931794
UC Davis,0.04312938816449348
UC Irvine,0.27181544633901705
UC Riverside,0.09829488465396188
UC San Diego,0
UC Santa Barbara,0.22166499498495487
