team,freq
Cal Poly,0
Cal St. Fullerton,0.13004032258064516
CSU Bakersfield,0.0010080645161290322
CSUN,0
Hawaii,0.13306451612903228
Long Beach St.,0.17338709677419353
UC Davis,0.03326612903225807
UC Irvine,0.27923387096774194
UC Riverside,0.06653225806451614
UC San Diego,0
UC Santa Barbara,0.18346774193548387
