team,freq
Cal Poly,0.019019019019019017
Cal St. Fullerton,0.07007007007007007
CSU Bakersfield,0.009009009009009009
CSUN,0
Hawaii,0.09309309309309309
Long Beach St.,0.13513513513513514
UC Davis,0.05805805805805806
UC Irvine,0.35735735735735735
UC Riverside,0.062062062062062065
UC San Diego,0
UC Santa Barbara,0.19619619619619622
