team,freq
Cal Poly,0.001002004008016032
Cal St. Fullerton,0.1062124248496994
CSU Bakersfield,0.002004008016032064
CSUN,0.001002004008016032
Hawaii,0.15230460921843686
Long Beach St.,0.052104208416833664
UC Davis,0.07615230460921843
UC Irvine,0.24448897795591182
UC Riverside,0.06913827655310621
UC San Diego,0
UC Santa Barbara,0.2955911823647294
