team,freq
Baylor,0.4391480730223124
Iowa St.,0.015212981744421906
Kansas,0.2991886409736308
Kansas St.,0.006085192697768763
Oklahoma,0.019269776876267748
Oklahoma St.,0
TCU,0.005070993914807302
Texas,0.08012170385395538
Texas Tech,0.12880324543610547
West Virginia,0.007099391480730223
