team,freq
Cal Poly,0.002012072434607646
Cal St. Fullerton,0.08249496981891348
CSU Bakersfield,0
CSUN,0.001006036217303823
Hawaii,0.17303822937625754
Long Beach St.,0.04929577464788733
UC Davis,0.04627766599597585
UC Irvine,0.2696177062374246
UC Riverside,0.08752515090543259
UC San Diego,0
UC Santa Barbara,0.2887323943661972
