team,freq
CSU Bakersfield,0.06237218813905931
CSUN,0.3895705521472393
Cal Poly,0.0081799591002045
Cal St. Fullerton,0.012269938650306749
Hawaii,0.10940695296523517
Long Beach St.,0.028629856850715747
UC Davis,0.03987730061349693
UC Irvine,0.2668711656441718
UC Riverside,0.026584867075664622
UC San Diego,0
UC Santa Barbara,0.056237218813905934
