team,freq
CSU Bakersfield,0
CSUN,0
Cal Poly,0
Cal St. Fullerton,0.11167002012072434
Hawaii,0.113682092555332
Long Beach St.,0.06338028169014084
UC Davis,0.05734406438631791
UC Irvine,0.28973843058350096
UC Riverside,0.07243460764587524
UC San Diego,0
UC Santa Barbara,0.2917505030181086
