team,freq
Cal Poly,0
Cal St. Fullerton,0.12854251012145748
CSU Bakersfield,0.0010121457489878543
CSUN,0.0010121457489878543
Hawaii,0.1174089068825911
Long Beach St.,0.18319838056680163
UC Davis,0.03744939271255061
UC Irvine,0.22064777327935223
UC Riverside,0.11437246963562754
UC San Diego,0
UC Santa Barbara,0.19635627530364375
