team,freq
Baylor,0.34004024144869216
Iowa St.,0.007042253521126761
Kansas,0.306841046277666
Kansas St.,0.003018108651911469
Oklahoma,0.019114688128772636
Oklahoma St.,0
TCU,0.008048289738430584
Texas,0.1317907444668008
Texas Tech,0.17505030181086517
West Virginia,0.009054325955734405
