team,freq
Cal Poly,0.0010040160642570282
Cal St. Fullerton,0.12650602409638553
CSU Bakersfield,0.0020080321285140565
CSUN,0
Hawaii,0.14156626506024095
Long Beach St.,0.19176706827309237
UC Davis,0.030120481927710843
UC Irvine,0.2761044176706828
UC Riverside,0.06726907630522089
UC San Diego,0
UC Santa Barbara,0.1636546184738956
