team,freq
CSU Bakersfield,0
CSUN,0.001001001001001001
Cal Poly,0
Cal St. Fullerton,0.1001001001001001
Hawaii,0.07407407407407407
Long Beach St.,0.07607607607607607
UC Davis,0.07307307307307306
UC Irvine,0.35935935935935936
UC Riverside,0.08608608608608607
UC San Diego,0
UC Santa Barbara,0.23023023023023023
