team,freq
Baylor,0.3373737373737374
Iowa St.,0.01818181818181818
Kansas,0.29797979797979796
Kansas St.,0.006060606060606061
Oklahoma,0.00808080808080808
Oklahoma St.,0
TCU,0.023232323232323233
Texas,0.10505050505050505
Texas Tech,0.20202020202020204
West Virginia,0.00202020202020202
