team,freq
Cal Poly,0.003006012024048096
Cal St. Fullerton,0.05911823647294589
CSU Bakersfield,0.03907815631262525
CSUN,0.003006012024048096
Hawaii,0.11422845691382766
Long Beach St.,0.10020040080160321
UC Davis,0.04909819639278557
UC Irvine,0.4158316633266533
UC Riverside,0.06913827655310621
UC San Diego,0
UC Santa Barbara,0.1472945891783567
