team,freq
CSU Bakersfield,0.002277904328018223
CSUN,0.07403189066059225
Cal Poly,0
Cal St. Fullerton,0.0193621867881549
Hawaii,0.11275626423690205
Long Beach St.,0.09225512528473805
UC Davis,0.07630979498861049
UC Irvine,0.570615034168565
UC Riverside,0.009111617312072893
UC San Diego,0
UC Santa Barbara,0.04328018223234624
