team,freq
Campbell,0.034333333333333334
Charleston So.,0.011
Gardner-Webb,0.14066666666666666
High Point,0.004333333333333333
Longwood,0.24933333333333332
Presbyterian,3.333333333333333e-4
Radford,0.17166666666666666
UNC Asheville,0.302
USC Upstate,0.03233333333333333
Winthrop,0.054
