team,freq
Cal Poly,0.001002004008016032
Cal St. Fullerton,0.11422845691382766
CSU Bakersfield,0
CSUN,0.002004008016032064
Hawaii,0.21643286573146292
Long Beach St.,0.18937875751503006
UC Davis,0.019038076152304607
UC Irvine,0.21342685370741482
UC Riverside,0.04909819639278557
UC San Diego,0
UC Santa Barbara,0.19539078156312625
