team,freq
Cal Poly,0
Cal St. Fullerton,0.12373225152129817
CSU Bakersfield,0
CSUN,0
Hawaii,0.2150101419878296
Long Beach St.,0.18356997971602435
UC Davis,0.02738336713995943
UC Irvine,0.2261663286004057
UC Riverside,0.055780933062880324
UC San Diego,0
UC Santa Barbara,0.16835699797160245
