team,freq
Cal Poly,0.00907258064516129
Cal St. Fullerton,0.0967741935483871
CSU Bakersfield,0.007056451612903226
CSUN,0.0010080645161290322
Hawaii,0.14616935483870966
Long Beach St.,0.10282258064516128
UC Davis,0.08669354838709677
UC Irvine,0.3326612903225807
UC Riverside,0.05342741935483871
UC San Diego,0
UC Santa Barbara,0.16431451612903228
