team,freq
Baylor,0.4346076458752515
Iowa St.,0.03118712273641851
Kansas,0.27364185110663986
Kansas St.,0.004024144869215292
Oklahoma,0.023138832997987926
Oklahoma St.,0
TCU,0.006036217303822938
Texas,0.09456740442655935
Texas Tech,0.12776659959758552
West Virginia,0.005030181086519115
