team,freq
Cal Poly,0.0010040160642570282
Cal St. Fullerton,0.06626506024096386
CSU Bakersfield,0.0020080321285140565
CSUN,0.0010040160642570282
Hawaii,0.16164658634538154
Long Beach St.,0.08835341365461846
UC Davis,0.03714859437751004
UC Irvine,0.28614457831325296
UC Riverside,0.06425702811244981
UC San Diego,0
UC Santa Barbara,0.29216867469879515
