team,freq
Baylor,0.29292929292929293
Iowa St.,0.01616161616161616
Kansas,0.31414141414141417
Kansas St.,0.006060606060606061
Oklahoma,0.010101010101010102
Oklahoma St.,0
TCU,0.00808080808080808
Texas,0.11212121212121212
Texas Tech,0.23939393939393938
West Virginia,0.00101010101010101
