team,freq
Cal Poly,0
Cal St. Fullerton,0.19176706827309237
CSU Bakersfield,0.03413654618473896
CSUN,0
Hawaii,0.22991967871485944
Long Beach St.,0.0783132530120482
UC Davis,0.02710843373493976
UC Irvine,0.2580321285140562
UC Riverside,0.09538152610441768
UC San Diego,0
UC Santa Barbara,0.0853413654618474
