team,freq
Cal Poly,0.005050505050505051
Cal St. Fullerton,0.05757575757575758
CSU Bakersfield,0.00101010101010101
CSUN,0.00101010101010101
Hawaii,0.14444444444444443
Long Beach St.,0.09898989898989899
UC Davis,0.049494949494949494
UC Irvine,0.28888888888888886
UC Riverside,0.11919191919191918
UC San Diego,0
UC Santa Barbara,0.23434343434343435
