team,freq
Baylor,0.3225480283114257
Iowa St.,0.015166835187057633
Kansas,0.29828109201213343
Kansas St.,0.010111223458038422
Oklahoma,0.008088978766430738
Oklahoma St.,0
TCU,0.015166835187057633
Texas,0.11324570273003033
Texas Tech,0.20930232558139533
West Virginia,0.008088978766430738
