team,freq
Baylor,0.13166666666666665
Iowa St.,0.08066666666666666
Kansas,0.21
Kansas St.,0.10433333333333333
Oklahoma,0.011
Oklahoma St.,0.015
TCU,0.101
Texas,0.2836666666666667
Texas Tech,0.013333333333333334
West Virginia,0.04933333333333333
