team,freq
Baylor,0.32862903225806456
Iowa St.,0.013104838709677418
Kansas,0.3215725806451613
Kansas St.,0.005040322580645161
Oklahoma,0.022177419354838707
Oklahoma St.,0
TCU,0.014112903225806451
Texas,0.125
Texas Tech,0.16733870967741937
West Virginia,0.0030241935483870967
