team,freq
Cal Poly,0.005060728744939271
Cal St. Fullerton,0.06376518218623482
CSU Bakersfield,0.004048582995951417
CSUN,0.0010121457489878543
Hawaii,0.1214574898785425
Long Beach St.,0.14979757085020243
UC Davis,0.03744939271255061
UC Irvine,0.3026315789473684
UC Riverside,0.11032388663967611
UC San Diego,0
UC Santa Barbara,0.20445344129554657
