team,freq
Cal Poly,0
Cal St. Fullerton,0.15602836879432624
CSU Bakersfield,0.02330293819655522
CSUN,0
Hawaii,0.2198581560283688
Long Beach St.,0.10233029381965553
UC Davis,0.013171225937183383
UC Irvine,0.270516717325228
UC Riverside,0.13880445795339413
UC San Diego,0
UC Santa Barbara,0.07598784194528875
