team,freq
Cal Poly,0.0030090270812437314
Cal St. Fullerton,0.06318956870611836
CSU Bakersfield,0.004012036108324975
CSUN,0.0020060180541624875
Hawaii,0.13139418254764293
Long Beach St.,0.1394182547642929
UC Davis,0.03510531594784353
UC Irvine,0.2788365095285858
UC Riverside,0.10130391173520563
UC San Diego,0
UC Santa Barbara,0.24172517552657974
