team,freq
CSU Bakersfield,0.014986376021798364
CSUN,0.009536784741144414
Cal Poly,0
Cal St. Fullerton,0.012261580381471389
Hawaii,0.05994550408719346
Long Beach St.,0.0681198910081744
UC Davis,0.06403269754768393
UC Irvine,0.726158038147139
UC Riverside,0.008174386920980927
UC San Diego,0
UC Santa Barbara,0.03678474114441417
