team,freq
CSU Bakersfield,0.003181336161187699
CSUN,0.042417815482502653
Cal Poly,0
Cal St. Fullerton,0.022269353128313893
Hawaii,0.09968186638388124
Long Beach St.,0.10816542948038176
UC Davis,0.03923647932131495
UC Irvine,0.6171792152704135
UC Riverside,0.027571580063626724
UC San Diego,0
UC Santa Barbara,0.04029692470837752
