team,freq
Baylor,0.39476334340382674
Iowa St.,0.02819738167170191
Kansas,0.2719033232628399
Kansas St.,0.003021148036253776
Oklahoma,0.011077542799597178
Oklahoma St.,0
TCU,0.017119838872104734
Texas,0.06747230614300101
Texas Tech,0.20140986908358507
West Virginia,0.005035246727089627
