team,freq
Cal Poly,0.0030120481927710845
Cal St. Fullerton,0.06526104417670683
CSU Bakersfield,0
CSUN,0.0010040160642570282
Hawaii,0.15562248995983935
Long Beach St.,0.050200803212851405
UC Davis,0.05421686746987952
UC Irvine,0.28413654618473894
UC Riverside,0.10341365461847389
UC San Diego,0
UC Santa Barbara,0.2831325301204819
