team,freq
Cal Poly,0.00101010101010101
Cal St. Fullerton,0.15151515151515152
CSU Bakersfield,0.0030303030303030303
CSUN,0
Hawaii,0.14848484848484847
Long Beach St.,0.17070707070707072
UC Davis,0.025252525252525256
UC Irvine,0.3151515151515151
UC Riverside,0.0686868686868687
UC San Diego,0
UC Santa Barbara,0.11616161616161617
