team,freq
Baylor,0.2871690427698574
Iowa St.,0.01629327902240326
Kansas,0.33401221995926683
Kansas St.,0.009164969450101833
Oklahoma,0.004073319755600815
Oklahoma St.,0
TCU,0.007128309572301426
Texas,0.10488798370672098
Texas Tech,0.23217922606924646
West Virginia,0.0050916496945010185
