team,freq
Illinois,0.06433333333333334
Indiana,0.12866666666666668
Iowa,0.05333333333333334
Maryland,0.10633333333333334
Michigan,0.021666666666666667
Michigan St.,0.115
Minnesota,0
Nebraska,0.001
Northwestern,0.099
Ohio St.,0.010666666666666666
Penn St.,0.024
Purdue,0.33166666666666667
Rutgers,0.041
Wisconsin,0.0033333333333333335
