team,freq
CSU Bakersfield,0.001001001001001001
CSUN,0
Cal Poly,0
Cal St. Fullerton,0.1041041041041041
Hawaii,0.08908908908908908
Long Beach St.,0.08708708708708708
UC Davis,0.062062062062062065
UC Irvine,0.36436436436436437
UC Riverside,0.07707707707707707
UC San Diego,0
UC Santa Barbara,0.21521521521521522
