team,freq
Baylor,0.33566666666666667
Iowa St.,0.013
Kansas,0.3016666666666667
Kansas St.,0.006
Oklahoma,0.02266666666666667
Oklahoma St.,0
TCU,0.022333333333333334
Texas,0.1
Texas Tech,0.19633333333333333
West Virginia,0.0023333333333333335
