team,freq
Cal Poly,0.001006036217303823
Cal St. Fullerton,0.10663983903420522
CSU Bakersfield,0.001006036217303823
CSUN,0
Hawaii,0.176056338028169
Long Beach St.,0.17002012072434608
UC Davis,0.029175050301810865
UC Irvine,0.26458752515090544
UC Riverside,0.06740442655935615
UC San Diego,0
UC Santa Barbara,0.18410462776659958
