team,freq
CSU Bakersfield,0.019021739130434784
CSUN,0.008152173913043478
Cal Poly,0
Cal St. Fullerton,0.008152173913043478
Hawaii,0.06929347826086957
Long Beach St.,0.07201086956521739
UC Davis,0.06385869565217392
UC Irvine,0.7133152173913044
UC Riverside,0.017663043478260868
UC San Diego,0
UC Santa Barbara,0.028532608695652176
