team,freq
Eastern Wash.,0.289
Idaho,0.0026666666666666666
Idaho St.,0.017333333333333333
Montana,0.17766666666666667
Montana St.,0.325
Northern Ariz.,0.021
Northern Colo.,0.023
Portland St.,0.010333333333333333
Sacramento St.,0.04933333333333333
Weber St.,0.08466666666666667
