team,freq
Campbell,0.034666666666666665
Charleston So.,3.333333333333333e-4
Gardner-Webb,0.22166666666666668
Hampton,0.001
High Point,0.033
Longwood,0.3006666666666667
N.C. A&T,0.005666666666666667
Presbyterian,0.006666666666666667
Radford,0.009
UNC Asheville,0.122
USC Upstate,0.024333333333333332
Winthrop,0.241
