team,freq
Baylor,0.5362173038229376
Iowa St.,0.006036217303822938
Kansas,0.3038229376257545
Kansas St.,0.002012072434607646
Oklahoma,0.022132796780684104
Oklahoma St.,0
TCU,0.003018108651911469
Texas,0.05533199195171026
Texas Tech,0.04627766599597585
West Virginia,0.025150905432595575
