team,freq
Baylor,0.3084780388151175
Iowa St.,0.013278855975485188
Kansas,0.34831460674157305
Kansas St.,0.007150153217568948
Oklahoma,0.007150153217568948
Oklahoma St.,0
TCU,0.010214504596527068
Texas,0.1031664964249234
Texas Tech,0.19918283963227784
West Virginia,0.003064351378958121
