team,freq
CSU Bakersfield,0.003667481662591687
CSUN,0.04400977995110024
Cal Poly,0
Cal St. Fullerton,0.008557457212713936
Hawaii,0.06723716381418092
Long Beach St.,0.06723716381418092
UC Davis,0.12713936430317846
UC Irvine,0.6405867970660146
UC Riverside,0.008557457212713936
UC San Diego,0
UC Santa Barbara,0.03300733496332518
