team,freq
Baylor,0.31987891019172554
Iowa St.,0.008072653884964682
Kansas,0.2875882946518668
Kansas St.,0.008072653884964682
Oklahoma,0.028254288597376387
Oklahoma St.,0
TCU,0.005045408678102927
Texas,0.12108980827447023
Texas Tech,0.21695257315842584
West Virginia,0.005045408678102927
