team,freq
Illinois,0.19666666666666666
Indiana,0.01633333333333333
Iowa,0.246
Maryland,0.008
Michigan,0.037333333333333336
Michigan St.,0.03266666666666666
Minnesota,0
Nebraska,0
Northwestern,0.005666666666666667
Ohio St.,0.05733333333333333
Penn St.,0.002
Purdue,0.309
Rutgers,0.017
Wisconsin,0.072
