team,freq
CSU Bakersfield,0.003018108651911469
CSUN,0
Cal Poly,0
Cal St. Fullerton,0.15593561368209255
Hawaii,0.09054325955734406
Long Beach St.,0.07042253521126761
UC Davis,0.09054325955734406
UC Irvine,0.25955734406438635
UC Riverside,0.14285714285714285
UC San Diego,0
UC Santa Barbara,0.18712273641851107
