team,freq
Baylor,0.45252525252525255
Iowa St.,0.021212121212121213
Kansas,0.28484848484848485
Kansas St.,0.007070707070707071
Oklahoma,0.02222222222222222
Oklahoma St.,0
TCU,0.005050505050505051
Texas,0.05959595959595959
Texas Tech,0.14242424242424243
West Virginia,0.005050505050505051
