team,freq
Baylor,0.30303030303030304
Iowa St.,0.017171717171717175
Kansas,0.305050505050505
Kansas St.,0.006060606060606061
Oklahoma,0.012121212121212121
Oklahoma St.,0
TCU,0.013131313131313131
Texas,0.11313131313131314
Texas Tech,0.22323232323232323
West Virginia,0.007070707070707071
