team,freq
CSU Bakersfield,0.0034403669724770644
CSUN,0.059633027522935776
Cal Poly,0
Cal St. Fullerton,0.013761467889908258
Hawaii,0.09977064220183486
Long Beach St.,0.11353211009174312
UC Davis,0.0974770642201835
UC Irvine,0.5630733944954128
UC Riverside,0.009174311926605505
UC San Diego,0
UC Santa Barbara,0.040137614678899085
