team,freq
Cal Poly,0.01001001001001001
Cal St. Fullerton,0.07307307307307306
CSU Bakersfield,0.013013013013013013
CSUN,0.001001001001001001
Hawaii,0.08408408408408409
Long Beach St.,0.12712712712712712
UC Davis,0.05905905905905905
UC Irvine,0.35035035035035034
UC Riverside,0.09109109109109109
UC San Diego,0
UC Santa Barbara,0.19119119119119118
