team,freq
CSU Bakersfield,0.0050200803212851405
CSUN,0.0010040160642570282
Cal Poly,0
Cal St. Fullerton,0.13353413654618473
Hawaii,0.11445783132530121
Long Beach St.,0.07329317269076305
UC Davis,0.06224899598393574
UC Irvine,0.3614457831325301
UC Riverside,0.0753012048192771
UC San Diego,0
UC Santa Barbara,0.17369477911646586
