team,freq
Cal Poly,0.0010090817356205853
Cal St. Fullerton,0.09182643794147326
CSU Bakersfield,0.06458123107971746
CSUN,0.003027245206861756
Hawaii,0.0484359233097881
Long Beach St.,0.003027245206861756
UC Davis,0.03128153380423814
UC Irvine,0.47628657921291623
UC Riverside,0.1170534813319879
UC San Diego,0
UC Santa Barbara,0.16347124117053483
