team,freq
Cal Poly,0
Cal St. Fullerton,0.10666666666666666
CSU Bakersfield,0.08512820512820514
CSUN,0.0041025641025641026
Hawaii,0.13128205128205128
Long Beach St.,0.00923076923076923
UC Davis,0.06051282051282051
UC Irvine,0.37435897435897436
UC Riverside,0.16923076923076924
UC San Diego,0
UC Santa Barbara,0.05948717948717949
