team,freq
Cal Poly,0.0010080645161290322
Cal St. Fullerton,0.1471774193548387
CSU Bakersfield,0.004032258064516129
CSUN,0
Hawaii,0.12096774193548386
Long Beach St.,0.18044354838709678
UC Davis,0.02520161290322581
UC Irvine,0.3024193548387097
UC Riverside,0.08568548387096775
UC San Diego,0
UC Santa Barbara,0.13306451612903228
