team,freq
Cal Poly,0.007049345417925478
Cal St. Fullerton,0.050352467270896276
CSU Bakersfield,0
CSUN,0
Hawaii,0.17321248741188316
Long Beach St.,0.07452165156092648
UC Davis,0.05337361530715005
UC Irvine,0.2900302114803625
UC Riverside,0.0986908358509567
UC San Diego,0
UC Santa Barbara,0.2527693856998993
