team,freq
Illinois,0.11300000000000002
Indiana,0.07100000000000001
Iowa,0.043000000000000003
Maryland,0.031000000000000003
Michigan,0.015000000000000001
Michigan St.,0.015000000000000001
Minnesota,0
Nebraska,0.0020000000000000005
Northwestern,0.015000000000000001
Ohio St.,0.28200000000000003
Penn St.,0.018000000000000002
Purdue,0.28300000000000003
Rutgers,0.08600000000000001
Wisconsin,0.026000000000000002
