team,freq
CSU Bakersfield,0.0011534025374855825
CSUN,0.058823529411764705
Cal Poly,0
Cal St. Fullerton,0.012687427912341407
Hawaii,0.1118800461361015
Long Beach St.,0.11995386389850057
UC Davis,0.0922722029988466
UC Irvine,0.5501730103806228
UC Riverside,0.010380622837370242
UC San Diego,0
UC Santa Barbara,0.04267589388696655
