team,freq
Cal Poly,0.0010050251256281408
Cal St. Fullerton,0.054271356783919596
CSU Bakersfield,0.004020100502512563
CSUN,0.0010050251256281408
Hawaii,0.01909547738693467
Long Beach St.,0.207035175879397
UC Davis,0.1185929648241206
UC Irvine,0.16783919597989952
UC Riverside,0.3185929648241206
UC San Diego,0
UC Santa Barbara,0.10854271356783919
