team,freq
Cal Poly,0
Cal St. Fullerton,0.125
CSU Bakersfield,0.0030241935483870967
CSUN,0
Hawaii,0.22379032258064516
Long Beach St.,0.1905241935483871
UC Davis,0.028225806451612902
UC Irvine,0.22983870967741937
UC Riverside,0.06149193548387097
UC San Diego,0
UC Santa Barbara,0.13810483870967744
