team,freq
CSU Bakersfield,0.009375
CSUN,0.0010416666666666667
Cal Poly,0.0010416666666666667
Cal St. Fullerton,0.05729166666666667
Hawaii,0.19791666666666669
Long Beach St.,0.16145833333333334
UC Davis,0.09791666666666667
UC Irvine,0.37083333333333335
UC Riverside,0.03333333333333333
UC San Diego,0
UC Santa Barbara,0.06979166666666667
