team,freq
CSU Bakersfield,0.0026666666666666666
CSUN,0.001
Cal Poly,3.333333333333333e-4
Cal St. Fullerton,0.14166666666666666
Hawaii,0.09966666666666667
Long Beach St.,0.06266666666666666
UC Davis,0.09366666666666666
UC Irvine,0.29433333333333334
UC Riverside,0.088
UC San Diego,0
UC Santa Barbara,0.216
