team,freq
CSU Bakersfield,0.004410143329658214
CSUN,0.13891951488423374
Cal Poly,0.015435501653803748
Cal St. Fullerton,0.002205071664829107
Hawaii,0.14773980154355018
Long Beach St.,0.057331863285556776
UC Davis,0.07166482910694598
UC Irvine,0.36163175303197354
UC Riverside,0.14884233737596472
UC San Diego,0
UC Santa Barbara,0.05181918412348401
