team,freq
Cal Poly,0.0020100502512562816
Cal St. Fullerton,0.07939698492462312
CSU Bakersfield,0.0020100502512562816
CSUN,0
Hawaii,0.15376884422110554
Long Beach St.,0.08040201005025126
UC Davis,0.062311557788944726
UC Irvine,0.2693467336683417
UC Riverside,0.0814070351758794
UC San Diego,0
UC Santa Barbara,0.2693467336683417
