team,freq
Butler,0.005
Creighton,0.042333333333333334
DePaul,0
Georgetown,0
Marquette,0.11666666666666667
Providence,0.163
Seton Hall,0.07066666666666667
St. John's (NY),0.03666666666666667
UConn,0.18
Villanova,0.38566666666666666
Xavier,0
