team,freq
Cal Poly,0
Cal St. Fullerton,0.11833333333333333
CSU Bakersfield,0.013333333333333334
CSUN,0
Hawaii,0.134
Long Beach St.,0.192
UC Davis,0.05433333333333333
UC Irvine,0.19933333333333333
UC Riverside,0.10666666666666667
UC San Diego,0
UC Santa Barbara,0.182
