team,freq
Cal Poly,0
Cal St. Fullerton,0.12474645030425964
CSU Bakersfield,0.021298174442190673
CSUN,0
Hawaii,0.21906693711967545
Long Beach St.,0.05780933062880325
UC Davis,0.04462474645030426
UC Irvine,0.3265720081135903
UC Riverside,0.14705882352941177
UC San Diego,0
UC Santa Barbara,0.05882352941176471
