team,freq
Baylor,0.4513540621865597
Iowa St.,0.02106318956870612
Kansas,0.2296890672016048
Kansas St.,0.0030090270812437314
Oklahoma,0.033099297893681046
Oklahoma St.,0
TCU,0.011033099297893681
Texas,0.08525576730190572
Texas Tech,0.16349047141424272
West Virginia,0.0020060180541624875
