team,freq
Baylor,0.31376518218623484
Iowa St.,0.016194331983805668
Kansas,0.3097165991902834
Kansas St.,0.010121457489878543
Oklahoma,0.00708502024291498
Oklahoma St.,0
TCU,0.006072874493927126
Texas,0.09716599190283401
Texas Tech,0.23279352226720648
West Virginia,0.00708502024291498
