team,freq
Cal Poly,0
Cal St. Fullerton,0.12212212212212212
CSU Bakersfield,0.06006006006006006
CSUN,0
Hawaii,0.12512512512512514
Long Beach St.,0.17817817817817816
UC Davis,0.08308308308308308
UC Irvine,0.2782782782782783
UC Riverside,0.018018018018018018
UC San Diego,0
UC Santa Barbara,0.13513513513513514
