team,freq
CSU Bakersfield,0.0087527352297593
CSUN,0.40371991247264766
Cal Poly,0.005470459518599562
Cal St. Fullerton,0.010940919037199124
Hawaii,0.0437636761487965
Long Beach St.,0.024070021881838072
UC Davis,0.13129102844638948
UC Irvine,0.26805251641137856
UC Riverside,0.044857768052516414
UC San Diego,0
UC Santa Barbara,0.05908096280087527
