team,freq
CSU Bakersfield,0.005457025920873124
CSUN,0.012278308321964528
Cal Poly,0
Cal St. Fullerton,0.017735334242837655
Hawaii,0.03547066848567531
Long Beach St.,0.04638472032742156
UC Davis,0.09004092769440655
UC Irvine,0.6821282401091405
UC Riverside,0.0068212824010914054
UC San Diego,0
UC Santa Barbara,0.10368349249658936
