team,freq
CSU Bakersfield,0.010568031704095112
CSUN,0.011889035667107
Cal Poly,0
Cal St. Fullerton,0.011889035667107
Hawaii,0.07529722589167767
Long Beach St.,0.06869220607661823
UC Davis,0.08058124174372523
UC Irvine,0.6882430647291942
UC Riverside,0.0066050198150594455
UC San Diego,0
UC Santa Barbara,0.04623513870541612
