team,freq
Cal Poly,0
Cal St. Fullerton,0.11379657603222558
CSU Bakersfield,0.0010070493454179255
CSUN,0.0010070493454179255
Hawaii,0.12487411883182276
Long Beach St.,0.2215508559919436
UC Davis,0.035246727089627394
UC Irvine,0.2749244712990937
UC Riverside,0.07049345417925479
UC San Diego,0
UC Santa Barbara,0.15709969788519637
