team,freq
Cal Poly,0
Cal St. Fullerton,0.11301715438950555
CSU Bakersfield,0.04742684157416751
CSUN,0
Hawaii,0.051463168516649845
Long Beach St.,0.005045408678102927
UC Davis,0.036326942482341064
UC Irvine,0.47628657921291623
UC Riverside,0.1231079717457114
UC San Diego,0
UC Santa Barbara,0.14732593340060543
