team,freq
Cal Poly,0.003006012024048096
Cal St. Fullerton,0.050100200400801605
CSU Bakersfield,0.004008016032064128
CSUN,0
Hawaii,0.16132264529058116
Long Beach St.,0.09218436873747494
UC Davis,0.056112224448897796
UC Irvine,0.2865731462925851
UC Riverside,0.10420841683366733
UC San Diego,0
UC Santa Barbara,0.24248496993987975
