team,freq
Illinois,0.21600000000000003
Indiana,0.0020000000000000005
Iowa,0.019000000000000003
Maryland,0.0030000000000000005
Michigan,0
Michigan St.,0.09100000000000001
Minnesota,0.009000000000000001
Nebraska,0.04100000000000001
Northwestern,0.017000000000000005
Ohio St.,0.008000000000000002
Penn St.,0.0010000000000000002
Purdue,0.5630000000000001
Rutgers,0.0020000000000000005
Wisconsin,0.028000000000000004
