team,freq
Baylor,0.5172764227642277
Iowa St.,0.01016260162601626
Kansas,0.25609756097560976
Kansas St.,0.0020325203252032522
Oklahoma,0.04878048780487805
Oklahoma St.,0
TCU,0.0020325203252032522
Texas,0.059959349593495935
Texas Tech,0.08333333333333334
West Virginia,0.02032520325203252
