team,freq
CSU Bakersfield,0.0028985507246376816
CSUN,0.011594202898550727
Cal Poly,0
Cal St. Fullerton,0.007246376811594204
Hawaii,0.030434782608695657
Long Beach St.,0.05652173913043479
UC Davis,0.11449275362318842
UC Irvine,0.6927536231884058
UC Riverside,0.007246376811594204
UC San Diego,0
UC Santa Barbara,0.07681159420289856
