team,freq
Charlotte,0
FIU,0
Fla. Atlantic,0.5276666666666667
Louisiana Tech,0
Middle Tenn.,0.04100000000000001
North Texas,0.2066666666666667
Rice,0
UAB,0.22466666666666668
UTEP,0
UTSA,0
Western Ky.,0
