team,freq
Charlotte,0.006666666666666667
FIU,3.333333333333333e-4
Fla. Atlantic,0.026333333333333334
Louisiana Tech,0.09866666666666667
Marshall,0
Middle Tenn.,0.09533333333333334
North Texas,0.341
Old Dominion,0.006666666666666667
Rice,0.0013333333333333333
Southern Miss.,0
UAB,0.3526666666666667
UTEP,0.01633333333333333
UTSA,0
Western Ky.,0.05466666666666667
