team,freq
Charlotte,0.036
FIU,3.333333333333333e-4
Fla. Atlantic,0.484
Louisiana Tech,0.006333333333333333
Middle Tenn.,0.032
North Texas,0.19633333333333333
Rice,0.0036666666666666666
UAB,0.237
UTEP,0.0023333333333333335
UTSA,0
Western Ky.,0.002
