team,freq
Col. of Charleston,0.0465587044534413
Delaware,0.0819838056680162
Drexel,0.08603238866396762
Elon,0.005060728744939271
Hofstra,0.2631578947368421
James Madison,0
Northeastern,0.0020242914979757085
Towson,0.4797570850202429
UNCW,0.0354251012145749
William & Mary,0
