team,freq
Col. of Charleston,0.06466666666666668
Delaware,0.054000000000000006
Drexel,0.07033333333333334
Elon,0.017333333333333336
Hofstra,0.16333333333333336
James Madison,0
Northeastern,0.005000000000000001
Towson,0.5640000000000001
UNCW,0.06133333333333334
William & Mary,0
