team,freq
Col. of Charleston,0.07033333333333333
Delaware,0.05333333333333334
Drexel,0.07166666666666667
Elon,0.013666666666666667
Hofstra,0.17133333333333334
James Madison,0
Northeastern,0.006333333333333333
Towson,0.5506666666666666
UNCW,0.06266666666666666
William & Mary,0
