team,freq
Col. of Charleston,0.04056795131845842
Delaware,0.0872210953346856
Drexel,0.10040567951318459
Elon,0.0010141987829614604
Hofstra,0.28093306288032455
James Madison,0
Northeastern,0
Towson,0.42596348884381335
UNCW,0.06389452332657201
William & Mary,0
