team,freq
Col. of Charleston,0.538
Delaware,0.005
Drexel,0.024666666666666667
Elon,3.333333333333333e-4
Hampton,0
Hofstra,0.31866666666666665
Monmouth,0
N.C. A&T,0.0013333333333333333
Northeastern,6.666666666666666e-4
Stony Brook,0
Towson,0.072
UNCW,0.039
William & Mary,3.333333333333333e-4
