team,freq
Col. of Charleston,0.08135942327497425
Delaware,0.08444902162718847
Drexel,0.09783728115345006
Elon,0.004119464469618949
Hofstra,0.2584963954685891
James Madison,0
Northeastern,0.005149330587023687
Towson,0.4067971163748713
UNCW,0.06179196704428424
William & Mary,0
