team,freq
Col. of Charleston,0.081
Delaware,0.05466666666666667
Drexel,0.06266666666666666
Elon,0.01633333333333333
Hofstra,0.17266666666666666
James Madison,0
Northeastern,0.0023333333333333335
Towson,0.5493333333333333
UNCW,0.061
William & Mary,0
