team,freq
Col. of Charleston,0.07233333333333333
Delaware,0.049
Drexel,0.073
Elon,0.015333333333333332
Hofstra,0.162
James Madison,0
Northeastern,0.0033333333333333335
Towson,0.5566666666666666
UNCW,0.06833333333333333
William & Mary,0
