team,freq
Col. of Charleston,0.07433333333333333
Delaware,0.05366666666666667
Drexel,0.07766666666666666
Elon,0.011
Hofstra,0.16633333333333333
James Madison,0
Northeastern,0.0036666666666666666
Towson,0.552
UNCW,0.061
William & Mary,3.333333333333333e-4
