team,freq
Col. of Charleston,0.07621009268795056
Delaware,0.08856848609680741
Drexel,0.10092687950566427
Elon,0.016477857878475798
Hofstra,0.23480947476828015
James Madison,0
Northeastern,0.005149330587023687
Towson,0.41606591143151395
UNCW,0.06179196704428424
William & Mary,0
