team,freq
Col. of Charleston,0.06180344478216818
Delaware,0.07396149949341438
Drexel,0.09523809523809523
Elon,0.0060790273556231
Hofstra,0.1884498480243161
James Madison,0
Northeastern,0.005065856129685917
Towson,0.5116514690982776
UNCW,0.057750759878419454
William & Mary,0
