team,freq
Col. of Charleston,0.03767820773930754
Delaware,0.07942973523421588
Drexel,0.08961303462321792
Elon,0.004073319755600815
Hofstra,0.2759674134419552
James Madison,0
Northeastern,0.0050916496945010185
Towson,0.47454175152749495
UNCW,0.03360488798370672
William & Mary,0
