team,freq
Col. of Charleston,0.08601036269430053
Delaware,0.10673575129533679
Drexel,0.11191709844559586
Elon,0.011398963730569948
Hofstra,0.2300518134715026
James Madison,0
Northeastern,0.0051813471502590676
Towson,0.3844559585492228
UNCW,0.06424870466321243
William & Mary,0
