team,freq
Col. of Charleston,0.06795131845841786
Delaware,0.060851926977687626
Drexel,0.0872210953346856
Elon,0.0030425963488843813
Hofstra,0.1511156186612576
James Madison,0
Northeastern,0.002028397565922921
Towson,0.5537525354969575
UNCW,0.0740365111561866
William & Mary,0
