team,freq
Cleveland St.,0.337
Detroit Mercy,0.040666666666666663
Green Bay,3.333333333333333e-4
IUPUI,0
Milwaukee,0
Northern Ky.,0.178
Oakland,0.11433333333333333
Purdue Fort Wayne,0.17566666666666667
Robert Morris,0
UIC,0.007666666666666666
Wright St.,0.126
Youngstown St.,0.020333333333333332
