team,freq
Cleveland St.,0.16066666666666668
Detroit Mercy,0.028333333333333332
Green Bay,0
IUPUI,0
Milwaukee,0.06966666666666667
Northern Ky.,0.15
Oakland,0.007333333333333333
Purdue Fort Wayne,0
Robert Morris,0.021333333333333333
Wright St.,0.08033333333333334
Youngstown St.,0.48233333333333334
