team,freq
Brown,0.0672
Columbia,2e-4
Cornell,0.024399999999999998
Dartmouth,0.01
Harvard,0.3344
Penn,0.0438
Princeton,0.22220000000000004
Yale,0.2978
