team,freq
Brown,0.0123
Columbia,0
Cornell,0.0747
Dartmouth,0.0027999999999999995
Harvard,0.0227
Penn,0.1569
Princeton,0.43799999999999994
Yale,0.2926
