team,freq
Brown,0.052000000000000005
Columbia,0.09800000000000002
Cornell,0.07200000000000001
Dartmouth,0
Harvard,0.024000000000000004
Penn,0.0020000000000000005
Princeton,0.28300000000000003
Yale,0.46900000000000003
