team,freq
Brown,0.0922
Columbia,0
Cornell,0.0548
Dartmouth,0.007000000000000001
Harvard,0.19820000000000002
Penn,0.1036
Princeton,0.3042
Yale,0.24
