team,freq
Akron,0.17500000000000002
Ball St.,0.03633333333333334
Bowling Green,0
Buffalo,0.015333333333333334
Central Mich.,0
Eastern Mich.,0
Kent St.,0.34400000000000003
Miami (OH),0.003333333333333334
NIU,0.005333333333333334
Ohio,0.06266666666666668
Toledo,0.35800000000000004
Western Mich.,0
