team,freq
Akron,0.17233333333333334
Ball St.,0.036
Bowling Green,0
Buffalo,0.015333333333333332
Central Mich.,0
Eastern Mich.,0
Kent St.,0.3436666666666667
Miami (OH),0.0033333333333333335
NIU,0.005333333333333333
Ohio,0.06266666666666666
Toledo,0.36133333333333334
Western Mich.,0
