team,freq
Akron,0.036
Ball St.,0.006333333333333333
Bowling Green,0
Buffalo,0.10133333333333333
Central Mich.,3.333333333333333e-4
Eastern Mich.,0
Kent St.,0.116
Miami (OH),0.008
Northern Ill.,0
Ohio,0.16233333333333333
Toledo,0.5696666666666667
Western Mich.,0
