team,freq
Akron,0.042
Ball St.,0.005666666666666667
Bowling Green,0
Buffalo,0.10633333333333334
Central Mich.,3.333333333333333e-4
Eastern Mich.,0
Kent St.,0.10866666666666666
Miami (OH),0.007333333333333333
Northern Ill.,0
Ohio,0.164
Toledo,0.5656666666666667
Western Mich.,0
