team,freq
Coppin St.,0.007
Delaware St.,0.004666666666666667
Howard,0.212
Morgan St.,0.024666666666666667
N.C. Central,0.31833333333333336
Norfolk St.,0.299
South Carolina St.,0.005333333333333333
UMES,0.129
