team,freq
Coppin St.,0.028
Delaware St.,6.666666666666666e-4
Howard,0.199
Morgan St.,0.05
N.C. Central,0.06233333333333333
Norfolk St.,0.5833333333333334
South Carolina St.,0.034
UMES,0.042666666666666665
