team,freq
Coppin St.,0.02666666666666667
Delaware St.,0
Howard,0.21566666666666667
Morgan St.,0.049666666666666665
N.C. Central,0.05466666666666667
Norfolk St.,0.5816666666666667
South Carolina St.,0.03133333333333333
UMES,0.04033333333333333
