team,freq
Coppin St.,0.0030000000000000005
Delaware St.,0.052000000000000005
Howard,0.29000000000000004
Morgan St.,0.030000000000000002
N.C. Central,0.17500000000000002
Norfolk St.,0.40900000000000003
South Carolina St.,0.023000000000000003
UMES,0.018000000000000002
