team,freq
Belmont,0.063
Bradley,0.347
Drake,0.35033333333333333
Evansville,0
Illinois St.,0.001
Indiana St.,0.11966666666666667
Missouri St.,0.036333333333333336
Murray St.,0.0026666666666666666
Southern Ill.,0.07266666666666667
UIC,0
UNI,0.005666666666666667
Valparaiso,0.0016666666666666668
