team,freq
Bradley,0.08166666666666667
Drake,0.11233333333333333
Evansville,0
Illinois St.,0.007666666666666666
Indiana St.,0.002
Loyola Chicago,0.37166666666666665
Missouri St.,0.25066666666666665
Southern Ill.,0.042
UNI,0.12966666666666668
Valparaiso,0.0023333333333333335
