team,freq
Bradley,0.08033333333333334
Drake,0.115
Evansville,0
Illinois St.,0.006666666666666667
Indiana St.,0.001
Loyola Chicago,0.37333333333333335
Missouri St.,0.248
Southern Ill.,0.03833333333333333
UNI,0.13366666666666666
Valparaiso,0.0036666666666666666
