team,freq
Bradley,0.08466666666666667
Drake,0.11533333333333333
Evansville,0
Illinois St.,0.009
Indiana St.,0.0016666666666666668
Loyola Chicago,0.36733333333333335
Missouri St.,0.236
Southern Ill.,0.038
UNI,0.14566666666666667
Valparaiso,0.0023333333333333335
