team,freq
Bradley,0.027000000000000003
Drake,0.14100000000000001
Evansville,0
Illinois St.,0.0020000000000000005
Indiana St.,0.015000000000000001
Loyola Chicago,0.5700000000000001
Missouri St.,0.13700000000000004
Southern Ill.,0.016000000000000004
UNI,0.08800000000000001
Valparaiso,0.004000000000000001
