team,freq
Belmont,0.058666666666666666
Bradley,0.32966666666666666
Drake,0.3373333333333333
Evansville,0
Illinois St.,0
Indiana St.,0.14766666666666667
Missouri St.,0.045
Murray St.,0.007
Southern Ill.,0.06533333333333333
UIC,0
UNI,0.009333333333333334
Valparaiso,0
