team,freq
Air Force,0
Boise St.,0.274
Colorado St.,0.14966666666666667
Fresno St.,0.063
Nevada,0.008333333333333333
New Mexico,0.0023333333333333335
San Diego St.,0.245
San Jose St.,0
UNLV,0.06633333333333333
Utah St.,0.09466666666666666
Wyoming,0.09666666666666666
