team,freq
Air Force,0
Boise St.,0.27166666666666667
Colorado St.,0
Fresno St.,0
Nevada,0
New Mexico,0.07933333333333334
San Diego St.,0.43166666666666664
San Jose St.,0.05333333333333334
UNLV,0
Utah St.,0.164
Wyoming,0
