team,freq
Air Force,0.0026666666666666666
Boise St.,0.20333333333333334
Colorado St.,0.009666666666666667
Fresno St.,0.0016666666666666668
Nevada,0.132
New Mexico,0.075
San Diego St.,0.3293333333333333
San Jose St.,0.019
UNLV,0.020333333333333332
Utah St.,0.20666666666666667
Wyoming,3.333333333333333e-4
