team,freq
Central Conn. St.,0.08779931584948689
Fairleigh Dickinson,0.33409350057012543
LIU,0
Merrimack,0
Sacred Heart,0.09578107183580388
Saint Francis (PA),0.12884834663626
St. Francis Brooklyn,0.021664766248574687
Stonehill,0
Wagner,0.33181299885974913
