team,freq
Bryant,0.1001001001001001
Central Conn. St.,0
Fairleigh Dickinson,0
LIU,0.07307307307307306
Merrimack,0
Mount St. Mary's,0.024024024024024024
Sacred Heart,0.002002002002002002
Saint Francis (PA),0.001001001001001001
St. Francis Brooklyn,0
Wagner,0.7997997997997999
