team,freq
Central Conn. St.,0.06922126081582201
Fairleigh Dickinson,0.17676143386897403
LIU,0
Merrimack,0
Sacred Heart,0.10135970333745366
Saint Francis (PA),0.22126081582200247
St. Francis Brooklyn,0.004944375772558715
Stonehill,0
Wagner,0.4264524103831891
