team,freq
Central Conn. St.,0
Fairleigh Dickinson,0.035545023696682464
LIU,0.3353080568720379
Merrimack,0
Sacred Heart,0.015402843601895734
Saint Francis (PA),0.008293838862559242
St. Francis Brooklyn,0.013033175355450236
Stonehill,0
Wagner,0.5924170616113744
