team,freq
Central Conn. St.,0.04240766073871409
Fairleigh Dickinson,0.106703146374829
LIU,0
Merrimack,0
Sacred Heart,0.09439124487004105
Saint Francis (PA),0.06566347469220246
St. Francis Brooklyn,0.06292749658002736
Stonehill,0
Wagner,0.627906976744186
