team,freq
Central Conn. St.,0.6080586080586081
Chicago St.,0.001221001221001221
Fairleigh Dickinson,0.037851037851037855
LIU,0.040293040293040296
Le Moyne,0
Mercyhurst,0
Saint Francis (PA),0.08669108669108669
Stonehill,0
Wagner,0.2258852258852259
