team,freq
Central Conn. St.,0.08901251738525731
Fairleigh Dickinson,0.23365785813630044
LIU,0.005563282336578582
Merrimack,0
Sacred Heart,0.10570236439499305
Saint Francis (PA),0.19888734353268428
St. Francis Brooklyn,0.008344923504867872
Stonehill,0
Wagner,0.3588317107093185
