team,freq
Bryant,0.0706967213114754
Central Conn. St.,0
Fairleigh Dickinson,0.002049180327868852
LIU,0.06864754098360655
Merrimack,0
Mount St. Mary's,0.009221311475409834
Robert Morris,0
Sacred Heart,0.032786885245901634
Saint Francis (PA),0.005122950819672131
St. Francis Brooklyn,0
Wagner,0.8114754098360656
