team,freq
Central Conn. St.,0.07901234567901236
Fairleigh Dickinson,0.35185185185185186
LIU,0
Merrimack,0
Sacred Heart,0.0728395061728395
Saint Francis (PA),0.15555555555555556
St. Francis Brooklyn,0.011111111111111112
Stonehill,0
Wagner,0.32962962962962966
