team,freq
Central Conn. St.,0.41732283464566927
Chicago St.,0.03487064116985377
Fairleigh Dickinson,0.0404949381327334
LIU,0.06636670416197975
Le Moyne,0
Mercyhurst,0
Saint Francis (PA),0.051743532058492685
Stonehill,0
Wagner,0.3892013498312711
