team,freq
Central Conn. St.,0.3648351648351648
Fairleigh Dickinson,0.13406593406593406
LIU,0.013186813186813187
Le Moyne,0
Merrimack,0
Sacred Heart,0.2725274725274725
Saint Francis (PA),0.02857142857142857
Stonehill,0
Wagner,0.18681318681318682
