team,freq
Bryant,0.2119071644803229
Central Conn. St.,0
Fairleigh Dickinson,0
LIU,0.08476286579212917
Merrimack,0
Mount St. Mary's,0.054490413723511606
Sacred Heart,0.0010090817356205853
Saint Francis (PA),0.0020181634712411706
St. Francis Brooklyn,0.008072653884964682
Wagner,0.6377396569122099
