team,freq
Central Conn. St.,0.07015306122448979
Fairleigh Dickinson,0.10841836734693878
LIU,0.00510204081632653
Le Moyne,0
Merrimack,0
Sacred Heart,0.25
Saint Francis (PA),0.34821428571428575
Stonehill,0
Wagner,0.2181122448979592
