team,freq
Central Conn. St.,0.12164948453608247
Fairleigh Dickinson,0.44742268041237115
LIU,0
Merrimack,0
Sacred Heart,0.12989690721649486
Saint Francis (PA),0.18144329896907216
St. Francis Brooklyn,0.016494845360824743
Stonehill,0
Wagner,0.10309278350515465
