team,freq
Central Conn. St.,0.7258064516129032
Fairleigh Dickinson,0.016129032258064516
LIU,0.002688172043010753
Le Moyne,0
Merrimack,0
Sacred Heart,0.17473118279569894
Saint Francis (PA),0
Stonehill,0
Wagner,0.08064516129032258
