team,freq
Central Conn. St.,0.07142857142857142
Fairleigh Dickinson,0.36734693877551017
LIU,0
Merrimack,0
Sacred Heart,0.1705539358600583
Saint Francis (PA),0.10932944606413993
St. Francis Brooklyn,0.02040816326530612
Stonehill,0
Wagner,0.260932944606414
