team,freq
Central Conn. St.,0.5402567094515753
Chicago St.,0.0011668611435239208
Fairleigh Dickinson,0.10151691948658109
LIU,0.22753792298716455
Le Moyne,0
Mercyhurst,0
Saint Francis (PA),0.03267211201866978
Stonehill,0
Wagner,0.09684947491248543
