team,freq
Central Conn. St.,0.2957920792079208
Fairleigh Dickinson,0.06188118811881189
LIU,0.0024752475247524753
Le Moyne,0
Merrimack,0
Sacred Heart,0.2462871287128713
Saint Francis (PA),0.13861386138613863
Stonehill,0
Wagner,0.25495049504950495
