team,freq
Bryant,0.0850850850850851
Central Conn. St.,0
Fairleigh Dickinson,0
LIU,0.07607607607607607
Merrimack,0
Mount St. Mary's,0.03203203203203203
Sacred Heart,0.002002002002002002
Saint Francis (PA),0.007007007007007007
St. Francis Brooklyn,0.001001001001001001
Wagner,0.7967967967967968
