team,freq
Central Conn. St.,0.0011806375442739079
Fairleigh Dickinson,0.0059031877213695395
LIU,0.319952774498229
Merrimack,0
Sacred Heart,0.011806375442739079
Saint Francis (PA),0.004722550177095631
St. Francis Brooklyn,0.009445100354191263
Stonehill,0
Wagner,0.6469893742621016
