team,freq
Central Conn. St.,0.5451348182883938
Chicago St.,0.0023446658851113715
Fairleigh Dickinson,0.03516998827667057
LIU,0.025791324736225085
Le Moyne,0
Mercyhurst,0
Saint Francis (PA),0.08089097303634232
Stonehill,0
Wagner,0.3106682297772567
