team,freq
Central Conn. St.,0.30445544554455445
Fairleigh Dickinson,0.1311881188118812
LIU,0.017326732673267328
Le Moyne,0
Merrimack,0
Sacred Heart,0.26485148514851486
Saint Francis (PA),0.027227722772277228
Stonehill,0
Wagner,0.25495049504950495
