team,freq
Central Conn. St.,0.07057416267942583
Fairleigh Dickinson,0.3038277511961723
LIU,0
Merrimack,0
Sacred Heart,0.0729665071770335
Saint Francis (PA),0.14952153110047847
St. Francis Brooklyn,0.03349282296650718
Stonehill,0
Wagner,0.3696172248803828
