team,freq
Central Conn. St.,0.1896551724137931
Fairleigh Dickinson,0.06896551724137931
LIU,0.022988505747126436
Le Moyne,0
Merrimack,0
Sacred Heart,0.48275862068965514
Saint Francis (PA),0.0019157088122605363
Stonehill,0
Wagner,0.23371647509578541
