team,freq
Bryant,0.3586666666666667
Central Conn. St.,6.666666666666666e-4
Fairleigh Dickinson,3.333333333333333e-4
LIU,0.11233333333333333
Merrimack,0
Mount St. Mary's,0.06833333333333333
Sacred Heart,0.004666666666666667
Saint Francis (PA),0.005
St. Francis Brooklyn,0.007
Wagner,0.443
