team,freq
Central Conn. St.,0.5802752293577982
Chicago St.,0
Fairleigh Dickinson,0.11009174311926606
LIU,0.18807339449541285
Le Moyne,0
Mercyhurst,0
Saint Francis (PA),0.03555045871559633
Stonehill,0
Wagner,0.0860091743119266
