team,freq
Central Conn. St.,0.06953223767383059
Fairleigh Dickinson,0.26422250316055623
LIU,0
Merrimack,0
Sacred Heart,0.06953223767383059
Saint Francis (PA),0.24652338811630847
St. Francis Brooklyn,0.02275600505689001
Stonehill,0
Wagner,0.3274336283185841
