team,freq
Central Conn. St.,0.10062893081761007
Fairleigh Dickinson,0.17924528301886794
LIU,0.0110062893081761
Le Moyne,0
Merrimack,0
Sacred Heart,0.36635220125786166
Saint Francis (PA),0.007861635220125786
Stonehill,0
Wagner,0.33490566037735847
