team,freq
Central Conn. St.,0.5608465608465608
Fairleigh Dickinson,0.026455026455026457
LIU,0.013227513227513229
Le Moyne,0
Merrimack,0
Sacred Heart,0.17195767195767198
Saint Francis (PA),0.013227513227513229
Stonehill,0
Wagner,0.2142857142857143
