team,freq
Central Conn. St.,0.03241296518607443
Fairleigh Dickinson,0.08883553421368548
LIU,0.020408163265306124
Merrimack,0
Sacred Heart,0.05762304921968788
Saint Francis (PA),0.02160864345738295
St. Francis Brooklyn,0.0936374549819928
Stonehill,0
Wagner,0.6854741896758704
