team,freq
Bryant,0.11244979919678715
Central Conn. St.,0
Fairleigh Dickinson,0
LIU,0.043172690763052204
Merrimack,0
Mount St. Mary's,0.053212851405622486
Sacred Heart,0.0020080321285140565
Saint Francis (PA),0.0020080321285140565
St. Francis Brooklyn,0.004016064257028113
Wagner,0.783132530120482
