team,freq
Central Conn. St.,0.12204007285974501
Fairleigh Dickinson,0.3260473588342441
LIU,0
Merrimack,0
Sacred Heart,0.19125683060109291
Saint Francis (PA),0.11293260473588344
St. Francis Brooklyn,0.029143897996357016
Stonehill,0
Wagner,0.21857923497267762
