team,freq
Central Conn. St.,0.6227967097532315
Chicago St.,0
Fairleigh Dickinson,0.06933019976498238
LIU,0.04112808460634548
Le Moyne,0
Mercyhurst,0
Saint Francis (PA),0.04230317273795534
Stonehill,0
Wagner,0.2244418331374853
