team,freq
Central Conn. St.,0.05316455696202532
Fairleigh Dickinson,0.08354430379746837
LIU,0.005063291139240507
Merrimack,0
Sacred Heart,0.1
Saint Francis (PA),0.06835443037974684
St. Francis Brooklyn,0.09620253164556963
Stonehill,0
Wagner,0.5936708860759494
