team,freq
Central Conn. St.,0.7775445960125918
Chicago St.,0.001049317943336831
Fairleigh Dickinson,0.08709338929695698
LIU,0.10178384050367262
Le Moyne,0
Mercyhurst,0
Saint Francis (PA),0.02623294858342078
Stonehill,0
Wagner,0.0062959076600209865
