team,freq
Bryant,0.21218274111675126
Central Conn. St.,0
Fairleigh Dickinson,0
LIU,0.10152284263959392
Merrimack,0
Mount St. Mary's,0.05177664974619289
Sacred Heart,0.003045685279187817
Saint Francis (PA),0.0020304568527918783
St. Francis Brooklyn,0.00913705583756345
Wagner,0.6203045685279188
