team,freq
Bryant,0.25993883792048933
Central Conn. St.,0
Fairleigh Dickinson,0
LIU,0.09378185524974515
Merrimack,0
Mount St. Mary's,0.045871559633027525
Sacred Heart,0.0020387359836901123
Saint Francis (PA),0.0020387359836901123
St. Francis Brooklyn,0.01529051987767584
Wagner,0.581039755351682
