team,freq
Central Conn. St.,0.6614832535885168
Chicago St.,0
Fairleigh Dickinson,0.057416267942583726
LIU,0.031100478468899517
Le Moyne,0
Mercyhurst,0
Saint Francis (PA),0.031100478468899517
Stonehill,0
Wagner,0.21889952153110045
