team,freq
Bryant,0.07715736040609136
Central Conn. St.,0
Fairleigh Dickinson,0.0020304568527918783
LIU,0.09340101522842639
Merrimack,0
Mount St. Mary's,0.005076142131979696
Robert Morris,0
Sacred Heart,0.021319796954314723
Saint Francis (PA),0.0182741116751269
St. Francis Brooklyn,0.0010152284263959391
Wagner,0.7817258883248731
