team,freq
Central Conn. St.,0.4209844559585492
Chicago St.,0.0038860103626943004
Fairleigh Dickinson,0.034974093264248704
LIU,0.022020725388601038
Le Moyne,0
Mercyhurst,0
Saint Francis (PA),0.06994818652849741
Stonehill,0
Wagner,0.4481865284974093
