team,freq
Central Conn. St.,0.4157160963244614
Fairleigh Dickinson,0.010350654837346852
LIU,0.0016899028305872414
Le Moyne,0
Merrimack,0.4792986903253063
Sacred Heart,0.07625686523024926
Saint Francis (PA),6.337135614702154e-4
Stonehill,0
Wagner,0.01605407689057879
