team,freq
Central Conn. St.,0.026066350710900472
Fairleigh Dickinson,0.058056872037914695
LIU,0.022511848341232227
Merrimack,0
Sacred Heart,0.05924170616113745
Saint Francis (PA),0.03317535545023697
St. Francis Brooklyn,0.07819905213270142
Stonehill,0
Wagner,0.7227488151658767
