team,freq
Central Conn. St.,0.06503067484662577
Fairleigh Dickinson,0.18404907975460122
LIU,0
Merrimack,0
Sacred Heart,0.10920245398773007
Saint Francis (PA),0.21595092024539878
St. Francis Brooklyn,0.00245398773006135
Stonehill,0
Wagner,0.4233128834355828
