team,freq
Bryant,0.10462776659959758
Central Conn. St.,0
Fairleigh Dickinson,0
LIU,0.10160965794768613
Merrimack,0
Mount St. Mary's,0.01609657947686117
Robert Morris,0
Sacred Heart,0.013078470824949697
Saint Francis (PA),0.003018108651911469
St. Francis Brooklyn,0.001006036217303823
Wagner,0.7605633802816901
