team,freq
Central Conn. St.,0.13219895287958117
Fairleigh Dickinson,0.0013089005235602095
LIU,0.028795811518324606
Le Moyne,0
Merrimack,0
Sacred Heart,0.43586387434554974
Saint Francis (PA),0.2591623036649215
Stonehill,0
Wagner,0.14267015706806283
