team,freq
Central Conn. St.,0.7675070028011204
Fairleigh Dickinson,0.014005602240896357
LIU,0.0028011204481792713
Le Moyne,0
Merrimack,0
Sacred Heart,0.08123249299719887
Saint Francis (PA),0
Stonehill,0
Wagner,0.13445378151260504
