team,freq
Central Conn. St.,0.002285714285714286
Fairleigh Dickinson,0.006857142857142858
LIU,0.31542857142857145
Merrimack,0
Sacred Heart,0.006857142857142858
Saint Francis (PA),0.005714285714285714
St. Francis Brooklyn,0.003428571428571429
Stonehill,0
Wagner,0.6594285714285714
