team,freq
Central Conn. St.,0.5616438356164384
Fairleigh Dickinson,0.03561643835616438
LIU,0
Le Moyne,0
Merrimack,0
Sacred Heart,0.14246575342465753
Saint Francis (PA),0.010958904109589041
Stonehill,0
Wagner,0.2493150684931507
