team,freq
Bryant,0.15747241725175526
Central Conn. St.,0
Fairleigh Dickinson,0
LIU,0.05215646940822467
Merrimack,0
Mount St. Mary's,0.07923771313941826
Sacred Heart,0.0010030090270812437
Saint Francis (PA),0.0020060180541624875
St. Francis Brooklyn,0.0010030090270812437
Wagner,0.7071213640922768
