team,freq
Central Conn. St.,0.03590425531914893
Fairleigh Dickinson,0.04521276595744681
LIU,0.014627659574468084
Merrimack,0
Sacred Heart,0.0851063829787234
Saint Francis (PA),0.019946808510638295
St. Francis Brooklyn,0.05053191489361702
Stonehill,0
Wagner,0.7486702127659574
