team,freq
Central Conn. St.,0.11861313868613138
Fairleigh Dickinson,0.33759124087591236
LIU,0
Merrimack,0
Sacred Heart,0.1897810218978102
Saint Francis (PA),0.11313868613138685
St. Francis Brooklyn,0.03832116788321168
Stonehill,0
Wagner,0.20255474452554742
