team,freq
Central Conn. St.,0.38311688311688313
Fairleigh Dickinson,0.13203463203463203
LIU,0.025974025974025976
Le Moyne,0
Merrimack,0
Sacred Heart,0.25757575757575757
Saint Francis (PA),0.021645021645021648
Stonehill,0
Wagner,0.17965367965367968
