team,freq
Central Conn. St.,0.09067357512953368
Fairleigh Dickinson,0.10880829015544041
LIU,0.029792746113989636
Le Moyne,0
Merrimack,0
Sacred Heart,0.21243523316062177
Saint Francis (PA),0.3562176165803109
Stonehill,0
Wagner,0.20207253886010362
