team,freq
Central Conn. St.,0.01767676767676768
Fairleigh Dickinson,0.034090909090909095
LIU,0.08585858585858587
Merrimack,0
Sacred Heart,0.1047979797979798
Saint Francis (PA),0.011363636363636364
St. Francis Brooklyn,0.029040404040404044
Stonehill,0
Wagner,0.7171717171717171
