team,freq
Central Conn. St.,0.14896551724137932
Fairleigh Dickinson,0.25517241379310346
LIU,0.01793103448275862
Le Moyne,0
Merrimack,0
Sacred Heart,0.27586206896551724
Saint Francis (PA),0.07310344827586207
Stonehill,0
Wagner,0.22896551724137934
