team,freq
Central Conn. St.,0.0140485312899106
Fairleigh Dickinson,0.030651340996168588
LIU,0.07790549169859515
Merrimack,0
Sacred Heart,0.10217113665389528
Saint Francis (PA),0.007662835249042147
St. Francis Brooklyn,0.03192848020434228
Stonehill,0
Wagner,0.735632183908046
