team,freq
Central Conn. St.,0.6998916576381365
Chicago St.,0.0010834236186348862
Fairleigh Dickinson,0.08775731310942578
LIU,0.15167930660888407
Le Moyne,0
Mercyhurst,0
Saint Francis (PA),0.03466955579631636
Stonehill,0
Wagner,0.024918743228602384
