team,freq
Bryant,0.07392197125256672
Central Conn. St.,0
Fairleigh Dickinson,0.0010266940451745378
LIU,0.05030800821355236
Merrimack,0
Mount St. Mary's,0.007186858316221766
Robert Morris,0
Sacred Heart,0.03490759753593429
Saint Francis (PA),0.008213552361396302
St. Francis Brooklyn,0.0010266940451745378
Wagner,0.8234086242299794
