team,freq
Central Conn. St.,0.7090119435396308
Chicago St.,0
Fairleigh Dickinson,0.08577633007600434
LIU,0.16069489685124863
Le Moyne,0
Mercyhurst,0
Saint Francis (PA),0.03040173724212812
Stonehill,0
Wagner,0.014115092290988056
