team,freq
Central Conn. St.,0.09817671809256662
Fairleigh Dickinson,0.23422159887798036
LIU,0.0070126227208976155
Merrimack,0
Sacred Heart,0.11079943899018231
Saint Francis (PA),0.16129032258064516
St. Francis Brooklyn,0.028050490883590462
Stonehill,0
Wagner,0.3604488078541374
