team,freq
Central Conn. St.,0.017766497461928935
Fairleigh Dickinson,0.06979695431472081
LIU,0.008883248730964468
Merrimack,0
Sacred Heart,0.049492385786802026
Saint Francis (PA),0.03426395939086294
St. Francis Brooklyn,0.11294416243654821
Stonehill,0
Wagner,0.7068527918781726
