team,freq
Central Conn. St.,0.1297297297297297
Fairleigh Dickinson,0.28468468468468466
LIU,0
Merrimack,0
Sacred Heart,0.2252252252252252
Saint Francis (PA),0.17297297297297295
St. Francis Brooklyn,0.01081081081081081
Stonehill,0
Wagner,0.17657657657657658
