team,freq
Bryant,0.08924949290060852
Central Conn. St.,0
Fairleigh Dickinson,0.0030425963488843813
LIU,0.09330628803245436
Merrimack,0
Mount St. Mary's,0.02028397565922921
Robert Morris,0
Sacred Heart,0.025354969574036514
Saint Francis (PA),0.015212981744421906
St. Francis Brooklyn,0.0010141987829614604
Wagner,0.7525354969574036
