team,freq
Bryant,0.07042253521126761
Central Conn. St.,0
Fairleigh Dickinson,0
LIU,0.11569416498993965
Merrimack,0
Mount St. Mary's,0.014084507042253521
Robert Morris,0
Sacred Heart,0.011066398390342052
Saint Francis (PA),0.008048289738430584
St. Francis Brooklyn,0
Wagner,0.7806841046277666
