team,freq
Bryant,0.1143430290872618
Central Conn. St.,0.0010030090270812437
Fairleigh Dickinson,0.0010030090270812437
LIU,0.07422266800401203
Merrimack,0
Mount St. Mary's,0.026078234704112337
Sacred Heart,0.0050150451354062184
Saint Francis (PA),0.004012036108324975
St. Francis Brooklyn,0.0020060180541624875
Wagner,0.7723169508525577
