team,freq
Bryant,0.2250252270433905
Central Conn. St.,0
Fairleigh Dickinson,0
LIU,0.06760847628657922
Merrimack,0
Mount St. Mary's,0.07769929364278506
Sacred Heart,0.0020181634712411706
Saint Francis (PA),0.0010090817356205853
St. Francis Brooklyn,0.005045408678102927
Wagner,0.6215943491422805
