team,freq
Central Conn. St.,0.07823529411764707
Fairleigh Dickinson,0.4688235294117647
LIU,0
Merrimack,0
Sacred Heart,0.13529411764705881
Saint Francis (PA),0.17352941176470588
St. Francis Brooklyn,0.018823529411764704
Stonehill,0
Wagner,0.1252941176470588
