team,freq
Central Conn. St.,0.11459754433833562
Fairleigh Dickinson,0.2373806275579809
LIU,0
Merrimack,0
Sacred Heart,0.07366984993178717
Saint Francis (PA),0.1582537517053206
St. Francis Brooklyn,0.028649386084583905
Stonehill,0
Wagner,0.3874488403819918
