team,freq
Central Conn. St.,0.5476190476190476
Chicago St.,0.0023809523809523807
Fairleigh Dickinson,0.041666666666666664
LIU,0.030952380952380946
Le Moyne,0
Mercyhurst,0
Saint Francis (PA),0.10952380952380951
Stonehill,0
Wagner,0.26785714285714285
