team,freq
Eastern Ill.,0.004895960832313342
Lindenwood,0
Little Rock,0
Morehead St.,0.12729498164014688
SIUE,0.3084455324357405
Southeast Mo. St.,0.3047735618115055
Southern Ind.,0
Tennessee St.,0.0073439412484700125
Tennessee Tech,0.06487148102815178
UT Martin,0.18237454100367198
