team,freq
Eastern Ill.,0.0040941658137154556
Lindenwood,0
Little Rock,0.2292732855680655
Morehead St.,0.20266120777891505
SIUE,0.21392016376663253
Southeast Mo. St.,0.15148413510747186
Southern Ind.,0
Tennessee St.,0.0255885363357216
Tennessee Tech,0.09109518935516889
UT Martin,0.07881269191402251
Western Ill.,0.003070624360286592
