team,freq
Eastern Ill.,0.05458290422245108
Lindenwood,0
Little Rock,0.32852729145211124
Morehead St.,0.11946446961894955
SIUE,0.1266735324407827
Southeast Mo. St.,0.16580844490216273
Southern Ind.,0
Tennessee St.,0.010298661174047374
Tennessee Tech,0.04531410916580844
UT Martin,0.12049433573635428
Western Ill.,0.028836251287332648
