team,freq
Eastern Ill.,0.001092896174863388
Lindenwood,0
Little Rock,0.008743169398907104
Morehead St.,0.23278688524590163
SIUE,0.33989071038251367
Southeast Mo. St.,0.21530054644808744
Southern Ind.,0
Tennessee St.,0.02622950819672131
Tennessee Tech,0.060109289617486336
UT Martin,0.11584699453551912
