team,freq
Eastern Ill.,0.012012012012012012
Lindenwood,0
Little Rock,0.021021021021021023
Morehead St.,0.6486486486486487
SIUE,0.06906906906906908
Southeast Mo. St.,0
Southern Ind.,0
Tennessee St.,0.09309309309309309
Tennessee Tech,0.001001001001001001
UT Martin,0.06306306306306306
Western Ill.,0.09209209209209208
