team,freq
Eastern Ill.,0.044044044044044044
Lindenwood,0
Little Rock,0.04504504504504504
Morehead St.,0.5695695695695695
SIUE,0.05405405405405405
Southeast Mo. St.,0
Southern Ind.,0
Tennessee St.,0.06306306306306306
Tennessee Tech,0.007007007007007007
UT Martin,0.15715715715715717
Western Ill.,0.06006006006006006
