team,freq
Eastern Ill.,0.052805280528052806
Lindenwood,0
Little Rock,0.21782178217821782
Morehead St.,0.29372937293729373
SIUE,0.2607260726072607
Southeast Mo. St.,0.026402640264026403
Southern Ind.,0
Tennessee St.,0.034103410341034104
Tennessee Tech,0.0319031903190319
UT Martin,0.061606160616061605
Western Ill.,0.0209020902090209
