team,freq
Austin Peay,0.0020000000000000005
Belmont,0.34900000000000003
Eastern Ill.,0
Morehead St.,0.059000000000000004
Murray St.,0.5860000000000001
SIUE,0
Southeast Mo. St.,0
Tennessee St.,0.0010000000000000002
Tennessee Tech,0.0030000000000000005
UT Martin,0
