team,freq
Austin Peay,3.333333333333333e-4
Belmont,0.31
Eastern Ill.,0
Morehead St.,0.04766666666666667
Murray St.,0.6353333333333333
SIUE,3.333333333333333e-4
Southeast Mo. St.,0.0033333333333333335
Tennessee St.,0.002
Tennessee Tech,0.001
UT Martin,0
