team,freq
Eastern Ill.,0.002004008016032064
Lindenwood,0
Little Rock,0.17334669338677353
Morehead St.,0.5771543086172344
SIUE,0.01603206412825651
Southeast Mo. St.,0
Southern Ind.,0
Tennessee St.,0.01503006012024048
Tennessee Tech,0
UT Martin,0.1593186372745491
Western Ill.,0.05711422845691383
