team,freq
Austin Peay,0
Belmont,0.2996666666666667
Eastern Ill.,0
Morehead St.,0.04633333333333333
Murray St.,0.6476666666666666
SIUE,6.666666666666666e-4
Southeast Mo. St.,0.0036666666666666666
Tennessee St.,0.0013333333333333333
Tennessee Tech,6.666666666666666e-4
UT Martin,0
