team,freq
Eastern Ill.,0.004634994206257242
Lindenwood,0
Little Rock,0.0011587485515643105
Morehead St.,0.12514484356894554
SIUE,0.41367323290845887
Southeast Mo. St.,0.1958285052143685
Southern Ind.,0
Tennessee St.,0.015063731170336037
Tennessee Tech,0.09849362688296641
UT Martin,0.14600231749710313
