team,freq
Eastern Ill.,0.0031545741324921135
Lindenwood,0
Little Rock,0
Morehead St.,0.2386961093585699
SIUE,0.41640378548895896
Southeast Mo. St.,0.17665615141955837
Southern Ind.,0
Tennessee St.,0.07465825446898001
Tennessee Tech,0.0473186119873817
UT Martin,0.04311251314405888
