team,freq
Eastern Ill.,0
Lindenwood,0
Little Rock,0.005336179295624333
Morehead St.,0.3276414087513341
SIUE,0.2305229455709712
Southeast Mo. St.,0.21131270010672362
Southern Ind.,0
Tennessee St.,0.09391675560298826
Tennessee Tech,0.10138740661686234
UT Martin,0.029882604055496267
