team,freq
Eastern Ill.,0.014042126379137413
Lindenwood,0
Little Rock,0.1765295887662989
Morehead St.,0.320962888665998
SIUE,0.14142427281845535
Southeast Mo. St.,0.0010030090270812437
Southern Ind.,0
Tennessee St.,0.16649949849548648
Tennessee Tech,0.03811434302908726
UT Martin,0.11534603811434303
Western Ill.,0.026078234704112337
