team,freq
Eastern Ill.,0.03928571428571429
Lindenwood,0
Little Rock,0.3
Morehead St.,0.18571428571428572
SIUE,0.1892857142857143
Southeast Mo. St.,0.12142857142857143
Southern Ind.,0
Tennessee St.,0.030952380952380953
Tennessee Tech,0.05714285714285715
UT Martin,0.04285714285714286
Western Ill.,0.03333333333333333
