team,freq
Eastern Ill.,0
Lindenwood,0
Little Rock,0
Morehead St.,0.3347685683530678
SIUE,0.1144599928238249
Southeast Mo. St.,0.07786149982059562
Southern Ind.,0
Tennessee St.,0.11051309651955507
Tennessee Tech,0.20344456404736275
UT Martin,0.1589522784355938
