team,freq
Eastern Ill.,0.001001001001001001
Lindenwood,0
Little Rock,0.08608608608608607
Morehead St.,0.6636636636636637
SIUE,0.028028028028028028
Southeast Mo. St.,0
Southern Ind.,0
Tennessee St.,0.062062062062062065
Tennessee Tech,0
UT Martin,0.09809809809809811
Western Ill.,0.06106106106106106
