team,freq
Eastern Ill.,0.004210526315789474
Lindenwood,0
Little Rock,0
Morehead St.,0.05473684210526315
SIUE,0.5621052631578948
Southeast Mo. St.,0.2157894736842105
Southern Ind.,0
Tennessee St.,0.03368421052631579
Tennessee Tech,0.0863157894736842
UT Martin,0.0431578947368421
