team,freq
Eastern Ill.,0.06363636363636364
Lindenwood,0
Little Rock,0.32159090909090904
Morehead St.,0.18863636363636366
SIUE,0.2125
Southeast Mo. St.,0.06818181818181818
Southern Ind.,0
Tennessee St.,0.02159090909090909
Tennessee Tech,0.03068181818181818
UT Martin,0.029545454545454545
Western Ill.,0.06363636363636364
