team,freq
Austin Peay,3.333333333333333e-4
Belmont,0.29033333333333333
Eastern Ill.,0
Morehead St.,0.04033333333333333
Murray St.,0.6623333333333333
SIUE,0
Southeast Mo. St.,0.0036666666666666666
Tennessee St.,0.002
Tennessee Tech,0.001
UT Martin,0
