team,freq
Eastern Ill.,0.02708124373119358
Lindenwood,0
Little Rock,0.31093279839518556
Morehead St.,0.09027081243731193
SIUE,0.27281845536609833
Southeast Mo. St.,0.013039117352056168
Southern Ind.,0
Tennessee St.,0.0030090270812437314
Tennessee Tech,0.2828485456369107
UT Martin,0
Western Ill.,0
