team,freq
Eastern Ill.,0.029511918274687854
Lindenwood,0
Little Rock,0.2996594778660613
Morehead St.,0.24971623155505107
SIUE,0.12485811577752554
Southeast Mo. St.,0.03064699205448354
Southern Ind.,0
Tennessee St.,0.029511918274687854
Tennessee Tech,0.13961407491486946
UT Martin,0.06696935300794551
Western Ill.,0.029511918274687854
