team,freq
Austin Peay,0
Belmont,0.31733333333333336
Eastern Ill.,0
Morehead St.,0.04533333333333334
Murray St.,0.6296666666666667
SIUE,6.666666666666666e-4
Southeast Mo. St.,0.004666666666666667
Tennessee St.,0.0013333333333333333
Tennessee Tech,0.001
UT Martin,0
