team,freq
Eastern Ill.,0
Lindenwood,0
Little Rock,0.0032085561497326204
Morehead St.,0.26096256684491975
SIUE,0.3315508021390374
Southeast Mo. St.,0.18288770053475936
Southern Ind.,0
Tennessee St.,0.0802139037433155
Tennessee Tech,0.08770053475935828
UT Martin,0.053475935828877004
