team,freq
Eastern Ill.,0.0026062550120288693
Lindenwood,0
Little Rock,0.2943063352044908
Morehead St.,0.427626303127506
SIUE,0.011427425821972734
Southeast Mo. St.,0
Southern Ind.,0
Tennessee St.,0.01343223736968725
Tennessee Tech,0
UT Martin,0.18644747393744987
Western Ill.,0.06415396952686447
