team,freq
Eastern Ill.,0
Lindenwood,0
Little Rock,0.006472491909385114
Morehead St.,0.5070118662351673
SIUE,0.028047464940668825
Southeast Mo. St.,0.20711974110032363
Southern Ind.,0
Tennessee St.,0.08306364617044229
Tennessee Tech,0.13052858683926646
UT Martin,0.0377562028047465
