team,freq
Eastern Ill.,0.004357298474945533
Lindenwood,0
Little Rock,0.0021786492374727667
Morehead St.,0.2962962962962963
SIUE,0.22331154684095858
Southeast Mo. St.,0.14596949891067537
Southern Ind.,0
Tennessee St.,0.061002178649237473
Tennessee Tech,0.08169934640522875
UT Martin,0.1851851851851852
