team,freq
Eastern Ill.,0.014042126379137413
Lindenwood,0
Little Rock,0.06720160481444333
Morehead St.,0.4242728184553661
SIUE,0.1394182547642929
Southeast Mo. St.,0.0010030090270812437
Southern Ind.,0
Tennessee St.,0.17251755265797392
Tennessee Tech,0.01905717151454363
UT Martin,0.14443329989969908
Western Ill.,0.018054162487462385
