team,freq
Eastern Ill.,0.037037037037037035
Lindenwood,0
Little Rock,0.2664609053497943
Morehead St.,0.16769547325102882
SIUE,0.13477366255144033
Southeast Mo. St.,0.1882716049382716
Southern Ind.,0
Tennessee St.,0.01234567901234568
Tennessee Tech,0.044238683127572016
UT Martin,0.12551440329218108
Western Ill.,0.023662551440329218
