team,freq
Eastern Ill.,0.0010741138560687433
Lindenwood,0
Little Rock,0.004296455424274973
Morehead St.,0.2749731471535983
SIUE,0.1460794844253491
Southeast Mo. St.,0.20300751879699247
Southern Ind.,0
Tennessee St.,0.08700322234156821
Tennessee Tech,0.05370569280343716
UT Martin,0.22986036519871106
