team,freq
Eastern Ill.,0.002317497103128621
Lindenwood,0
Little Rock,0.0034762456546929316
Morehead St.,0.12398609501738123
SIUE,0.4669756662804172
Southeast Mo. St.,0.19003476245654694
Southern Ind.,0
Tennessee St.,0.012746234067207415
Tennessee Tech,0.08458864426419467
UT Martin,0.11587485515643106
