team,freq
Eastern Ill.,0
Lindenwood,0
Little Rock,0.003125
Morehead St.,0.3822916666666667
SIUE,0.14687499999999998
Southeast Mo. St.,0.278125
Southern Ind.,0
Tennessee St.,0.06875
Tennessee Tech,0.09479166666666666
UT Martin,0.026041666666666668
