team,freq
Eastern Ill.,0.004008016032064128
Lindenwood,0
Little Rock,0.16132264529058116
Morehead St.,0.562124248496994
SIUE,0.019038076152304607
Southeast Mo. St.,0
Southern Ind.,0
Tennessee St.,0.013026052104208416
Tennessee Tech,0
UT Martin,0.17635270541082163
Western Ill.,0.06412825651302605
