team,freq
Eastern Ill.,0.0010090817356205853
Lindenwood,0
Little Rock,0.34813319878910187
Morehead St.,0.14228052472250252
SIUE,0.20484359233097882
Southeast Mo. St.,0.18264379414732593
Southern Ind.,0
Tennessee St.,0.039354187689202826
Tennessee Tech,0.03733602421796165
UT Martin,0.04439959636730575
Western Ill.,0
