team,freq
Eastern Ill.,0.06836616454229431
Lindenwood,0
Little Rock,0.3256083429895713
Morehead St.,0.17149478563151796
SIUE,0.1958285052143685
Southeast Mo. St.,0.07531865585168018
Southern Ind.,0
Tennessee St.,0.01853997682502897
Tennessee Tech,0.09385863267670916
UT Martin,0.028968713789107765
Western Ill.,0.0220162224797219
