team,freq
Eastern Ill.,0.002068252326783868
Lindenwood,0
Little Rock,0.017580144777662877
Morehead St.,0.29058945191313346
SIUE,0.4301964839710445
Southeast Mo. St.,0.125129265770424
Southern Ind.,0
Tennessee St.,0.03619441571871769
Tennessee Tech,0.0641158221302999
UT Martin,0.03412616339193382
