team,freq
Eastern Ill.,0.001001001001001001
Lindenwood,0
Little Rock,0.12812812812812813
Morehead St.,0.6486486486486487
SIUE,0.03203203203203203
Southeast Mo. St.,0
Southern Ind.,0
Tennessee St.,0.025025025025025027
Tennessee Tech,0
UT Martin,0.1051051051051051
Western Ill.,0.06006006006006006
