team,freq
Eastern Ill.,0.004008016032064128
Lindenwood,0
Little Rock,0.187374749498998
Morehead St.,0.342685370741483
SIUE,0.11923847695390781
Southeast Mo. St.,0
Southern Ind.,0
Tennessee St.,0.15430861723446893
Tennessee Tech,0.047094188376753505
UT Martin,0.12925851703406813
Western Ill.,0.01603206412825651
