team,freq
Eastern Ill.,0.00617283950617284
Lindenwood,0
Little Rock,0.18004115226337447
Morehead St.,0.22633744855967078
SIUE,0.20679012345679015
Southeast Mo. St.,0.147119341563786
Southern Ind.,0
Tennessee St.,0.018518518518518517
Tennessee Tech,0.11625514403292182
UT Martin,0.09670781893004116
Western Ill.,0.00205761316872428
