team,freq
Eastern Ill.,0.0010482180293501047
Lindenwood,0
Little Rock,0.011530398322851151
Morehead St.,0.20335429769392033
SIUE,0.35953878406708595
Southeast Mo. St.,0.1970649895178197
Southern Ind.,0
Tennessee St.,0.0450733752620545
Tennessee Tech,0.10167714884696016
UT Martin,0.08071278825995806
