team,freq
Eastern Ill.,0.012219959266802444
Lindenwood,0
Little Rock,0.2759674134419552
Morehead St.,0.07535641547861507
SIUE,0.1659877800407332
Southeast Mo. St.,0.2219959266802444
Southern Ind.,0
Tennessee St.,0.014256619144602852
Tennessee Tech,0.09164969450101833
UT Martin,0.10488798370672098
Western Ill.,0.03767820773930754
