team,freq
Eastern Ill.,0
Lindenwood,0
Little Rock,0.0020942408376963353
Morehead St.,0.5015706806282723
SIUE,0.03664921465968587
Southeast Mo. St.,0.2816753926701571
Southern Ind.,0
Tennessee St.,0.04712041884816754
Tennessee Tech,0.1068062827225131
UT Martin,0.024083769633507855
