team,freq
Eastern Ill.,0
Lindenwood,0
Little Rock,0.0031088082901554407
Morehead St.,0.07668393782383419
SIUE,0.533678756476684
Southeast Mo. St.,0.20103626943005182
Southern Ind.,0
Tennessee St.,0.036269430051813475
Tennessee Tech,0.09015544041450776
UT Martin,0.059067357512953375
