team,freq
Eastern Ill.,0.07207207207207207
Lindenwood,0
Little Rock,0.33333333333333337
Morehead St.,0.12312312312312312
SIUE,0.24524524524524524
Southeast Mo. St.,0.011011011011011011
Southern Ind.,0
Tennessee St.,0.11511511511511512
Tennessee Tech,0.056056056056056056
UT Martin,0.03303303303303304
Western Ill.,0.011011011011011011
