team,freq
Eastern Ill.,0.004008016032064128
Lindenwood,0
Little Rock,0.18236472945891782
Morehead St.,0.5460921843687375
SIUE,0.02004008016032064
Southeast Mo. St.,0
Southern Ind.,0
Tennessee St.,0.014028056112224449
Tennessee Tech,0
UT Martin,0.17735470941883766
Western Ill.,0.056112224448897796
