team,freq
Eastern Ill.,0
Lindenwood,0
Little Rock,0
Morehead St.,0.05960945529290853
SIUE,0.5508735868448098
Southeast Mo. St.,0.20349434737923947
Southern Ind.,0
Tennessee St.,0.040082219938335044
Tennessee Tech,0.08735868448098663
UT Martin,0.05858170606372045
