team,freq
Eastern Ill.,0.00322234156820623
Lindenwood,0
Little Rock,0.0010741138560687435
Morehead St.,0.25134264232008596
SIUE,0.3147153598281418
Southeast Mo. St.,0.1267454350161117
Southern Ind.,0
Tennessee St.,0.08807733619763695
Tennessee Tech,0.07626208378088077
UT Martin,0.1385606874328679
