team,freq
Eastern Ill.,0.001001001001001001
Lindenwood,0
Little Rock,0.041041041041041046
Morehead St.,0.6616616616616617
SIUE,0.03003003003003003
Southeast Mo. St.,0
Southern Ind.,0
Tennessee St.,0.04604604604604604
Tennessee Tech,0
UT Martin,0.11111111111111112
Western Ill.,0.1091091091091091
