team,freq
Eastern Ill.,0
Lindenwood,0
Little Rock,0.38755020080321284
Morehead St.,0.01706827309236948
SIUE,0.22791164658634538
Southeast Mo. St.,0.2520080321285141
Southern Ind.,0
Tennessee St.,0.06526104417670683
Tennessee Tech,0.03815261044176707
UT Martin,0.012048192771084338
Western Ill.,0
