team,freq
Eastern Ill.,0
Lindenwood,0
Little Rock,0.0021367521367521365
Morehead St.,0.3504273504273504
SIUE,0.22756410256410253
Southeast Mo. St.,0.202991452991453
Southern Ind.,0
Tennessee St.,0.08653846153846154
Tennessee Tech,0.10363247863247863
UT Martin,0.026709401709401708
