team,freq
Arizona,0.276
Arizona St.,0.021
California,0
Colorado,0.019
Oregon,0.059666666666666666
Oregon St.,0
Southern California,0.08766666666666667
Stanford,0.007333333333333333
UCLA,0.4846666666666667
Utah,0.016666666666666666
Washington,0.0013333333333333333
Washington St.,0.02666666666666667
