team,freq
Arizona,0.5830000000000001
Arizona St.,0.0030000000000000005
California,0
Colorado,0.012000000000000002
Oregon,0.022000000000000002
Oregon St.,0
Southern California,0.051000000000000004
Stanford,0.0020000000000000005
UCLA,0.29500000000000004
Utah,0.0010000000000000002
Washington,0
Washington St.,0.031000000000000003
