team,freq
Arizona,0.59
Arizona St.,0
California,0
Colorado,0.020666666666666667
Oregon,0.023333333333333334
Oregon St.,0
Southern California,0.050666666666666665
Stanford,0.005
UCLA,0.2843333333333333
Utah,0
Washington,0.0036666666666666666
Washington St.,0.022333333333333334
