team,freq
American,0
Army West Point,0.09166666666666666
Boston U.,0.034
Bucknell,0.11766666666666667
Colgate,0.7483333333333333
Holy Cross,0
Lafayette,0
Lehigh,0
Loyola Maryland,0.008333333333333333
Navy,0
