team,freq
American,0
Army West Point,0.013666666666666667
Boston U.,0.08966666666666667
Bucknell,0
Colgate,0.599
Holy Cross,0
Lafayette,0.0026666666666666666
Lehigh,0.021333333333333333
Loyola Maryland,0.019
Navy,0.25466666666666665
