team,freq
American,0
Army West Point,0
Boston U.,0.09533333333333334
Bucknell,0
Colgate,0.6643333333333333
Holy Cross,0
Lafayette,0
Lehigh,0.02266666666666667
Loyola Maryland,0
Navy,0.21766666666666667
