team,freq
Alabama,0.412
Arkansas,0.05333333333333334
Auburn,0.025666666666666667
Florida,0.0033333333333333335
Georgia,0
Kentucky,0.09866666666666667
LSU,0
Mississippi St.,0.007
Missouri,0.011666666666666667
Ole Miss,3.333333333333333e-4
South Carolina,0
Tennessee,0.30633333333333335
Texas A&M,0.07533333333333334
Vanderbilt,0.006333333333333333
