team,freq
Alabama,0.025
Arkansas,0.077
Auburn,0.26
Florida,0.006666666666666667
Georgia,0
Kentucky,0.33366666666666667
LSU,0.07566666666666666
Mississippi St.,0.004333333333333333
Missouri,0
Ole Miss,6.666666666666666e-4
South Carolina,0.0016666666666666668
Tennessee,0.21066666666666667
Texas A&M,0.0036666666666666666
Vanderbilt,0.001
