team,freq
Alabama,0.021666666666666667
Arkansas,0.071
Auburn,0.25833333333333336
Florida,0.01
Georgia,0
Kentucky,0.33
LSU,0.07966666666666666
Mississippi St.,0.006333333333333333
Missouri,0
Ole Miss,0
South Carolina,0.0013333333333333333
Tennessee,0.21533333333333332
Texas A&M,0.005333333333333333
Vanderbilt,0.001
