team,freq
Chattanooga,0.276
ETSU,0.015333333333333332
Furman,0.44066666666666665
Mercer,0.012333333333333333
Samford,0.027
The Citadel,0.0033333333333333335
UNC Greensboro,0.05
VMI,0.04133333333333333
Western Caro.,6.666666666666666e-4
Wofford,0.13333333333333333
