team,freq
A&M-Corpus Christi,0.4539939332659252
Houston Christian,0.0020222446916076846
Lamar University,0
McNeese,0.006066734074823054
New Orleans,0.0010111223458038423
Nicholls,0.16380182002022245
Northwestern St.,0.3063700707785642
Southeastern La.,0.06572295247724975
Tex. A&M-Commerce,0
UIW,0.0010111223458038423
