team,freq
A&M-Corpus Christi,0.043617021276595745
Houston Christian,0.0010638297872340426
Lamar University,0.3468085106382979
McNeese,0.08723404255319149
New Orleans,0.4925531914893617
Nicholls,0.002127659574468085
Northwestern St.,0
Southeastern La.,0.02127659574468085
Tex. A&M-Commerce,0
UIW,0.005319148936170213
