team,freq
A&M-Corpus Christi,0.23843782117163412
Houston Christian,0.0020554984583761563
Lamar University,0
McNeese,0.006166495375128468
New Orleans,0.0041109969167523125
Nicholls,0.23843782117163412
Northwestern St.,0.3997944501541624
Southeastern La.,0.10894141829393626
Tex. A&M-Commerce,0
UIW,0.0020554984583761563
