team,freq
Chattanooga,0.28533333333333333
ETSU,0.015
Furman,0.44566666666666666
Mercer,0.010333333333333333
Samford,0.028333333333333332
The Citadel,0.0013333333333333333
UNC Greensboro,0.036
VMI,0.03766666666666667
Western Caro.,6.666666666666666e-4
Wofford,0.13966666666666666
