team,freq
A&M-Corpus Christi,0.14266666666666666
Houston Baptist,0.006
McNeese,0.018333333333333333
New Orleans,0.174
Nicholls St.,0.48233333333333334
Northwestern St.,0.009666666666666667
Southeastern La.,0.166
UIW,0.001
