team,freq
A&M-Corpus Christi,0.13566666666666666
Houston Baptist,0.012333333333333333
McNeese,0.03833333333333333
New Orleans,0.16
Nicholls St.,0.49766666666666665
Northwestern St.,0
Southeastern La.,0.156
UIW,0
