team,freq
Chattanooga,0.037
ETSU,0.028666666666666667
Furman,0.468
Mercer,0.01633333333333333
Samford,0.165
The Citadel,0.0016666666666666668
UNC Greensboro,0.24233333333333335
VMI,0
Western Caro.,0.018333333333333333
Wofford,0.02266666666666667
