team,freq
A&M-Corpus Christi,0.36804123711340203
Houston Christian,0.002061855670103093
Lamar University,0
McNeese,0.029896907216494847
New Orleans,0.006185567010309279
Nicholls,0.3422680412371134
Northwestern St.,0.14845360824742268
Southeastern La.,0.10103092783505155
Tex. A&M-Commerce,0
UIW,0.002061855670103093
