team,freq
A&M-Corpus Christi,0.27056277056277056
Houston Christian,0.015151515151515152
Lamar University,0.0021645021645021645
McNeese,0.0032467532467532465
New Orleans,0.03787878787878788
Nicholls,0.31060606060606055
Northwestern St.,0.14826839826839827
Southeastern La.,0.21103896103896103
Tex. A&M-Commerce,0
UIW,0.0010822510822510823
