team,freq
A&M-Corpus Christi,0.08896396396396396
Houston Christian,0.0011261261261261261
Lamar University,0.036036036036036036
McNeese,0.5427927927927928
New Orleans,0.03378378378378378
Nicholls,0.18693693693693694
Northwestern St.,0.0045045045045045045
Southeastern La.,0.09346846846846847
Tex. A&M-Commerce,0
UIW,0.012387387387387386
