team,freq
Chattanooga,0.28400000000000003
ETSU,0.016000000000000004
Furman,0.29500000000000004
Mercer,0.017000000000000005
Samford,0.08700000000000001
The Citadel,0.0010000000000000002
UNC Greensboro,0.17300000000000001
VMI,0.008000000000000002
Western Caro.,0.013000000000000001
Wofford,0.10600000000000001
