team,freq
A&M-Corpus Christi,0.3033126293995859
Houston Christian,0.005175983436853002
Lamar University,0
McNeese,0.010351966873706004
New Orleans,0.0031055900621118015
Nicholls,0.42650103519668736
Northwestern St.,0.11801242236024846
Southeastern La.,0.13354037267080746
Tex. A&M-Commerce,0
UIW,0
