team,freq
A&M-Corpus Christi,0.09100310237849017
Houston Christian,0.21302998965873837
Lamar University,0.01861427094105481
McNeese,0.03205791106514995
New Orleans,0.10548086866597725
Nicholls,0.37228541882109617
Northwestern St.,0.0031023784901758017
Southeastern La.,0.15201654601861428
Tex. A&M-Commerce,0
UIW,0.012409513960703207
