team,freq
A&M-Corpus Christi,0.06874328678839957
Houston Christian,0
Lamar University,0.04189044038668099
McNeese,0.5402792696025779
New Orleans,0.061224489795918366
Nicholls,0.24060150375939848
Northwestern St.,0
Southeastern La.,0.03759398496240602
Tex. A&M-Commerce,0
UIW,0.009667024704618688
