team,freq
A&M-Corpus Christi,0.06798245614035088
Houston Christian,0
Lamar University,0.052631578947368425
McNeese,0.5153508771929824
New Orleans,0.05482456140350878
Nicholls,0.2423245614035088
Northwestern St.,0
Southeastern La.,0.047149122807017545
Tex. A&M-Commerce,0
UIW,0.019736842105263157
