team,freq
A&M-Corpus Christi,0.3194588969823101
Houston Christian,0.009365244536940686
Lamar University,0.001040582726326743
McNeese,0.007284079084287201
New Orleans,0.01040582726326743
Nicholls,0.3309053069719043
Northwestern St.,0.12903225806451613
Southeastern La.,0.19042663891779396
Tex. A&M-Commerce,0
UIW,0.002081165452653486
