team,freq
A&M-Corpus Christi,0.3463114754098361
Houston Christian,0.004098360655737705
Lamar University,0
McNeese,0.012295081967213115
New Orleans,0.007172131147540984
Nicholls,0.45696721311475413
Northwestern St.,0.060450819672131145
Southeastern La.,0.11270491803278689
Tex. A&M-Commerce,0
UIW,0
