team,freq
A&M-Corpus Christi,0.2718940936863544
Houston Christian,0
Lamar University,0
McNeese,0.006109979633401222
New Orleans,0.0010183299389002038
Nicholls,0.18024439918533605
Northwestern St.,0.40224032586558045
Southeastern La.,0.1323828920570265
Tex. A&M-Commerce,0
UIW,0.006109979633401222
