team,freq
A&M-Corpus Christi,0.26464435146443516
Houston Christian,0.007322175732217573
Lamar University,0
McNeese,0.013598326359832637
New Orleans,0.002092050209205021
Nicholls,0.4654811715481172
Northwestern St.,0.11715481171548117
Southeastern La.,0.12761506276150628
Tex. A&M-Commerce,0
UIW,0.002092050209205021
