team,freq
A&M-Corpus Christi,0.16491596638655462
Houston Christian,0.008403361344537815
Lamar University,0
McNeese,0.005252100840336134
New Orleans,0.009453781512605041
Nicholls,0.4254201680672269
Northwestern St.,0.15441176470588233
Southeastern La.,0.2310924369747899
Tex. A&M-Commerce,0
UIW,0.0010504201680672268
