team,freq
A&M-Corpus Christi,0.47225025227043393
Houston Christian,0.0010090817356205853
Lamar University,0
McNeese,0.004036326942482341
New Orleans,0
Nicholls,0.10898082744702321
Northwestern St.,0.3521695257315842
Southeastern La.,0.05953582240161453
Tex. A&M-Commerce,0
UIW,0.0020181634712411706
