team,freq
A&M-Corpus Christi,0.32349949135300105
Houston Christian,0
Lamar University,0
McNeese,0.022380467955239063
New Orleans,0.011190233977619531
Nicholls,0.25127161749745675
Northwestern St.,0.21566632756866735
Southeastern La.,0.17497456765005084
Tex. A&M-Commerce,0
UIW,0.001017293997965412
