team,freq
A&M-Corpus Christi,0.09384775808133472
Houston Christian,0
Lamar University,0.043795620437956206
McNeese,0.6225234619395204
New Orleans,0.008342022940563087
Nicholls,0.1835245046923879
Northwestern St.,0
Southeastern La.,0.040667361835245046
Tex. A&M-Commerce,0
UIW,0.007299270072992701
