team,freq
A&M-Corpus Christi,0.27459016393442626
Houston Christian,0
Lamar University,0
McNeese,0.0020491803278688526
New Orleans,0.0010245901639344263
Nicholls,0.14241803278688525
Northwestern St.,0.45081967213114754
Southeastern La.,0.12807377049180327
Tex. A&M-Commerce,0
UIW,0.0010245901639344263
