team,freq
A&M-Corpus Christi,0.12981744421906694
Houston Christian,0.3823529411764706
Lamar University,0.011156186612576065
McNeese,0.019269776876267748
New Orleans,0.11764705882352942
Nicholls,0.2150101419878296
Northwestern St.,0.004056795131845842
Southeastern La.,0.11967545638945233
Tex. A&M-Commerce,0
UIW,0.0010141987829614604
