team,freq
A&M-Corpus Christi,0.1787190082644628
Houston Christian,0.006198347107438017
Lamar University,0
McNeese,0.0030991735537190084
New Orleans,0.008264462809917356
Nicholls,0.4710743801652893
Northwestern St.,0.11673553719008266
Southeastern La.,0.21487603305785125
Tex. A&M-Commerce,0
UIW,0.0010330578512396695
