team,freq
A&M-Corpus Christi,0.33813747228381374
Houston Christian,0.008869179600886918
Lamar University,0.0066518847006651885
McNeese,0.0033259423503325942
New Orleans,0.025498891352549888
Nicholls,0.335920177383592
Northwestern St.,0.08647450110864745
Southeastern La.,0.188470066518847
Tex. A&M-Commerce,0
UIW,0.0066518847006651885
