team,freq
A&M-Corpus Christi,0.1810699588477366
Houston Christian,0.00205761316872428
Lamar University,0
McNeese,0.00823045267489712
New Orleans,0
Nicholls,0.28395061728395066
Northwestern St.,0.3981481481481482
Southeastern La.,0.12551440329218108
Tex. A&M-Commerce,0
UIW,0.00102880658436214
