team,freq
A&M-Corpus Christi,0.3715736040609137
Houston Christian,0.0010152284263959391
Lamar University,0.0010152284263959391
McNeese,0.005076142131979696
New Orleans,0.017258883248730966
Nicholls,0.2629441624365482
Northwestern St.,0.17868020304568527
Southeastern La.,0.16243654822335027
Tex. A&M-Commerce,0
UIW,0
