team,freq
A&M-Corpus Christi,0.17333333333333334
Houston Christian,0.0010256410256410256
Lamar University,0
McNeese,0.014358974358974359
New Orleans,0.0041025641025641026
Nicholls,0.29846153846153844
Northwestern St.,0.38974358974358975
Southeastern La.,0.11794871794871796
Tex. A&M-Commerce,0
UIW,0.0010256410256410256
