team,freq
A&M-Corpus Christi,0.09109109109109109
Houston Christian,0
Lamar University,0.01001001001001001
McNeese,0.6666666666666667
New Orleans,0
Nicholls,0.031031031031031032
Northwestern St.,0
SFA,0.14014014014014015
Southeastern La.,0.006006006006006006
Tex. A&M-Commerce,0
UIW,0.002002002002002002
UTRGV,0.05305305305305305
