team,freq
A&M-Corpus Christi,0.2804503582395087
Houston Christian,0.0010235414534288639
Lamar University,0
McNeese,0.006141248720573184
New Orleans,0.0010235414534288639
Nicholls,0.15967246673490276
Northwestern St.,0.4165813715455476
Southeastern La.,0.13101330603889458
Tex. A&M-Commerce,0
UIW,0.0040941658137154556
