team,freq
A&M-Corpus Christi,0.3846938775510204
Houston Christian,0.0010204081632653062
Lamar University,0
McNeese,0.0020408163265306124
New Orleans,0
Nicholls,0.15
Northwestern St.,0.38877551020408163
Southeastern La.,0.07244897959183673
Tex. A&M-Commerce,0
UIW,0.0010204081632653062
