team,freq
A&M-Corpus Christi,0.05683060109289617
Houston Christian,0
Lamar University,0.032786885245901634
McNeese,0.5092896174863388
New Orleans,0.03715846994535519
Nicholls,0.2797814207650273
Northwestern St.,0
Southeastern La.,0.06775956284153005
Tex. A&M-Commerce,0
UIW,0.016393442622950817
