team,freq
A&M-Corpus Christi,0.0781758957654723
Houston Christian,0
Lamar University,0.06514657980456026
McNeese,0.5700325732899023
New Orleans,0.0510314875135722
Nicholls,0.18783930510314872
Northwestern St.,0
Southeastern La.,0.03691639522258415
Tex. A&M-Commerce,0
UIW,0.010857763300760043
