team,freq
A&M-Corpus Christi,0.06514657980456026
Houston Christian,0
Lamar University,0.03691639522258415
McNeese,0.6492942453854506
New Orleans,0.018458197611292075
Nicholls,0.18349619978284473
Northwestern St.,0
Southeastern La.,0.02714440825190011
Tex. A&M-Commerce,0
UIW,0.019543973941368076
