team,freq
A&M-Corpus Christi,0.10210210210210209
Houston Christian,0
Lamar University,0.016016016016016016
McNeese,0.6806806806806808
New Orleans,0
Nicholls,0.037037037037037035
Northwestern St.,0.001001001001001001
SFA,0.11411411411411412
Southeastern La.,0.003003003003003003
Tex. A&M-Commerce,0
UIW,0.003003003003003003
UTRGV,0.04304304304304304
