team,freq
A&M-Corpus Christi,0.11923847695390781
Houston Christian,0.001002004008016032
Lamar University,0.07014028056112225
McNeese,0.7434869739478958
New Orleans,0
Nicholls,0.05711422845691383
Northwestern St.,0
Southeastern La.,0.009018036072144287
Tex. A&M-Commerce,0
UIW,0
