team,freq
A&M-Corpus Christi,0.3477366255144033
Houston Christian,0.00308641975308642
Lamar University,0
McNeese,0.018518518518518517
New Orleans,0.0051440329218107
Nicholls,0.44238683127572015
Northwestern St.,0.06378600823045268
Southeastern La.,0.11934156378600824
Tex. A&M-Commerce,0
UIW,0
