team,freq
A&M-Corpus Christi,0.06427015250544661
Houston Christian,0
Lamar University,0.03812636165577342
McNeese,0.5675381263616558
New Orleans,0.03812636165577342
Nicholls,0.24183006535947713
Northwestern St.,0
Southeastern La.,0.029411764705882353
Tex. A&M-Commerce,0
UIW,0.020697167755991282
