team,freq
Denver,0.004273504273504273
Kansas City,0.05555555555555555
North Dakota,0
North Dakota St.,0.07051282051282051
Omaha,0.007478632478632478
Oral Roberts,0.7061965811965812
South Dakota,0.018162393162393164
South Dakota St.,0.10363247863247863
St. Thomas (MN),0
Western Ill.,0.034188034188034185
