team,freq
Denver,0.0041109969167523125
Kansas City,0.012332990750256938
North Dakota,0
North Dakota St.,0.023638232271325797
Omaha,0
Oral Roberts,0.4573484069886948
South Dakota,0.03186022610483042
South Dakota St.,0.4295991778006166
St. Thomas (MN),0
Western Ill.,0.041109969167523124
