team,freq
Denver,0.08992416034669556
Kansas City,0.05958829902491874
North Dakota,0.1863488624052004
North Dakota St.,0.17984832069339113
Omaha,0.14409534127843987
Oral Roberts,0.22318526543878656
South Dakota,0.013001083423618635
South Dakota St.,0.10400866738894908
St. Thomas (MN),0
