team,freq
Denver,0.09908735332464146
Kansas City,0.121251629726206
North Dakota,0.11864406779661016
North Dakota St.,0.13820078226857888
Omaha,0.054758800521512385
Oral Roberts,0.023468057366362448
South Dakota,0.010430247718383311
South Dakota St.,0.43415906127770537
St. Thomas (MN),0
