team,freq
Denver,0.03499469777306469
Kansas City,0.06362672322375397
North Dakota,0.0021208907741251323
North Dakota St.,0.12195121951219512
Omaha,0.005302226935312831
Oral Roberts,0.33510074231177095
South Dakota,0.01908801696712619
South Dakota St.,0.3637327677624602
St. Thomas (MN),0
Western Ill.,0.05408271474019087
