team,freq
Denver,0.004287245444801715
Kansas City,0.0707395498392283
North Dakota,0
North Dakota St.,0.10289389067524116
Omaha,0.00857449088960343
Oral Roberts,0.6538049303322615
South Dakota,0.010718113612004287
South Dakota St.,0.10610932475884244
St. Thomas (MN),0
Western Ill.,0.04287245444801715
