team,freq
Denver,0.06677796327212021
Kansas City,0.15191986644407346
North Dakota,0.04674457429048414
North Dakota St.,0
Omaha,0
Oral Roberts,0.03505843071786311
South Dakota,0.001669449081803005
South Dakota St.,0.6978297161936561
St. Thomas (MN),0
