team,freq
Denver,0.018285714285714287
Kansas City,0.10171428571428572
North Dakota,0.001142857142857143
North Dakota St.,0.05485714285714286
Omaha,0.01257142857142857
Oral Roberts,0.6491428571428571
South Dakota,0.02742857142857143
South Dakota St.,0.09257142857142857
St. Thomas (MN),0
Western Ill.,0.04228571428571428
