team,freq
Denver,0.009666666666666667
Kansas City,0.03233333333333333
North Dakota,0
North Dakota St.,0.09566666666666666
Omaha,3.333333333333333e-4
Oral Roberts,0.15366666666666667
South Dakota,0.04133333333333333
South Dakota St.,0.6503333333333333
St. Thomas (MN),0
Western Ill.,0.016666666666666666
