team,freq
Denver,0.022566995768688296
Kansas City,0.16220028208744713
North Dakota,0.011283497884344148
North Dakota St.,0.1227080394922426
Omaha,0.05077574047954866
Oral Roberts,0.04654442877291961
South Dakota,0.1466854724964739
South Dakota St.,0.4372355430183357
St. Thomas (MN),0
