team,freq
Denver,0.0030090270812437314
Kansas City,0.017051153460381146
North Dakota,0
North Dakota St.,0.07221664994984954
Omaha,0.0010030090270812437
Oral Roberts,0.2748244734202608
South Dakota,0.018054162487462385
South Dakota St.,0.5727181544633901
St. Thomas (MN),0
Western Ill.,0.041123370110330994
