team,freq
Denver,0.030949839914621132
Kansas City,0.05869797225186766
North Dakota,0.07470651013874066
North Dakota St.,0.1878335112059765
Omaha,0.029882604055496264
Oral Roberts,0.3628601921024546
South Dakota,0.032017075773746
South Dakota St.,0.2230522945570971
St. Thomas (MN),0
