team,freq
Denver,0.0423861852433281
Kansas City,0.16797488226059654
North Dakota,0.014128728414442699
North Dakota St.,0.19937205651491366
Omaha,0.04866562009419152
Oral Roberts,0.03610675039246468
South Dakota,0.10518053375196233
South Dakota St.,0.38618524332810045
St. Thomas (MN),0
