team,freq
Denver,0.030467899891186076
Kansas City,0.05114254624591948
North Dakota,0.001088139281828074
North Dakota St.,0.08269858541893363
Omaha,0.002176278563656148
Oral Roberts,0.6300326441784548
South Dakota,0.02611534276387378
South Dakota St.,0.1381936887921654
St. Thomas (MN),0
Western Ill.,0.0380848748639826
