team,freq
Denver,0.02726281352235551
Kansas City,0.03925845147219193
North Dakota,0.0588876772082879
North Dakota St.,0.16902944383860416
Omaha,0.03489640130861505
Oral Roberts,0.321701199563795
South Dakota,0.016357688113413305
South Dakota St.,0.33260632497273723
St. Thomas (MN),0
