team,freq
Denver,0.042584434654919234
Kansas City,0.1527165932452276
North Dakota,0.014684287812041116
North Dakota St.,0.14684287812041116
Omaha,0.05580029368575624
Oral Roberts,0.06020558002936857
South Dakota,0.13803230543318648
South Dakota St.,0.38913362701908955
St. Thomas (MN),0
