team,freq
Denver,0.002002002002002002
Kansas City,0.01701701701701702
North Dakota,0
North Dakota St.,0.06306306306306306
Omaha,0
Oral Roberts,0.22622622622622623
South Dakota,0.031031031031031032
South Dakota St.,0.6176176176176176
St. Thomas (MN),0
Western Ill.,0.04304304304304304
