team,freq
Denver,0.002820874471086037
Kansas City,0.06629055007052187
North Dakota,0.015514809590973202
North Dakota St.,0.4372355430183357
Omaha,0.007052186177715092
Oral Roberts,0.009873060648801129
South Dakota,0.06205923836389281
South Dakota St.,0.3991537376586742
St. Thomas (MN),0
