team,freq
Denver,0.0020325203252032522
Kansas City,0.021341463414634148
North Dakota,0
North Dakota St.,0.049796747967479675
Omaha,0
Oral Roberts,0.2754065040650407
South Dakota,0.023373983739837397
South Dakota St.,0.589430894308943
St. Thomas (MN),0
Western Ill.,0.03861788617886179
