team,freq
Denver,0.05059203444564047
Kansas City,0.025834230355220665
North Dakota,0.006458557588805166
North Dakota St.,0.10441334768568353
Omaha,0.003229278794402583
Oral Roberts,0.4208826695371367
South Dakota,0.02906350914962325
South Dakota St.,0.3089343379978471
St. Thomas (MN),0
Western Ill.,0.05059203444564047
