team,freq
Denver,0.015350877192982455
Kansas City,0.05921052631578947
North Dakota,0.06469298245614034
North Dakota St.,0.20723684210526316
Omaha,0.04714912280701754
Oral Roberts,0.2883771929824561
South Dakota,0.06578947368421052
South Dakota St.,0.25219298245614036
St. Thomas (MN),0
