team,freq
Denver,0.01861427094105481
Kansas City,0.10134436401240952
North Dakota,0
North Dakota St.,0.1189245087900724
Omaha,0.001034126163391934
Oral Roberts,0.26370217166494314
South Dakota,0.04136504653567735
South Dakota St.,0.38676318510858326
St. Thomas (MN),0
Western Ill.,0.06825232678386764
