team,freq
Denver,0.13369713506139155
Kansas City,0.05320600272851296
North Dakota,0.08049113233287858
North Dakota St.,0.054570259208731244
Omaha,0.17735334242837655
Oral Roberts,0.1582537517053206
South Dakota,0.005457025920873124
South Dakota St.,0.3369713506139154
St. Thomas (MN),0
