team,freq
Denver,0.11262798634812288
Kansas City,0.053469852104664393
North Dakota,0.020477815699658702
North Dakota St.,0.16040955631399315
Omaha,0.027303754266211604
Oral Roberts,0.2946530147895336
South Dakota,0.020477815699658702
South Dakota St.,0.310580204778157
St. Thomas (MN),0
