team,freq
Denver,0.06177156177156177
Kansas City,0.05710955710955711
North Dakota,0.03613053613053613
North Dakota St.,0.14801864801864803
Omaha,0.0407925407925408
Oral Roberts,0.289044289044289
South Dakota,0.027972027972027972
South Dakota St.,0.33916083916083917
St. Thomas (MN),0
