team,freq
Denver,0.004188481675392671
Kansas City,0.012565445026178011
North Dakota,0
North Dakota St.,0.020942408376963352
Omaha,0.0020942408376963353
Oral Roberts,0.8701570680628272
South Dakota,0.0020942408376963353
South Dakota St.,0.07225130890052357
St. Thomas (MN),0
Western Ill.,0.015706806282722512
