team,freq
Denver,0.02538071065989848
Kansas City,0.06598984771573604
North Dakota,0.0010152284263959391
North Dakota St.,0.18274111675126903
Omaha,0.003045685279187817
Oral Roberts,0.21015228426395938
South Dakota,0.029441624365482234
South Dakota St.,0.43451776649746193
St. Thomas (MN),0
Western Ill.,0.047715736040609136
