team,freq
Denver,0.027455121436114043
Kansas City,0.06124604012671595
North Dakota,0
North Dakota St.,0.05807814149947202
Omaha,0.006335797254487857
Oral Roberts,0.6504751847940866
South Dakota,0.025343189017951427
South Dakota St.,0.13093980992608237
St. Thomas (MN),0
Western Ill.,0.04012671594508976
