team,freq
Denver,0.0063424947145877385
Kansas City,0.02748414376321353
North Dakota,0
North Dakota St.,0.05073995771670191
Omaha,0.0031712473572938693
Oral Roberts,0.758985200845666
South Dakota,0.004228329809725159
South Dakota St.,0.113107822410148
St. Thomas (MN),0
Western Ill.,0.03594080338266385
