team,freq
Denver,0.0010559662090813095
Kansas City,0.014783526927138333
North Dakota,0.0031678986272439284
North Dakota St.,0.029567053854276666
Omaha,0
Oral Roberts,0.8616684266103485
South Dakota,0.0010559662090813095
South Dakota St.,0.08130939809926083
St. Thomas (MN),0
Western Ill.,0.0073917634635691665
