team,freq
Denver,0.0021119324181626186
Kansas City,0.01795142555438226
North Dakota,0.004223864836325237
North Dakota St.,0.04329461457233368
Omaha,0.0010559662090813093
Oral Roberts,0.8310454065469904
South Dakota,0.003167898627243928
South Dakota St.,0.08342133051742344
St. Thomas (MN),0
Western Ill.,0.01372756071805702
