team,freq
Denver,0.005
Kansas City,0.033666666666666664
North Dakota,0
North Dakota St.,0.099
Omaha,0
Oral Roberts,0.14933333333333335
South Dakota,0.03833333333333333
South Dakota St.,0.6543333333333333
St. Thomas (MN),0
Western Ill.,0.020333333333333332
