team,freq
Denver,0.003006012024048096
Kansas City,0.017034068136272545
North Dakota,0
North Dakota St.,0.06713426853707415
Omaha,0
Oral Roberts,0.218436873747495
South Dakota,0.028056112224448898
South Dakota St.,0.6212424849699398
St. Thomas (MN),0
Western Ill.,0.04509018036072144
