team,freq
Denver,0.0030120481927710845
Kansas City,0.019076305220883535
North Dakota,0
North Dakota St.,0.09939759036144578
Omaha,0
Oral Roberts,0.16465863453815263
South Dakota,0.045180722891566265
South Dakota St.,0.6305220883534136
St. Thomas (MN),0
Western Ill.,0.03815261044176707
