team,freq
Denver,0.16767189384800968
Kansas City,0.03498190591073583
North Dakota,0.033775633293124246
North Dakota St.,0.11580217129071171
Omaha,0.03618817852834741
Oral Roberts,0.2496984318455971
South Dakota,0.012062726176115804
South Dakota St.,0.3498190591073583
St. Thomas (MN),0
