team,freq
Denver,0.22364672364672367
Kansas City,0.05270655270655271
North Dakota,0.01566951566951567
North Dakota St.,0.07407407407407407
Omaha,0.02421652421652422
Oral Roberts,0.25641025641025644
South Dakota,0.005698005698005698
South Dakota St.,0.3475783475783476
St. Thomas (MN),0
