team,freq
Denver,0.001011122345803842
Kansas City,0.025278058645096056
North Dakota,0
North Dakota St.,0.05662285136501516
Omaha,0
Oral Roberts,0.3326592517694641
South Dakota,0.012133468149646106
South Dakota St.,0.5439838220424671
St. Thomas (MN),0
Western Ill.,0.02831142568250758
