team,freq
Denver,0.024137931034482762
Kansas City,0.004597701149425287
North Dakota,0.011494252873563218
North Dakota St.,0.2850574712643678
Omaha,0.0034482758620689655
Oral Roberts,0.12758620689655173
South Dakota,0.035632183908045977
South Dakota St.,0.4689655172413793
St. Thomas (MN),0
Western Ill.,0.03908045977011495
