team,freq
Denver,0.006417112299465241
Kansas City,0.05561497326203209
North Dakota,0
North Dakota St.,0.08021390374331551
Omaha,0.011764705882352941
Oral Roberts,0.6727272727272727
South Dakota,0.010695187165775402
South Dakota St.,0.11336898395721925
St. Thomas (MN),0
Western Ill.,0.04919786096256685
