team,freq
Denver,0.008188331627430911
Kansas City,0.02661207778915046
North Dakota,0
North Dakota St.,0.02354145342886387
Omaha,0
Oral Roberts,0.8607983623336745
South Dakota,0.0020470829068577278
South Dakota St.,0.06550665301944729
St. Thomas (MN),0
Western Ill.,0.01330603889457523
