team,freq
Denver,0.00511770726714432
Kansas City,0.012282497441146368
North Dakota,0
North Dakota St.,0.03377686796315251
Omaha,0
Oral Roberts,0.3398157625383828
South Dakota,0.030706243602865915
South Dakota St.,0.5199590583418628
St. Thomas (MN),0
Western Ill.,0.05834186284544524
