team,freq
Denver,0.001497005988023952
Kansas City,0.05389221556886227
North Dakota,0.004491017964071856
North Dakota St.,0.40119760479041916
Omaha,0.04640718562874251
Oral Roberts,0.002994011976047904
South Dakota,0.0344311377245509
South Dakota St.,0.4550898203592814
St. Thomas (MN),0
