team,freq
Denver,0.004132231404958678
Kansas City,0.009297520661157025
North Dakota,0
North Dakota St.,0.045454545454545456
Omaha,0
Oral Roberts,0.43388429752066116
South Dakota,0.022727272727272728
South Dakota St.,0.4473140495867769
St. Thomas (MN),0
Western Ill.,0.0371900826446281
