team,freq
Denver,0.010130246020260494
Kansas City,0.056439942112879886
North Dakota,0.013024602026049204
North Dakota St.,0.40955137481910275
Omaha,0.004341534008683068
Oral Roberts,0.007235890014471781
South Dakota,0.054992764109985534
South Dakota St.,0.4442836468885673
St. Thomas (MN),0
