team,freq
Denver,0.0021008403361344537
Kansas City,0.012605042016806721
North Dakota,0.0031512605042016803
North Dakota St.,0.0430672268907563
Omaha,0
Oral Roberts,0.8434873949579832
South Dakota,0.0021008403361344537
South Dakota St.,0.08088235294117646
St. Thomas (MN),0
Western Ill.,0.012605042016806721
