team,freq
Denver,0.046255506607929514
Kansas City,0.04845814977973568
North Dakota,0.002202643171806167
North Dakota St.,0.06607929515418502
Omaha,0.01211453744493392
Oral Roberts,0.5859030837004405
South Dakota,0.01211453744493392
South Dakota St.,0.15859030837004404
St. Thomas (MN),0
Western Ill.,0.06828193832599119
