team,freq
Denver,0.003018108651911469
Kansas City,0.015090543259557344
North Dakota,0
North Dakota St.,0.06539235412474849
Omaha,0
Oral Roberts,0.25553319919517103
South Dakota,0.024144869215291753
South Dakota St.,0.5774647887323944
St. Thomas (MN),0
Western Ill.,0.059356136820925554
