team,freq
Denver,0.009666666666666667
Kansas City,0.034333333333333334
North Dakota,0
North Dakota St.,0.09533333333333334
Omaha,0
Oral Roberts,0.14166666666666666
South Dakota,0.044
South Dakota St.,0.6556666666666666
St. Thomas (MN),0
Western Ill.,0.019333333333333334
