team,freq
Denver,0.01016260162601626
Kansas City,0.014227642276422765
North Dakota,0
North Dakota St.,0.042682926829268296
Omaha,0
Oral Roberts,0.32418699186991873
South Dakota,0.04065040650406504
South Dakota St.,0.5396341463414634
St. Thomas (MN),0
Western Ill.,0.02845528455284553
