team,freq
Denver,0.010604453870625663
Kansas City,0.033934252386002124
North Dakota,0
North Dakota St.,0.042417815482502653
Omaha,0.006362672322375398
Oral Roberts,0.7476139978791092
South Dakota,0.0010604453870625664
South Dakota St.,0.12089077412513256
St. Thomas (MN),0
Western Ill.,0.037115588547189826
