team,freq
Denver,0.006465517241379311
Kansas City,0.1271551724137931
North Dakota,0
North Dakota St.,0.07112068965517242
Omaha,0.009698275862068966
Oral Roberts,0.6584051724137931
South Dakota,0.01724137931034483
South Dakota St.,0.0872844827586207
St. Thomas (MN),0
Western Ill.,0.02262931034482759
