team,freq
Denver,0.01986754966887417
Kansas City,0.0662251655629139
North Dakota,0.0011037527593818985
North Dakota St.,0.0706401766004415
Omaha,0.009933774834437085
Oral Roberts,0.6876379690949227
South Dakota,0.023178807947019868
South Dakota St.,0.09823399558498895
St. Thomas (MN),0
Western Ill.,0.023178807947019868
