team,freq
Denver,0.006333333333333333
Kansas City,0.035333333333333335
North Dakota,0
North Dakota St.,0.09466666666666666
Omaha,0
Oral Roberts,0.14566666666666667
South Dakota,0.041666666666666664
South Dakota St.,0.6573333333333333
St. Thomas (MN),0
Western Ill.,0.019
