team,freq
Denver,0.002104524728165556
Kansas City,0.0038582953349701856
North Dakota,0.0056120659417748155
North Dakota St.,0.07190459487898983
Omaha,0.0014030164854437039
Oral Roberts,0.7562258856541564
South Dakota,0.006664328305857593
South Dakota St.,0.14380918975797966
St. Thomas (MN),0
Western Ill.,0.008418098912662224
