team,freq
Denver,0.024210526315789474
Kansas City,0.049473684210526316
North Dakota,0.0031578947368421056
North Dakota St.,0.07789473684210527
Omaha,0.004210526315789474
Oral Roberts,0.3168421052631579
South Dakota,0.04315789473684211
South Dakota St.,0.43157894736842106
St. Thomas (MN),0
Western Ill.,0.049473684210526316
