team,freq
Denver,0.04069175991861648
Kansas City,0.1007121057985758
North Dakota,0
North Dakota St.,0.1780264496439471
Omaha,0.002034587995930824
Oral Roberts,0.19125127161749747
South Dakota,0.03458799593082401
South Dakota St.,0.4201424211597151
St. Thomas (MN),0
Western Ill.,0.03255340793489318
