team,freq
Denver,0.0041109969167523125
Kansas City,0.024665981500513877
North Dakota,0.0010277492291880781
North Dakota St.,0.03494347379239466
Omaha,0.006166495375128469
Oral Roberts,0.8396711202466598
South Dakota,0.0030832476875642346
South Dakota St.,0.059609455292908536
St. Thomas (MN),0
Western Ill.,0.02672147995889003
