team,freq
Denver,0.007526881720430108
Kansas City,0.03978494623655914
North Dakota,0.002150537634408602
North Dakota St.,0.03978494623655914
Omaha,0.002150537634408602
Oral Roberts,0.7591397849462366
South Dakota,0.004301075268817204
South Dakota St.,0.10645161290322581
St. Thomas (MN),0
Western Ill.,0.03870967741935484
