team,freq
Denver,0.005192107995846314
Kansas City,0.02699896157840083
North Dakota,0.0010384215991692627
North Dakota St.,0.032191069574247146
Omaha,0.004153686396677051
Oral Roberts,0.7964693665628245
South Dakota,0.005192107995846314
South Dakota St.,0.09138110072689512
St. Thomas (MN),0
Western Ill.,0.037383177570093455
