team,freq
Denver,0
Kansas City,0.021794871794871797
North Dakota,0.005128205128205128
North Dakota St.,0.4576923076923077
Omaha,0.0923076923076923
Oral Roberts,0
South Dakota,0.00641025641025641
South Dakota St.,0.4166666666666667
St. Thomas (MN),0
