team,freq
Denver,0.016519823788546256
Kansas City,0.0947136563876652
North Dakota,0
North Dakota St.,0.08700440528634362
Omaha,0.012114537444933921
Oral Roberts,0.6464757709251101
South Dakota,0.014317180616740088
South Dakota St.,0.08039647577092511
St. Thomas (MN),0
Western Ill.,0.048458149779735685
