team,freq
Denver,0.009641873278236915
Kansas City,0.06336088154269973
North Dakota,0.027548209366391185
North Dakota St.,0.3553719008264463
Omaha,0.009641873278236915
Oral Roberts,0.012396694214876032
South Dakota,0.07713498622589532
South Dakota St.,0.44490358126721763
St. Thomas (MN),0
