team,freq
App State,0
Arkansas St.,0.39070326587858145
Coastal Carolina,0
Ga. Southern,0
Georgia St.,0
James Madison,0.10799438990182328
Louisiana,0
Marshall,0.02324183530354638
Old Dominion,4.007212983370066e-4
South Alabama,0.1935483870967742
Southern Miss.,0
Texas St.,0
Troy,0.2841114005209377
ULM,0
