team,freq
Appalachian St.,0.19666666666666666
Arkansas St.,0.095
Coastal Carolina,0
Ga. Southern,0.030333333333333334
Georgia St.,0.147
Little Rock,0.0036666666666666666
Louisiana,0.09466666666666666
South Alabama,0
Texas St.,0.26
Troy,0.17266666666666666
ULM,0
UT Arlington,0
