team,freq
Appalachian St.,0.131
Arkansas St.,0.058
Coastal Carolina,0.11966666666666667
Ga. Southern,0.0023333333333333335
Georgia St.,0.13833333333333334
Little Rock,3.333333333333333e-4
Louisiana,0.042
South Alabama,0.206
Texas St.,0.206
Troy,0.07666666666666666
ULM,0.004
UT Arlington,0.015666666666666666
