team,freq
Appalachian St.,0.13766666666666666
Arkansas St.,0.063
Coastal Carolina,0.11866666666666667
Ga. Southern,0.004666666666666667
Georgia St.,0.126
Little Rock,0
Louisiana,0.03666666666666667
South Alabama,0.20266666666666666
Texas St.,0.20833333333333334
Troy,0.08366666666666667
ULM,0.003
UT Arlington,0.015666666666666666
