team,freq
Abilene Christian,0.006160164271047228
California Baptist,0
Grand Canyon,0.12217659137577001
New Mexico St.,0.1570841889117043
Sam Houston,0.35523613963039014
Seattle U,0.03182751540041068
SFA,0.029774127310061602
Southern Utah,0.030800821355236138
Tarleton St.,0
UT Arlington,0
Utah Tech,0
Utah Valley,0.2669404517453799
UTRGV,0
