team,freq
Abilene Christian,0.0062047569803516025
California Baptist,0
Grand Canyon,0.18304033092037225
New Mexico St.,0.07859358841778696
Sam Houston,0.35470527404343327
Seattle U,0.028955532574974144
SFA,0.04550155118924508
Southern Utah,0.02998965873836608
Tarleton St.,0
UT Arlington,0
Utah Tech,0
Utah Valley,0.2730093071354705
UTRGV,0
