team,freq
Abilene Christian,0.0010672358591248667
California Baptist,0.0416221985058698
Grand Canyon,0.6627534685165422
SFA,0.05656350053361793
Seattle U,0.15901814300960512
Southern Utah,0.007470651013874067
Tarleton St.,0
UT Arlington,0.054429028815368194
UTRGV,0
Utah Tech,0
Utah Valley,0.017075773745997867
