team,freq
Abilene Christian,0.010373443983402491
California Baptist,0.02178423236514523
Grand Canyon,0.0487551867219917
New Mexico St.,0
SFA,0.09336099585062241
Sam Houston,0.3215767634854772
Seattle U,0.047717842323651456
Southern Utah,0.1670124481327801
Tarleton St.,0
UT Arlington,0.006224066390041494
UTRGV,0
Utah Tech,0
Utah Valley,0.283195020746888
