team,freq
Abilene Christian,0.010775862068965516
California Baptist,0.02586206896551724
Grand Canyon,0.49245689655172414
SFA,0.11961206896551724
Seattle U,0.27370689655172414
Southern Utah,0.017241379310344827
Tarleton St.,0
UT Arlington,0.030172413793103446
UTRGV,0.0010775862068965517
Utah Tech,0
Utah Valley,0.029094827586206896
