team,freq
Abilene Christian,0.00411522633744856
California Baptist,0
Grand Canyon,0.13991769547325103
New Mexico St.,0.49588477366255146
Sam Houston,0.21502057613168724
Seattle U,0.07818930041152264
SFA,0.02469135802469136
Southern Utah,0.013374485596707819
Tarleton St.,0
UT Arlington,0
Utah Tech,0
Utah Valley,0.02880658436213992
UTRGV,0
