team,freq
Abilene Christian,0.052200614124872056
California Baptist,0
Chicago St.,0
Dixie St.,0
Grand Canyon,0.2640736949846469
Lamar University,0
New Mexico St.,0.2507676560900716
Sam Houston St.,0.057318321392016376
Seattle U,0.11668372569089049
SFA,0.13715455475946778
Tarleton St.,0
Utah Valley,0.12180143295803479
UTRGV,0
