team,freq
Abilene Christian,0
California Baptist,0
Grand Canyon,0.05708460754332314
New Mexico St.,0
Sam Houston,0.3853211009174312
Seattle U,0.09072375127421
SFA,0.08460754332313966
Southern Utah,0.12436289500509684
Tarleton St.,0
UT Arlington,0
Utah Tech,0
Utah Valley,0.2579001019367992
UTRGV,0
