team,freq
Abilene Christian,0.05408163265306122
California Baptist,0
Chicago St.,0
Dixie St.,0
Grand Canyon,0.21428571428571427
Lamar University,0
New Mexico St.,0.28163265306122454
Sam Houston St.,0.05204081632653061
Seattle U,0.12755102040816327
SFA,0.1826530612244898
Tarleton St.,0
Utah Valley,0.08775510204081632
UTRGV,0
