team,freq
Abilene Christian,0.06734006734006734
California Baptist,0.04208754208754209
Grand Canyon,0.5404040404040404
SFA,0.08754208754208755
Seattle U,0.14141414141414144
Southern Utah,0.0033670033670033673
Tarleton St.,0
UT Arlington,0.03367003367003367
UTRGV,0.0016835016835016836
Utah Tech,0
Utah Valley,0.0824915824915825
