team,freq
Abilene Christian,0.047520661157024795
California Baptist,0
Chicago St.,0
Dixie St.,0
Grand Canyon,0.23863636363636365
Lamar University,0
New Mexico St.,0.3037190082644628
Sam Houston St.,0.05888429752066116
Seattle U,0.10537190082644628
SFA,0.13326446280991736
Tarleton St.,0
Utah Valley,0.11260330578512397
UTRGV,0
