team,freq
Abilene Christian,0.0010298661174047373
California Baptist,0
Grand Canyon,0.2337796086508754
New Mexico St.,0.016477857878475798
Sam Houston,0.22760041194644698
Seattle U,0.06385169927909372
SFA,0.08032955715756952
Southern Utah,0.0690010298661174
Tarleton St.,0
UT Arlington,0
Utah Tech,0
Utah Valley,0.3079299691040165
UTRGV,0
