team,freq
Abilene Christian,0.012195121951219511
California Baptist,0.02106430155210643
Grand Canyon,0.5997782705099779
SFA,0.03104212860310421
Seattle U,0.14745011086474502
Southern Utah,0.0033259423503325942
Tarleton St.,0
UT Arlington,0.14523281596452328
UTRGV,0
Utah Tech,0
Utah Valley,0.03991130820399113
