team,freq
Abilene Christian,0.0010121457489878543
California Baptist,0
Grand Canyon,0.0819838056680162
New Mexico St.,0
SFA,0.0688259109311741
Sam Houston,0.3066801619433198
Seattle U,0.042510121457489884
Southern Utah,0.1396761133603239
Tarleton St.,0
UT Arlington,0
UTRGV,0
Utah Tech,0
Utah Valley,0.35931174089068824
