team,freq
Abilene Christian,0
California Baptist,0
Grand Canyon,0.18944099378881987
New Mexico St.,0.008281573498964804
Sam Houston,0.3115942028985507
Seattle U,0.08178053830227744
SFA,0.061076604554865424
Southern Utah,0.08902691511387163
Tarleton St.,0
UT Arlington,0
Utah Tech,0
Utah Valley,0.2587991718426501
UTRGV,0
