team,freq
Abilene Christian,0.011640211640211638
California Baptist,0
Grand Canyon,0.11746031746031746
New Mexico St.,0.344973544973545
Sam Houston,0.2878306878306878
Seattle U,0.02751322751322751
SFA,0.023280423280423276
Southern Utah,0.02857142857142857
Tarleton St.,0
UT Arlington,0.001058201058201058
Utah Tech,0
Utah Valley,0.15767195767195766
UTRGV,0
