team,freq
Abilene Christian,0.0010245901639344263
California Baptist,0
Grand Canyon,0.055327868852459015
New Mexico St.,0
SFA,0.05430327868852459
Sam Houston,0.4139344262295082
Seattle U,0.04405737704918033
Southern Utah,0.14651639344262293
Tarleton St.,0
UT Arlington,0
UTRGV,0
Utah Tech,0
Utah Valley,0.2848360655737705
