team,freq
Abilene Christian,0.08426395939086295
California Baptist,0
Chicago St.,0
Dixie St.,0
Grand Canyon,0.18274111675126903
Lamar University,0
New Mexico St.,0.35532994923857864
Sam Houston St.,0.046700507614213196
Seattle U,0.11472081218274112
SFA,0.1065989847715736
Tarleton St.,0
Utah Valley,0.10964467005076142
UTRGV,0
