team,freq
Abilene Christian,0
California Baptist,0
Grand Canyon,0.14008179959100206
New Mexico St.,0.43660531697341515
Sam Houston,0.21267893660531698
Seattle U,0.11860940695296525
SFA,0.03578732106339469
Southern Utah,0.014314928425357873
Tarleton St.,0
UT Arlington,0.0010224948875255625
Utah Tech,0
Utah Valley,0.0408997955010225
UTRGV,0
