team,freq
Abilene Christian,0.20700636942675157
California Baptist,0
Chicago St.,0
Dixie St.,0
Grand Canyon,0.1751592356687898
Lamar University,0
New Mexico St.,0.22399150743099785
Sam Houston St.,0.003184713375796178
Seattle U,0.06157112526539278
SFA,0.1326963906581741
Tarleton St.,0
Utah Valley,0.19639065817409765
UTRGV,0
