team,freq
Abilene Christian,0.08191126279863482
California Baptist,0.04436860068259386
Grand Canyon,0.5648464163822526
SFA,0.16211604095563142
Seattle U,0.09044368600682594
Southern Utah,0.003412969283276451
Tarleton St.,0
UT Arlington,0.008532423208191127
UTRGV,0.0017064846416382255
Utah Tech,0
Utah Valley,0.042662116040955635
