team,freq
Abilene Christian,0.00522466039707419
California Baptist,0
Grand Canyon,0.14315569487983282
New Mexico St.,0.2612330198537095
Sam Houston,0.25182863113897597
Seattle U,0.027168234064785787
SFA,0.017763845350052248
Southern Utah,0.05329153605015674
Tarleton St.,0
UT Arlington,0
Utah Tech,0
Utah Valley,0.24033437826541276
UTRGV,0
