team,freq
Abilene Christian,0.07225130890052357
California Baptist,0
Chicago St.,0
Dixie St.,0
Grand Canyon,0.19790575916230368
Lamar University,0
New Mexico St.,0.2649214659685864
Sam Houston St.,0.05340314136125655
Seattle U,0.1392670157068063
SFA,0.08900523560209425
Tarleton St.,0
Utah Valley,0.18324607329842932
UTRGV,0
