team,freq
Abilene Christian,0.04835390946502058
California Baptist,0
Chicago St.,0
Dixie St.,0
Grand Canyon,0.22530864197530864
Lamar University,0
New Mexico St.,0.30761316872427985
Sam Houston St.,0.04938271604938272
Seattle U,0.11625514403292182
SFA,0.13168724279835392
Tarleton St.,0
Utah Valley,0.12139917695473251
UTRGV,0
