team,freq
Abilene Christian,0.1236786469344609
California Baptist,0
Chicago St.,0
Dixie St.,0
Grand Canyon,0.27378435517970406
Lamar University,0
New Mexico St.,0.2642706131078224
Sam Houston St.,0.007399577167019028
Seattle U,0.059196617336152224
SFA,0.113107822410148
Tarleton St.,0
Utah Valley,0.15750528541226216
UTRGV,0.0010570824524312897
