team,freq
Abilene Christian,0
California Baptist,0
Grand Canyon,0.044715447154471545
New Mexico St.,0
SFA,0.04065040650406504
Sam Houston,0.3384146341463415
Seattle U,0.023373983739837397
Southern Utah,0.13719512195121952
Tarleton St.,0
UT Arlington,0
UTRGV,0
Utah Tech,0
Utah Valley,0.41565040650406504
