team,freq
Abilene Christian,0.09403437815975733
California Baptist,0
Grand Canyon,0.21739130434782608
New Mexico St.,0.46410515672396363
Sam Houston,0.01314459049544995
Seattle U,0.0859453993933266
SFA,0.05864509605662285
Southern Utah,0.01314459049544995
Tarleton St.,0
UT Arlington,0.0020222446916076846
Utah Tech,0
Utah Valley,0.05156723963599595
UTRGV,0
