team,freq
Abilene Christian,0.017838405036726127
California Baptist,0.033578174186778595
Grand Canyon,0.47219307450157394
SFA,0.12381951731374605
Seattle U,0.2833158447009444
Southern Utah,0.008394543546694649
Tarleton St.,0
UT Arlington,0.028331584470094436
UTRGV,0
Utah Tech,0
Utah Valley,0.03252885624344176
