team,freq
Abilene Christian,0
California Baptist,0
Grand Canyon,0.1418293936279548
New Mexico St.,0.0020554984583761563
Sam Houston,0.31243576567317577
Seattle U,0.08530318602261049
SFA,0.05344295991778006
Southern Utah,0.0750256937307297
Tarleton St.,0
UT Arlington,0
Utah Tech,0
Utah Valley,0.32990750256937307
UTRGV,0
