team,freq
Abilene Christian,0
California Baptist,0
Grand Canyon,0.04923076923076923
New Mexico St.,0
SFA,0.06358974358974359
Sam Houston,0.4153846153846154
Seattle U,0.038974358974358976
Southern Utah,0.13641025641025642
Tarleton St.,0
UT Arlington,0
UTRGV,0
Utah Tech,0
Utah Valley,0.2964102564102564
