team,freq
Abilene Christian,0.039742212674543496
California Baptist,0.10204081632653061
Grand Canyon,0.3619763694951665
SFA,0.2158968850698174
Seattle U,0.16541353383458646
Southern Utah,0.009667024704618688
Tarleton St.,0
UT Arlington,0.06981740064446831
UTRGV,0
Utah Tech,0
Utah Valley,0.03544575725026853
