team,freq
Abilene Christian,0.24034334763948498
California Baptist,0
Chicago St.,0
Dixie St.,0
Grand Canyon,0.13948497854077252
Lamar University,0.001072961373390558
New Mexico St.,0.21351931330472104
Sam Houston St.,0.001072961373390558
Seattle U,0.045064377682403435
SFA,0.15128755364806865
Tarleton St.,0
Utah Valley,0.20815450643776823
UTRGV,0
