team,freq
Abilene Christian,0
California Baptist,0
Grand Canyon,0.054878048780487805
New Mexico St.,0
SFA,0.03861788617886179
Sam Houston,0.3404471544715447
Seattle U,0.018292682926829267
Southern Utah,0.14329268292682926
Tarleton St.,0
UT Arlington,0
UTRGV,0
Utah Tech,0
Utah Valley,0.40447154471544716
