team,freq
Abilene Christian,0.005219206680584551
California Baptist,0.04697286012526095
Grand Canyon,0.5730688935281837
SFA,0.15240083507306887
Seattle U,0.16075156576200417
Southern Utah,0.007306889352818371
Tarleton St.,0
UT Arlington,0.031315240083507306
UTRGV,0
Utah Tech,0
Utah Valley,0.022964509394572022
