team,freq
Abilene Christian,0.015021459227467813
California Baptist,0.042918454935622324
Grand Canyon,0.5160944206008584
SFA,0.09871244635193134
Seattle U,0.26180257510729615
Southern Utah,0.00965665236051502
Tarleton St.,0
UT Arlington,0.026824034334763953
UTRGV,0.001072961373390558
Utah Tech,0
Utah Valley,0.027896995708154508
