team,freq
Abilene Christian,0.02637130801687764
California Baptist,0.048523206751054856
Grand Canyon,0.4905063291139241
SFA,0.1529535864978903
Seattle U,0.18248945147679324
Southern Utah,0.011603375527426161
Tarleton St.,0
UT Arlington,0.048523206751054856
UTRGV,0
Utah Tech,0
Utah Valley,0.039029535864978905
