team,freq
Abilene Christian,0.08618899273104881
California Baptist,0
Chicago St.,0
Dixie St.,0
Grand Canyon,0.23260643821391486
Lamar University,0
New Mexico St.,0.24610591900311526
Sam Houston St.,0.058151609553478714
Seattle U,0.13291796469366562
SFA,0.06334371754932502
Tarleton St.,0
Utah Valley,0.1806853582554517
UTRGV,0
