team,freq
Abilene Christian,0.03466386554621849
California Baptist,0.056722689075630245
Grand Canyon,0.4170168067226891
SFA,0.19012605042016806
Seattle U,0.19432773109243695
Southern Utah,0.007352941176470588
Tarleton St.,0
UT Arlington,0.0472689075630252
UTRGV,0
Utah Tech,0
Utah Valley,0.052521008403361345
