team,freq
Abilene Christian,0.006299580027998133
California Baptist,0.006299580027998133
Grand Canyon,0.727484834344377
SFA,0.027064862342510494
Seattle U,0.0965935604293047
Southern Utah,0
Tarleton St.,0
UT Arlington,0.11992533831077927
UTRGV,0
Utah Tech,0
Utah Valley,0.016332244517032198
