team,freq
Abilene Christian,0.006109979633401222
California Baptist,0
Grand Canyon,0.20570264765784116
New Mexico St.,0.4663951120162933
Sam Houston,0.06517311608961304
Seattle U,0.09775967413441955
SFA,0.09470468431771895
Southern Utah,0.024439918533604887
Tarleton St.,0
UT Arlington,0.0050916496945010185
Utah Tech,0
Utah Valley,0.034623217922606926
UTRGV,0
