team,freq
Abilene Christian,0.00563063063063063
California Baptist,0.018018018018018018
Grand Canyon,0.5777027027027027
SFA,0.02927927927927928
Seattle U,0.2331081081081081
Southern Utah,0.006756756756756757
Tarleton St.,0
UT Arlington,0.0822072072072072
UTRGV,0
Utah Tech,0
Utah Valley,0.0472972972972973
