team,freq
Abilene Christian,0.046
California Baptist,0
Chicago St.,0
Dixie St.,0
Grand Canyon,0.22333333333333333
Lamar University,0
New Mexico St.,0.36466666666666664
Sam Houston St.,0.025333333333333333
Seattle U,0.16633333333333333
SFA,0.14866666666666667
Tarleton St.,0
Utah Valley,0.025666666666666667
UTRGV,0
