team,freq
Abilene Christian,0.0010235414534288639
California Baptist,0
Grand Canyon,0.17093142272262027
New Mexico St.,0.0020470829068577278
Sam Houston,0.31218014329580346
Seattle U,0.09928352098259981
SFA,0.06550665301944729
Southern Utah,0.09825997952917094
Tarleton St.,0
UT Arlington,0
Utah Tech,0
Utah Valley,0.2507676560900716
UTRGV,0
