team,freq
Abilene Christian,0.003128258602711157
California Baptist,0
Grand Canyon,0.10427528675703858
New Mexico St.,0.14494264859228362
Sam Houston,0.40667361835245047
Seattle U,0.02711157455683003
SFA,0.019812304483837327
Southern Utah,0.03128258602711157
Tarleton St.,0
UT Arlington,0
Utah Tech,0
Utah Valley,0.2627737226277372
UTRGV,0
