team,freq
Abilene Christian,0.11007268951194185
California Baptist,0
Chicago St.,0
Dixie St.,0
Grand Canyon,0.308411214953271
Lamar University,0
New Mexico St.,0.28660436137071654
Sam Houston St.,0.006230529595015577
Seattle U,0.08722741433021808
SFA,0.0529595015576324
Tarleton St.,0
Utah Valley,0.1453790238836968
UTRGV,0.0031152647975077885
