team,freq
Abilene Christian,0.04989816700610998
California Baptist,0
Chicago St.,0
Dixie St.,0
Grand Canyon,0.21181262729124237
Lamar University,0
New Mexico St.,0.29022403258655805
Sam Houston St.,0.06109979633401222
Seattle U,0.17006109979633402
SFA,0.12423625254582485
Tarleton St.,0
Utah Valley,0.09266802443991853
UTRGV,0
