team,freq
Abilene Christian,0
California Baptist,0.018329466357308588
Grand Canyon,0.7252900232018561
SFA,0.043851508120649654
Seattle U,0.10139211136890952
Southern Utah,0
Tarleton St.,0
UT Arlington,0.1111368909512761
UTRGV,0
Utah Tech,0
Utah Valley,0
