team,freq
Abilene Christian,0
California Baptist,0
Grand Canyon,0.06141248720573183
New Mexico St.,0.526100307062436
Sam Houston,0.11463664278403275
Seattle U,0.1269191402251791
SFA,0.12077789150460594
Southern Utah,0.028659160696008188
Tarleton St.,0
UT Arlington,0
Utah Tech,0
Utah Valley,0.021494370522006142
UTRGV,0
