team,freq
Abilene Christian,0.007950224680262703
California Baptist,0.01935706878672658
Grand Canyon,0.06533010715520221
New Mexico St.,0
SFA,0.027307293466989284
Sam Houston,0.3522295195298997
Seattle U,0.05184929139301763
Southern Utah,0.13446249567922572
Tarleton St.,0
UT Arlington,0.0017283097131005876
UTRGV,0.00138264777048047
Utah Tech,0
Utah Valley,0.338403041825095
