team,freq
Abilene Christian,0.0031948881789137383
California Baptist,0.04898828541001065
Grand Canyon,0.6272630457933972
SFA,0.059637912673056445
Seattle U,0.18423855165069222
Southern Utah,0.011714589989350373
Tarleton St.,0
UT Arlington,0.04898828541001065
UTRGV,0
Utah Tech,0
Utah Valley,0.01597444089456869
