team,freq
Abilene Christian,0.03925619834710744
California Baptist,0
Chicago St.,0
Dixie St.,0
Grand Canyon,0.27582644628099173
Lamar University,0
New Mexico St.,0.30061983471074377
Sam Houston St.,0.045454545454545456
Seattle U,0.09917355371900827
SFA,0.16219008264462811
Tarleton St.,0
Utah Valley,0.07747933884297521
UTRGV,0
