team,freq
Abilene Christian,0.052356020942408384
California Baptist,0
Chicago St.,0
Dixie St.,0
Grand Canyon,0.19476439790575917
Lamar University,0
New Mexico St.,0.3068062827225131
Sam Houston St.,0.06596858638743455
Seattle U,0.14031413612565447
SFA,0.1193717277486911
Tarleton St.,0
Utah Valley,0.1193717277486911
UTRGV,0.0010471204188481676
