team,freq
Abilene Christian,0.009605122732123798
California Baptist,0.03842049092849519
Grand Canyon,0.5560298826040555
SFA,0.12379935965848453
Seattle U,0.18996798292422623
Southern Utah,0.004268943436499467
Tarleton St.,0
UT Arlington,0.03628601921024546
UTRGV,0
Utah Tech,0
Utah Valley,0.0416221985058698
