team,freq
Abilene Christian,0.09417989417989418
California Baptist,0
Chicago St.,0
Dixie St.,0
Grand Canyon,0.2031746031746032
Lamar University,0
New Mexico St.,0.23597883597883598
Sam Houston St.,0.04338624338624339
Seattle U,0.1259259259259259
SFA,0.10582010582010583
Tarleton St.,0
Utah Valley,0.19153439153439153
UTRGV,0
