team,freq
Abilene Christian,0.0040609137055837565
California Baptist,0
Grand Canyon,0.0730964467005076
New Mexico St.,0
SFA,0.08426395939086295
Sam Houston,0.3065989847715736
Seattle U,0.0365482233502538
Southern Utah,0.1583756345177665
Tarleton St.,0
UT Arlington,0
UTRGV,0
Utah Tech,0
Utah Valley,0.3370558375634518
