team,freq
Abilene Christian,0
California Baptist,0
Grand Canyon,0.051934826883910386
New Mexico St.,0
Sam Houston,0.39918533604887985
Seattle U,0.08044806517311609
SFA,0.09063136456211812
Southern Utah,0.11405295315682282
Tarleton St.,0
UT Arlington,0
Utah Tech,0
Utah Valley,0.2637474541751528
UTRGV,0
