team,freq
Abilene Christian,0.004449388209121246
California Baptist,0.01668520578420467
Grand Canyon,0.5884315906562848
SFA,0.03781979977753059
Seattle U,0.23692992213570632
Southern Utah,0.004449388209121246
Tarleton St.,0
UT Arlington,0.08120133481646273
UTRGV,0
Utah Tech,0
Utah Valley,0.030033370411568408
