team,freq
Abilene Christian,0.09608091024020227
California Baptist,0.046776232616940576
Grand Canyon,0.2654867256637168
SFA,0.06700379266750947
Seattle U,0.11504424778761062
Southern Utah,0.0025284450063211123
Tarleton St.,0
UT Arlington,0.0037926675094816687
UTRGV,0
Utah Tech,0
Utah Valley,0.40328697850821743
