team,freq
Abilene Christian,0.03979591836734694
California Baptist,0
Chicago St.,0
Dixie St.,0
Grand Canyon,0.19489795918367347
Lamar University,0
New Mexico St.,0.3112244897959184
Sam Houston St.,0.05612244897959184
Seattle U,0.17857142857142858
SFA,0.13367346938775512
Tarleton St.,0
Utah Valley,0.08571428571428572
UTRGV,0
