team,freq
Abilene Christian,0.012345679012345678
California Baptist,0.0202020202020202
Grand Canyon,0.6060606060606061
SFA,0.024691358024691357
Seattle U,0.17845117845117844
Southern Utah,0.004489337822671156
Tarleton St.,0
UT Arlington,0.13243546576879908
UTRGV,0
Utah Tech,0
Utah Valley,0.02132435465768799
