team,freq
Abilene Christian,0.0010330578512396695
California Baptist,0
Grand Canyon,0.1115702479338843
New Mexico St.,0
Sam Houston,0.3047520661157025
Seattle U,0.1384297520661157
SFA,0.04028925619834711
Southern Utah,0.07644628099173553
Tarleton St.,0
UT Arlington,0
Utah Tech,0
Utah Valley,0.3274793388429752
UTRGV,0
