team,freq
Abilene Christian,0.007963594994311717
California Baptist,0.021615472127417518
Grand Canyon,0.6097838452787259
SFA,0.029579067121729235
Seattle U,0.14903299203640502
Southern Utah,0.004550625711035267
Tarleton St.,0
UT Arlington,0.15244596131968147
UTRGV,0
Utah Tech,0
Utah Valley,0.02502844141069397
