team,freq
Abilene Christian,0.0491283676703645
California Baptist,0.057052297939778125
Grand Canyon,0.35340729001584786
SFA,0.25039619651347067
Seattle U,0.07606973058637084
Southern Utah,0.014263074484944531
Tarleton St.,0
UT Arlington,0.06339144215530904
UTRGV,0.003169572107765452
Utah Tech,0
Utah Valley,0.133122028526149
