team,freq
Abilene Christian,0.00101010101010101
California Baptist,0
Grand Canyon,0.06060606060606061
New Mexico St.,0
SFA,0.07373737373737374
Sam Houston,0.3202020202020202
Seattle U,0.04141414141414142
Southern Utah,0.13131313131313133
Tarleton St.,0
UT Arlington,0
UTRGV,0
Utah Tech,0
Utah Valley,0.3717171717171717
