team,freq
Abilene Christian,0.012401352874859075
California Baptist,0.014656144306651634
Grand Canyon,0.5975197294250282
SFA,0.03269447576099211
Seattle U,0.17249154453213078
Southern Utah,0.005636978579481398
Tarleton St.,0
UT Arlington,0.12288613303269448
UTRGV,0
Utah Tech,0
Utah Valley,0.04171364148816234
