team,freq
Abilene Christian,0.2013888888888889
California Baptist,0.07361111111111111
Grand Canyon,0.06111111111111111
SFA,0.030555555555555555
Seattle U,0.09166666666666667
Southern Utah,0
Tarleton St.,0
UT Arlington,0.011111111111111112
UTRGV,0.006944444444444445
Utah Tech,0
Utah Valley,0.5236111111111111
