team,freq
Abilene Christian,0.1148577449947313
California Baptist,0
Chicago St.,0
Dixie St.,0
Grand Canyon,0.23182297154899895
Lamar University,0
New Mexico St.,0.18440463645943098
Sam Houston St.,0.0273972602739726
Seattle U,0.12012644889357219
SFA,0.166491043203372
Tarleton St.,0
Utah Valley,0.15384615384615385
UTRGV,0.0010537407797681772
