team,freq
Abilene Christian,0.06808943089430895
California Baptist,0
Chicago St.,0
Dixie St.,0
Grand Canyon,0.25914634146341464
Lamar University,0
New Mexico St.,0.2378048780487805
Sam Houston St.,0.049796747967479675
Seattle U,0.13821138211382114
SFA,0.14126016260162602
Tarleton St.,0
Utah Valley,0.1056910569105691
UTRGV,0
