team,freq
Abilene Christian,0.0814663951120163
California Baptist,0
Chicago St.,0
Dixie St.,0
Grand Canyon,0.26272912423625255
Lamar University,0
New Mexico St.,0.225050916496945
Sam Houston St.,0.05295315682281059
Seattle U,0.10488798370672098
SFA,0.15580448065173116
Tarleton St.,0
Utah Valley,0.11710794297352344
UTRGV,0
