team,freq
Abilene Christian,0.10232067510548523
California Baptist,0
Chicago St.,0
Dixie St.,0
Grand Canyon,0.3175105485232067
Lamar University,0
New Mexico St.,0.2805907172995781
Sam Houston St.,0.008438818565400843
Seattle U,0.060126582278481014
SFA,0.08438818565400844
Tarleton St.,0
Utah Valley,0.14662447257383968
UTRGV,0
