team,freq
Abilene Christian,0.002072538860103627
California Baptist,0.05699481865284974
Grand Canyon,0.5979274611398964
SFA,0.10466321243523317
Seattle U,0.17305699481865286
Southern Utah,0.010362694300518135
Tarleton St.,0
UT Arlington,0.03419689119170985
UTRGV,0
Utah Tech,0
Utah Valley,0.02072538860103627
