team,freq
Abilene Christian,0.06967213114754099
California Baptist,0
Chicago St.,0
Dixie St.,0
Grand Canyon,0.29405737704918034
Lamar University,0
New Mexico St.,0.2264344262295082
Sam Houston St.,0.0389344262295082
Seattle U,0.11782786885245902
SFA,0.14959016393442623
Tarleton St.,0
Utah Valley,0.10348360655737705
UTRGV,0
