team,freq
Abilene Christian,0.0020876826722338207
California Baptist,0
Grand Canyon,0.17849686847599167
New Mexico St.,0.031315240083507306
Sam Houston,0.3423799582463466
Seattle U,0.04384133611691023
SFA,0.055323590814196244
Southern Utah,0.036534446764091864
Tarleton St.,0
UT Arlington,0
Utah Tech,0
Utah Valley,0.31002087682672236
UTRGV,0
