team,freq
Abilene Christian,0.019999999999999997
California Baptist,0.016666666666666666
Grand Canyon,0.6022222222222222
SFA,0.03333333333333333
Seattle U,0.13666666666666666
Southern Utah,0.003333333333333333
Tarleton St.,0
UT Arlington,0.15333333333333335
UTRGV,0
Utah Tech,0
Utah Valley,0.034444444444444444
