team,freq
Abilene Christian,0.0073145245559038665
California Baptist,0.04806687565308255
Grand Canyon,0.5966562173458725
SFA,0.11389759665621735
Seattle U,0.16927899686520378
Southern Utah,0.0031347962382445144
Tarleton St.,0
UT Arlington,0.03761755485893417
UTRGV,0
Utah Tech,0
Utah Valley,0.024033437826541274
