team,freq
Abilene Christian,0.025835866261398176
California Baptist,0.11398176291793312
Grand Canyon,0.3191489361702127
SFA,0.19300911854103342
Seattle U,0.06382978723404255
Southern Utah,0
Tarleton St.,0
UT Arlington,0.015197568389057751
UTRGV,0.0060790273556231
Utah Tech,0
Utah Valley,0.26291793313069906
