team,freq
Abilene Christian,0.20405982905982906
California Baptist,0
Chicago St.,0
Dixie St.,0
Grand Canyon,0.17414529914529914
Lamar University,0
New Mexico St.,0.24358974358974358
Sam Houston St.,0.0021367521367521365
Seattle U,0.049145299145299144
SFA,0.15384615384615383
Tarleton St.,0
Utah Valley,0.17307692307692307
UTRGV,0
