team,freq
Abilene Christian,0
California Baptist,0
Grand Canyon,0.03951367781155015
New Mexico St.,0
SFA,0.06889564336372847
Sam Houston,0.3525835866261398
Seattle U,0.031408308004052685
Southern Utah,0.13373860182370823
Tarleton St.,0
UT Arlington,0
UTRGV,0
Utah Tech,0
Utah Valley,0.3738601823708207
