team,freq
Gonzaga,0.5780000000000001
LMU (CA),0.019000000000000003
Pacific,0
Pepperdine,0.0020000000000000005
Portland,0.005000000000000001
Saint Mary's (CA),0.28200000000000003
San Diego,0.0030000000000000005
San Francisco,0.09800000000000002
Santa Clara,0.013000000000000001
