team,freq
Gonzaga,0.5650000000000001
LMU (CA),0.013000000000000001
Pacific,0.013000000000000001
Pepperdine,0.007000000000000001
Portland,0.011000000000000001
Saint Mary's (CA),0.014000000000000002
San Diego,0.0020000000000000005
San Francisco,0.020000000000000004
Santa Clara,0.35500000000000004
