team,freq
BYU,0.014000000000000002
Gonzaga,0.34900000000000003
LMU (CA),0.026000000000000002
Pacific,0
Pepperdine,0
Portland,0
Saint Mary's (CA),0.5790000000000001
San Diego,0
San Francisco,0.009000000000000001
Santa Clara,0.023000000000000003
