team,freq
Gonzaga,0.5710000000000001
LMU (CA),0
Oregon St.,0.07100000000000001
Pacific,0
Pepperdine,0
Portland,0
Saint Mary's (CA),0.29300000000000004
San Diego,0
San Francisco,0.017000000000000005
Santa Clara,0.045000000000000005
Washington St.,0.0030000000000000005
