team,freq
BYU,0.017000000000000005
Gonzaga,0.35500000000000004
LMU (CA),0.023000000000000003
Pacific,0
Pepperdine,0
Portland,0
Saint Mary's (CA),0.5700000000000001
San Diego,0.0010000000000000002
San Francisco,0.004000000000000001
Santa Clara,0.030000000000000002
