team,freq
BYU,0.13429336905559275
Gonzaga,0.730408573342264
LMU (CA),0.055257870060281315
Pacific,0.0010046885465505695
Pepperdine,0
Portland,0
Saint Mary's (CA),0
San Diego,0
San Francisco,0
Santa Clara,0.07903549899531145
