team,freq
BYU,0.009
Gonzaga,0.7876666666666666
LMU (CA),0
Pacific,0
Pepperdine,0
Portland,0
Saint Mary's (CA),0.14466666666666667
San Diego,0
San Francisco,0.04133333333333333
Santa Clara,0.017333333333333333
