team,freq
BYU,0.007
Gonzaga,0.7923333333333333
LMU (CA),0
Pacific,0
Pepperdine,0
Portland,6.666666666666666e-4
Saint Mary's (CA),0.13433333333333333
San Diego,0
San Francisco,0.046
Santa Clara,0.019666666666666666
