team,freq
BYU,0.004333333333333334
Gonzaga,0.7786666666666667
LMU (CA),0
Pacific,0
Pepperdine,0
Portland,0
Saint Mary's (CA),0.14500000000000002
San Diego,3.333333333333334e-4
San Francisco,0.05066666666666667
Santa Clara,0.021000000000000005
