team,freq
Davidson,0.21333333333333335
Dayton,0.299
Duquesne,0
Fordham,0.0016666666666666668
George Mason,0.01633333333333333
George Washington,6.666666666666666e-4
La Salle,0
Massachusetts,6.666666666666666e-4
Rhode Island,0.005333333333333333
Richmond,0.04033333333333333
Saint Joseph's,0.0036666666666666666
Saint Louis,0.15966666666666668
St. Bonaventure,0.073
VCU,0.18633333333333332
