team,freq
Davidson,0.19866666666666666
Dayton,0.314
Duquesne,0
Fordham,6.666666666666666e-4
George Mason,0.018333333333333333
George Washington,6.666666666666666e-4
La Salle,0
Massachusetts,0.0033333333333333335
Rhode Island,0.005666666666666667
Richmond,0.037
Saint Joseph's,0.001
Saint Louis,0.15366666666666667
St. Bonaventure,0.07033333333333333
VCU,0.19666666666666666
