team,freq
Davidson,0.205
Dayton,0.306
Duquesne,0
Fordham,0.001
George Mason,0.019666666666666666
George Washington,0
La Salle,3.333333333333333e-4
Massachusetts,0.0013333333333333333
Rhode Island,0.004
Richmond,0.03333333333333333
Saint Joseph's,0
Saint Louis,0.15133333333333332
St. Bonaventure,0.081
VCU,0.197
