team,freq
Davidson,0.197
Dayton,0.32066666666666666
Duquesne,0
Fordham,0.0013333333333333333
George Mason,0.018333333333333333
George Washington,6.666666666666666e-4
La Salle,0
Massachusetts,0.0016666666666666668
Rhode Island,0.005
Richmond,0.037333333333333336
Saint Joseph's,0.0013333333333333333
Saint Louis,0.151
St. Bonaventure,0.06933333333333333
VCU,0.19633333333333333
