team,freq
Davidson,0.025
Dayton,0.364
Duquesne,0.060333333333333336
Fordham,0.06066666666666667
George Mason,0.024666666666666667
George Washington,0.0026666666666666666
La Salle,0.001
Loyola Chicago,0
Massachusetts,0.004
Rhode Island,0.001
Richmond,0.003
Saint Joseph's,0.004
Saint Louis,0.12133333333333333
St. Bonaventure,0.004666666666666667
VCU,0.32366666666666666
