team,freq
Davidson,0.22966666666666666
Dayton,0.2823333333333333
Duquesne,0
Fordham,0.0026666666666666666
George Mason,0
George Washington,0
La Salle,0
Massachusetts,0.0033333333333333335
Rhode Island,0
Richmond,0.05566666666666667
Saint Joseph's,0
Saint Louis,0.192
St. Bonaventure,0.07133333333333333
VCU,0.163
