team,freq
Austin Peay,0.0010111223458038423
Bellarmine,0
Central Ark.,0
Eastern Ky.,0.055611729019211326
FGCU,0.0455005055611729
Jacksonville,0.016177957532861477
Jacksonville St.,0.0010111223458038423
Kennesaw St.,0.08695652173913043
Liberty,0.7229524772497472
Lipscomb,0.024266936299292215
North Ala.,0
North Florida,0.0010111223458038423
Queens (NC),0
Stetson,0.0455005055611729
