team,freq
Austin Peay,0.005045408678102927
Bellarmine,0
Central Ark.,0
Eastern Ky.,0.01917255297679112
FGCU,0.2391523713420787
Jacksonville,0.05852674066599395
Jacksonville St.,0
Kennesaw St.,0.03834510595358224
Liberty,0.5882946518668012
Lipscomb,0.006054490413723512
North Ala.,0
North Florida,0.0020181634712411706
Queens (NC),0
Stetson,0.04339051463168516
