team,freq
Bellarmine,0
Central Ark.,6.963788300835655e-4
Eastern Ky.,0.001392757660167131
FGCU,0.0483983286908078
Jacksonville,0.14832869080779945
Jacksonville St.,0.32764623955431754
Kennesaw St.,0.01392757660167131
Liberty,0.4543871866295265
Lipscomb,0.0017409470752089138
North Ala.,0
North Florida,0.0024373259052924796
Stetson,0.0010445682451253482
