team,freq
Bellarmine,0
Central Ark.,0.0011273957158962795
Eastern Ky.,0.0011273957158962795
FGCU,0.02142051860202931
Jacksonville,0.1273957158962796
Jacksonville St.,0.23337091319052986
Kennesaw St.,0.019165727170236756
Liberty,0.580608793686584
Lipscomb,0.002254791431792559
North Ala.,0
North Florida,0.010146561443066516
Stetson,0.0033821871476888386
