team,freq
Austin Peay,0
Bellarmine,0
Central Ark.,0
Eastern Ky.,0.01107754279959718
FGCU,0.10171198388721048
Jacksonville,0.0473313192346425
Lipscomb,0.7361530715005035
North Ala.,0.10070493454179255
North Florida,0.0030211480362537764
Queens (NC),0
Stetson,0
West Ga.,0
