team,freq
Austin Peay,0
Bellarmine,0
Central Ark.,0
Eastern Ky.,0.011802575107296136
FGCU,0.1684549356223176
Jacksonville,0.3208154506437768
Jacksonville St.,0.25
Kennesaw St.,0.02145922746781116
Liberty,0.1984978540772532
Lipscomb,0.017167381974248927
North Ala.,0
North Florida,0.001072961373390558
Queens (NC),0
Stetson,0.01072961373390558
