team,freq
Austin Peay,0.08870967741935483
Bellarmine,0
Central Ark.,0
Eastern Ky.,0.10181451612903226
FGCU,0.011088709677419354
Jacksonville,0
Kennesaw St.,0.2590725806451613
Lipscomb,0.38810483870967744
North Ala.,0.024193548387096774
North Florida,0.007056451612903226
Queens (NC),0
Stetson,0.11995967741935483
