team,freq
Austin Peay,0.005246589716684156
Bellarmine,0
Central Ark.,0.002098635886673662
Eastern Ky.,0.016789087093389297
FGCU,0.19307450157397693
Jacksonville,0.34207764952780695
Jacksonville St.,0.19097586568730326
Kennesaw St.,0.033578174186778595
Liberty,0.19307450157397693
Lipscomb,0.012591815320041973
North Ala.,0
North Florida,0.001049317943336831
Queens (NC),0
Stetson,0.009443861490031479
