team,freq
Austin Peay,0.056308654848800835
Bellarmine,0
Central Ark.,0
Eastern Ky.,0.04275286757038582
FGCU,0.10323253388946821
Jacksonville,0.007299270072992701
Kennesaw St.,0.14285714285714288
Lipscomb,0.443169968717414
North Ala.,0.05422314911366006
North Florida,0
Queens (NC),0
Stetson,0.15015641293013554
