team,freq
Austin Peay,0.0010319917440660476
Bellarmine,0
Central Ark.,0
Eastern Ky.,0.03508771929824562
FGCU,0.1692466460268318
Jacksonville,0.0784313725490196
Lipscomb,0.43034055727554177
North Ala.,0.28276573787409703
North Florida,0.0030959752321981426
Queens (NC),0
Stetson,0
West Ga.,0
