team,freq
Austin Peay,0.09738955823293173
Bellarmine,0.009036144578313253
Central Ark.,0
Eastern Ky.,0.05923694779116465
FGCU,0.13654618473895583
Jacksonville,0.07329317269076305
Lipscomb,0.3042168674698795
North Ala.,0.2399598393574297
North Florida,0.07228915662650602
Queens (NC),0
Stetson,0.008032128514056226
West Ga.,0
