team,freq
Austin Peay,0.0030211480362537764
Bellarmine,0
Central Ark.,0
Eastern Ky.,0.019133937562940583
FGCU,0.10976837865055387
Jacksonville,0.04431017119838872
Lipscomb,0.7180261832829808
North Ala.,0.10070493454179255
North Florida,0.005035246727089627
Queens (NC),0
Stetson,0
West Ga.,0
