team,freq
Austin Peay,0.06626506024096386
Bellarmine,0.006024096385542169
Central Ark.,0.0010040160642570282
Eastern Ky.,0.050200803212851405
FGCU,0.10642570281124497
Jacksonville,0.0783132530120482
Lipscomb,0.3413654618473896
North Ala.,0.16465863453815263
North Florida,0.18172690763052207
Queens (NC),0
Stetson,0.004016064257028113
West Ga.,0
