team,freq
Austin Peay,0
Bellarmine,0
Central Ark.,0
Eastern Ky.,0.0676328502415459
FGCU,0.29830917874396135
Jacksonville,0.16545893719806765
Jacksonville St.,0.3007246376811594
Kennesaw St.,0.07729468599033817
Liberty,0.07608695652173914
Lipscomb,0.004830917874396136
North Ala.,0
North Florida,0.00603864734299517
Queens (NC),0
Stetson,0.0036231884057971015
