team,freq
Austin Peay,0
Bellarmine,0
Central Ark.,0
Eastern Ky.,0.020161290322580645
FGCU,0.16330645161290322
Jacksonville,0.04233870967741936
Jacksonville St.,0.0020161290322580645
Kennesaw St.,0.01814516129032258
Liberty,0.7137096774193548
Lipscomb,0.00907258064516129
North Ala.,0
North Florida,0.004032258064516129
Queens (NC),0
Stetson,0.02721774193548387
