team,freq
Bellarmine,0
Central Ark.,0
Eastern Ky.,0.009404388714733543
FGCU,0.019853709508881923
Jacksonville,0.01567398119122257
Jacksonville St.,0.296760710553814
Kennesaw St.,0.05015673981191223
Liberty,0.6039707419017764
Lipscomb,0
North Ala.,0
North Florida,0.0010449320794148381
Stetson,0.0031347962382445144
