team,freq
Bellarmine,0
Central Ark.,0.0013942140118508191
Eastern Ky.,0
FGCU,0.053328685953293826
Jacksonville,0.1530149878006274
Jacksonville St.,0.3150923666782851
Kennesaw St.,0.01917044266294876
Liberty,0.45172533983966534
Lipscomb,0.006273963053328686
North Ala.,0
North Florida,0
Stetson,0
