team,freq
Austin Peay,0.03626373626373627
Bellarmine,0
Central Ark.,0
Eastern Ky.,0.16483516483516483
FGCU,0.05714285714285714
Jacksonville,0.010989010989010988
Kennesaw St.,0.1989010989010989
Lipscomb,0.41428571428571426
North Ala.,0.061538461538461535
North Florida,0
Queens (NC),0
Stetson,0.05604395604395604
