team,freq
Austin Peay,0.04233870967741936
Bellarmine,0.0030241935483870967
Central Ark.,0.0010080645161290322
Eastern Ky.,0.08568548387096775
FGCU,0.2026209677419355
Jacksonville,0.10483870967741934
Lipscomb,0.3659274193548387
North Ala.,0.1189516129032258
North Florida,0.07560483870967742
Queens (NC),0
Stetson,0
West Ga.,0
