team,freq
Austin Peay,0.03707414829659318
Bellarmine,0
Central Ark.,0
Eastern Ky.,0.2595190380761523
FGCU,0.03406813627254509
Jacksonville,0
Kennesaw St.,0.03707414829659318
Lipscomb,0.2945891783567134
North Ala.,0.03507014028056112
North Florida,0.1372745490981964
Queens (NC),0
Stetson,0.1653306613226453
