team,freq
Bellarmine,0
Central Ark.,0
Eastern Ky.,0.008483563096500531
FGCU,0.008483563096500531
Jacksonville,0.034994697773064694
Jacksonville St.,0.27253446447507956
Kennesaw St.,0.027571580063626724
Liberty,0.6426299045599152
Lipscomb,0
North Ala.,0
North Florida,0.0042417815482502655
Stetson,0.0010604453870625664
