team,freq
Austin Peay,0.01662971175166297
Bellarmine,0
Central Ark.,0
Eastern Ky.,0.1973392461197339
FGCU,0.11419068736141906
Jacksonville,0.02106430155210643
Kennesaw St.,0.10864745011086474
Lipscomb,0.29711751662971175
North Ala.,0.05875831485587583
North Florida,0
Queens (NC),0
Stetson,0.18625277161862527
