team,freq
Austin Peay,0
Bellarmine,0
Central Ark.,0
Eastern Ky.,0.024266936299292215
FGCU,0.00910010111223458
Jacksonville,0.003033367037411527
Jacksonville St.,0
Kennesaw St.,0.13245702730030334
Liberty,0.7714863498483316
Lipscomb,0.011122345803842264
North Ala.,0
North Florida,0.0010111223458038423
Queens (NC),0
Stetson,0.047522750252780584
