team,freq
Bellarmine,0
Central Ark.,0
Eastern Ky.,0.01050420168067227
FGCU,0.015756302521008403
Jacksonville,0.012605042016806723
Jacksonville St.,0.2825630252100841
Kennesaw St.,0.03676470588235295
Liberty,0.6355042016806722
Lipscomb,0
North Ala.,0
North Florida,0.001050420168067227
Stetson,0.005252100840336135
