team,freq
Austin Peay,0.003027245206861756
Bellarmine,0
Central Ark.,0
Eastern Ky.,0.026236125126135216
FGCU,0.2613521695257316
Jacksonville,0.033299697275479316
Jacksonville St.,0
Kennesaw St.,0.027245206861755803
Liberty,0.6084762865792129
Lipscomb,0.006054490413723512
North Ala.,0
North Florida,0.0020181634712411706
Queens (NC),0
Stetson,0.03229061553985873
