team,freq
Bellarmine,0
Central Ark.,0
Eastern Ky.,0.007625272331154684
FGCU,0.027233115468409588
Jacksonville,0.041394335511982565
Jacksonville St.,0.25272331154684097
Kennesaw St.,0.019607843137254898
Liberty,0.6470588235294117
Lipscomb,0
North Ala.,0
North Florida,0.0021786492374727667
Stetson,0.0021786492374727667
