team,freq
Bellarmine,0
Central Ark.,0
Eastern Ky.,0.00562429696287964
FGCU,0.01912260967379078
Jacksonville,0.024746906636670413
Jacksonville St.,0.5118110236220472
Kennesaw St.,0.023622047244094488
Liberty,0.4128233970753656
Lipscomb,0.0011248593925759281
North Ala.,0
North Florida,0
Stetson,0.0011248593925759281
