team,freq
Bellarmine,0
Central Ark.,0
Eastern Ky.,0.022703818369453045
FGCU,0.05263157894736842
Jacksonville,0.054695562435500514
Jacksonville St.,0.29411764705882354
Kennesaw St.,0.00825593395252838
Liberty,0.5345717234262126
Lipscomb,0.006191950464396285
North Ala.,0
North Florida,0
Stetson,0.026831785345717233
