team,freq
Bellarmine,0
Central Ark.,0
Eastern Ky.,0.005592841163310962
FGCU,0.0145413870246085
Jacksonville,0.021252796420581654
Jacksonville St.,0.4093959731543624
Kennesaw St.,0.016778523489932886
Liberty,0.529082774049217
Lipscomb,0.0011185682326621924
North Ala.,0
North Florida,0
Stetson,0.0022371364653243847
