team,freq
Austin Peay,0.08767123287671233
Bellarmine,0
Central Ark.,0
Eastern Ky.,0.027397260273972605
FGCU,0.08767123287671233
Jacksonville,0.07945205479452055
Kennesaw St.,0.15342465753424658
Lipscomb,0.18082191780821918
North Ala.,0.12054794520547944
North Florida,0
Queens (NC),0
Stetson,0.263013698630137
