team,freq
Austin Peay,0.014989293361884367
Bellarmine,0
Central Ark.,0
Eastern Ky.,0.2077087794432548
FGCU,0.12205567451820128
Jacksonville,0.013918629550321198
Kennesaw St.,0.15417558886509633
Lipscomb,0.26124197002141325
North Ala.,0.05246252676659529
North Florida,0.0010706638115631692
Queens (NC),0
Stetson,0.17237687366167023
