team,freq
Bellarmine,0
Central Ark.,0
Eastern Ky.,0.01993704092339979
FGCU,0.014690451206715636
Jacksonville,0.051416579223504726
Jacksonville St.,0.3399790136411333
Kennesaw St.,0.05456453305351522
Liberty,0.5120671563483735
Lipscomb,0.002098635886673662
North Ala.,0
North Florida,0
Stetson,0.005246589716684156
