team,freq
Austin Peay,0.04840370751802266
Bellarmine,0
Central Ark.,0
Eastern Ky.,0.04737384140061792
FGCU,0.07518022657054582
Jacksonville,0.004119464469618949
Kennesaw St.,0.19361483007209063
Lipscomb,0.42121524201853755
North Ala.,0.059732234809474774
North Florida,0.0020597322348094747
Queens (NC),0
Stetson,0.14830072090628219
