team,freq
Austin Peay,0
Bellarmine,0
Central Ark.,0
Eastern Ky.,0.05236656596173212
FGCU,0.02014098690835851
Jacksonville,0.005035246727089627
Jacksonville St.,0
Kennesaw St.,0.10876132930513595
Liberty,0.7643504531722054
Lipscomb,0.016112789526686808
North Ala.,0
North Florida,0.0010070493454179255
Queens (NC),0
Stetson,0.032225579053373615
