team,freq
Austin Peay,0.062062062062062065
Bellarmine,0.008008008008008008
Central Ark.,0
Eastern Ky.,0.08608608608608607
FGCU,0.11411411411411412
Jacksonville,0.12212212212212212
Lipscomb,0.2882882882882883
North Ala.,0.20120120120120122
North Florida,0.11411411411411412
Queens (NC),0
Stetson,0.004004004004004004
West Ga.,0
