team,freq
Austin Peay,0.0010183299389002038
Bellarmine,0
Central Ark.,0
Eastern Ky.,0.018329938900203666
FGCU,0.23014256619144605
Jacksonville,0.07128309572301426
Jacksonville St.,0.009164969450101833
Kennesaw St.,0.026476578411405296
Liberty,0.6221995926680245
Lipscomb,0.003054989816700611
North Ala.,0
North Florida,0.003054989816700611
Queens (NC),0
Stetson,0.015274949083503055
