team,freq
Bellarmine,0
Central Ark.,0
Eastern Ky.,0.0023148148148148147
FGCU,0.03125
Jacksonville,0.11226851851851852
Jacksonville St.,0.22916666666666669
Kennesaw St.,0.016203703703703703
Liberty,0.6006944444444444
Lipscomb,0
North Ala.,0
North Florida,0.008101851851851851
Stetson,0
