team,freq
Austin Peay,0.04021739130434782
Bellarmine,0
Central Ark.,0
Eastern Ky.,0.12717391304347828
FGCU,0.05326086956521739
Jacksonville,0.011956521739130433
Kennesaw St.,0.19565217391304346
Lipscomb,0.4543478260869565
North Ala.,0.05326086956521739
North Florida,0.0010869565217391304
Queens (NC),0
Stetson,0.06304347826086956
