team,freq
Bellarmine,0
Central Ark.,0
Eastern Ky.,0.008908685968819599
FGCU,0.005567928730512249
Jacksonville,0.026726057906458798
Jacksonville St.,0.5
Kennesaw St.,0.026726057906458798
Liberty,0.4309576837416481
Lipscomb,0
North Ala.,0
North Florida,0.0011135857461024498
Stetson,0
