team,freq
Austin Peay,0.0021390374331550803
Bellarmine,0
Central Ark.,0
Eastern Ky.,0.01925133689839572
FGCU,0.35401069518716577
Jacksonville,0.1283422459893048
Jacksonville St.,0.054545454545454536
Kennesaw St.,0.029946524064171122
Liberty,0.3957219251336898
Lipscomb,0.008556149732620321
North Ala.,0
North Florida,0.0021390374331550803
Queens (NC),0
Stetson,0.0053475935828877
