team,freq
Austin Peay,0.0020181634712411706
Bellarmine,0
Central Ark.,0
Eastern Ky.,0.07971745711402624
FGCU,0.05852674066599395
Jacksonville,0.03531786074672049
Jacksonville St.,0
Kennesaw St.,0.07265388496468213
Liberty,0.6730575176589304
Lipscomb,0.01715438950554995
North Ala.,0
North Florida,0
Queens (NC),0
Stetson,0.0615539858728557
