team,freq
Austin Peay,0.06622516556291391
Bellarmine,0
Central Ark.,0.0033112582781456954
Eastern Ky.,0.10264900662251655
FGCU,0.228476821192053
Jacksonville,0.07947019867549669
Kennesaw St.,0.23509933774834435
Lipscomb,0.08609271523178808
North Ala.,0.06953642384105961
North Florida,0.006622516556291391
Queens (NC),0
Stetson,0.12251655629139073
