team,freq
Austin Peay,0.00608272506082725
Bellarmine,0
Central Ark.,0
Eastern Ky.,0.03527980535279805
FGCU,0.09610705596107055
Jacksonville,0.13746958637469586
Jacksonville St.,0.3223844282238443
Kennesaw St.,0.06934306569343066
Liberty,0.2846715328467153
Lipscomb,0.00608272506082725
North Ala.,0
North Florida,0.0036496350364963502
Queens (NC),0
Stetson,0.038929440389294405
