team,freq
Austin Peay,0.07955689828801611
Bellarmine,0.002014098690835851
Central Ark.,0
Eastern Ky.,0.06948640483383686
FGCU,0.21148036253776434
Jacksonville,0.10070493454179255
Lipscomb,0.3484390735146022
North Ala.,0.11379657603222558
North Florida,0.07452165156092648
Queens (NC),0
Stetson,0
West Ga.,0
