team,freq
Austin Peay,0
Bellarmine,0
Central Ark.,0
Eastern Ky.,0.0040858018386108275
FGCU,0.1644535240040858
Jacksonville,0.1348314606741573
Lipscomb,0.5832482124616956
North Ala.,0.11031664964249234
North Florida,0.003064351378958121
Queens (NC),0
Stetson,0
West Ga.,0
