team,freq
Austin Peay,0
Bellarmine,0
Central Ark.,0
Eastern Ky.,0.08291203235591507
FGCU,0.06268958543983823
Jacksonville,0.04044489383215369
Jacksonville St.,0
Kennesaw St.,0.06572295247724975
Liberty,0.6683518705763398
Lipscomb,0.02527805864509606
North Ala.,0
North Florida,0.0010111223458038423
Queens (NC),0
Stetson,0.05358948432760364
