team,freq
Austin Peay,0.10263105041172926
Bellarmine,0
Central Ark.,0
Eastern Ky.,0.29383410323358106
FGCU,0.029323157260494073
Jacksonville,0.0028118096003213497
Kennesaw St.,0.014862422173127134
Lipscomb,0.30447881100622615
North Ala.,0.02550712994577224
North Florida,0.03836111669009841
Queens (NC),0
Stetson,0.18819039967865034
