team,freq
Austin Peay,0.02610441767068273
Bellarmine,0
Central Ark.,0
Eastern Ky.,0.045180722891566265
FGCU,0.1827309236947791
Jacksonville,0.04718875502008032
Lipscomb,0.5913654618473895
North Ala.,0.05421686746987952
North Florida,0.053212851405622486
Queens (NC),0
Stetson,0
West Ga.,0
