team,freq
Austin Peay,0
Bellarmine,0
Central Ark.,0
Eastern Ky.,0.04527162977867203
FGCU,0.03219315895372234
Jacksonville,0.024144869215291753
Jacksonville St.,0
Kennesaw St.,0.1227364185110664
Liberty,0.7173038229376257
Lipscomb,0.022132796780684104
North Ala.,0
North Florida,0
Queens (NC),0
Stetson,0.03621730382293762
