team,freq
Austin Peay,0
Bellarmine,0
Central Ark.,0.0010131712259371832
Eastern Ky.,0.017223910840932118
FGCU,0.2796352583586626
Jacksonville,0.06281661600810537
Jacksonville St.,0.041540020263424515
Kennesaw St.,0.026342451874366762
Liberty,0.5511651469098278
Lipscomb,0.0070921985815602835
North Ala.,0
North Florida,0.0030395136778115497
Queens (NC),0
Stetson,0.010131712259371832
