team,freq
Bellarmine,0
Central Ark.,0
Eastern Ky.,0.00949367088607595
FGCU,0.012658227848101267
Jacksonville,0.017932489451476796
Jacksonville St.,0.29113924050632917
Kennesaw St.,0.04535864978902954
Liberty,0.6170886075949367
Lipscomb,0.0010548523206751056
North Ala.,0
North Florida,0.0010548523206751056
Stetson,0.0042194092827004225
