team,freq
Austin Peay,0.0020161290322580645
Bellarmine,0
Central Ark.,0
Eastern Ky.,0.013104838709677418
FGCU,0.1754032258064516
Jacksonville,0.05745967741935484
Jacksonville St.,0.0020161290322580645
Kennesaw St.,0.019153225806451613
Liberty,0.685483870967742
Lipscomb,0.006048387096774193
North Ala.,0
North Florida,0.007056451612903226
Queens (NC),0
Stetson,0.03225806451612903
