team,freq
Bellarmine,0
Central Ark.,0
Eastern Ky.,0.011566771819137749
FGCU,0.023133543638275498
Jacksonville,0.022082018927444796
Jacksonville St.,0.2502628811777077
Kennesaw St.,0.04416403785488959
Liberty,0.6456361724500526
Lipscomb,0.002103049421661409
North Ala.,0
North Florida,0
Stetson,0.0010515247108307045
