team,freq
Austin Peay,0.08077709611451943
Bellarmine,0
Central Ark.,0
Eastern Ky.,0.10633946830265849
FGCU,0.022494887525562373
Jacksonville,0.002044989775051125
Kennesaw St.,0.16564417177914112
Lipscomb,0.38650306748466257
North Ala.,0.015337423312883436
North Florida,0.010224948875255624
Queens (NC),0
Stetson,0.21063394683026584
