team,freq
Austin Peay,0
Bellarmine,0
Central Ark.,0
Eastern Ky.,0.012307692307692308
FGCU,0.10871794871794871
Jacksonville,0.0605128205128205
Lipscomb,0.6851282051282052
North Ala.,0.13025641025641024
North Florida,0.003076923076923077
Queens (NC),0
Stetson,0
West Ga.,0
