team,freq
Austin Peay,0.018126888217522657
Bellarmine,0
Central Ark.,0
Eastern Ky.,0.03927492447129909
FGCU,0.21651560926485397
Jacksonville,0.036253776435045314
Lipscomb,0.5599194360523666
North Ala.,0.08358509566968782
North Florida,0.04632426988922457
Queens (NC),0
Stetson,0
West Ga.,0
