team,freq
Austin Peay,0
Bellarmine,0
Central Ark.,0
Eastern Ky.,0.01443298969072165
FGCU,0.28453608247422685
Jacksonville,0.08659793814432991
Jacksonville St.,0.06288659793814433
Kennesaw St.,0.042268041237113405
Liberty,0.4845360824742268
Lipscomb,0.013402061855670102
North Ala.,0
North Florida,0.0030927835051546395
Queens (NC),0
Stetson,0.008247422680412371
