team,freq
Austin Peay,0.002049180327868852
Bellarmine,0
Central Ark.,0
Eastern Ky.,0.02459016393442623
FGCU,0.2879098360655738
Jacksonville,0.05737704918032786
Jacksonville St.,0.017418032786885244
Kennesaw St.,0.022540983606557374
Liberty,0.5604508196721312
Lipscomb,0.005122950819672131
North Ala.,0
North Florida,0.002049180327868852
Queens (NC),0
Stetson,0.020491803278688523
