team,freq
Austin Peay,0.0634441087613293
Bellarmine,0.006042296072507553
Central Ark.,0
Eastern Ky.,0.0986908358509567
FGCU,0.13494461228600202
Jacksonville,0.0715005035246727
Lipscomb,0.3454179254783485
North Ala.,0.1903323262839879
North Florida,0.08559919436052367
Queens (NC),0
Stetson,0.004028197381671702
West Ga.,0
