team,freq
Austin Peay,0
Bellarmine,0
Central Ark.,0
Eastern Ky.,0.0010141987829614604
FGCU,0.08012170385395538
Jacksonville,0.1105476673427992
Lipscomb,0.6764705882352942
North Ala.,0.12981744421906694
North Florida,0.002028397565922921
Queens (NC),0
Stetson,0
West Ga.,0
