team,freq
Austin Peay,0.050658561296859174
Bellarmine,0.005065856129685917
Central Ark.,0
Eastern Ky.,0.0861195542046606
FGCU,0.21681864235055726
Jacksonville,0.1033434650455927
Lipscomb,0.35562310030395133
North Ala.,0.1094224924012158
North Florida,0.0729483282674772
Queens (NC),0
Stetson,0
West Ga.,0
