team,freq
Austin Peay,0.04613841524573721
Bellarmine,0
Central Ark.,0
Eastern Ky.,0.2838515546639919
FGCU,0.023069207622868605
Jacksonville,0.0020060180541624875
Kennesaw St.,0.025075225677031094
Lipscomb,0.25275827482447344
North Ala.,0.04714142427281846
North Florida,0.1033099297893681
Queens (NC),0
Stetson,0.21664994984954863
