team,freq
Bellarmine,0
Central Ark.,0
Eastern Ky.,0.0011173184357541898
FGCU,0.029050279329608936
Jacksonville,0.17094972067039105
Jacksonville St.,0.37094972067039106
Kennesaw St.,0.01005586592178771
Liberty,0.4100558659217877
Lipscomb,0.0022346368715083797
North Ala.,0
North Florida,0.00558659217877095
Stetson,0
