team,freq
Austin Peay,0.004895960832313342
Bellarmine,0
Central Ark.,0
Eastern Ky.,0.03671970624235006
FGCU,0.15667074663402694
Jacksonville,0.11627906976744187
Jacksonville St.,0.24602203182374544
Kennesaw St.,0.04406364749082007
Liberty,0.29498164014687883
Lipscomb,0.002447980416156671
North Ala.,0
North Florida,0.0036719706242350062
Queens (NC),0
Stetson,0.09424724602203183
