team,freq
Austin Peay,0.002026342451874367
Bellarmine,0
Central Ark.,0
Eastern Ky.,0.038500506585612965
FGCU,0.1469098277608916
Jacksonville,0.033434650455927056
Lipscomb,0.6393110435663627
North Ala.,0.10435663627152988
North Florida,0.03546099290780142
Queens (NC),0
Stetson,0
West Ga.,0
