team,freq
Austin Peay,0.003125
Bellarmine,0
Central Ark.,0
Eastern Ky.,0.011458333333333333
FGCU,0.3145833333333333
Jacksonville,0.08020833333333334
Jacksonville St.,0.040625
Kennesaw St.,0.019791666666666666
Liberty,0.5135416666666667
Lipscomb,0.00625
North Ala.,0
North Florida,0.00625
Queens (NC),0
Stetson,0.004166666666666667
