team,freq
Austin Peay,0
Bellarmine,0
Central Ark.,0
Eastern Ky.,0.08257804632426989
FGCU,0.05135951661631419
Jacksonville,0.035246727089627394
Jacksonville St.,0
Kennesaw St.,0.06948640483383686
Liberty,0.67472306143001
Lipscomb,0.01510574018126888
North Ala.,0
North Florida,0.002014098690835851
Queens (NC),0
Stetson,0.06948640483383686
