team,freq
Austin Peay,0.05344295991778006
Bellarmine,0
Central Ark.,0
Eastern Ky.,0.06166495375128469
FGCU,0.08735868448098665
Jacksonville,0.0030832476875642346
Kennesaw St.,0.1366906474820144
Lipscomb,0.4295991778006166
North Ala.,0.065775950668037
North Florida,0
Queens (NC),0
Stetson,0.16238437821171633
