team,freq
Bellarmine,0
Central Ark.,0.001040943789035392
Eastern Ky.,0
FGCU,0.05898681471200555
Jacksonville,0.16446911866759195
Jacksonville St.,0.316793893129771
Kennesaw St.,0.022900763358778626
Liberty,0.4309507286606523
Lipscomb,0.004857737682165164
North Ala.,0
North Florida,0
Stetson,0
