team,freq
Austin Peay,0.0032119914346895075
Bellarmine,0
Central Ark.,0
Eastern Ky.,0.044967880085653104
FGCU,0.29978586723768735
Jacksonville,0.18201284796573877
Jacksonville St.,0.11027837259100641
Kennesaw St.,0.04817987152034261
Liberty,0.278372591006424
Lipscomb,0.02462526766595289
North Ala.,0
North Florida,0.0021413276231263384
Queens (NC),0
Stetson,0.006423982869379015
