team,freq
Austin Peay,0.07622868605817452
Bellarmine,0
Central Ark.,0
Eastern Ky.,0.14543630892678033
FGCU,0.009027081243731193
Jacksonville,0
Kennesaw St.,0.160481444332999
Lipscomb,0.3801404212637914
North Ala.,0.025075225677031094
North Florida,0.007021063189568706
Queens (NC),0
Stetson,0.19658976930792377
