team,freq
Bellarmine,0
Central Ark.,0
Eastern Ky.,0.010615711252653929
FGCU,0.01592356687898089
Jacksonville,0.03715498938428875
Jacksonville St.,0.30148619957537154
Kennesaw St.,0.027600849256900213
Liberty,0.6050955414012739
Lipscomb,0
North Ala.,0
North Florida,0.0010615711252653928
Stetson,0.0010615711252653928
