team,freq
Austin Peay,0.0010660980810234541
Bellarmine,0
Central Ark.,0
Eastern Ky.,0.03198294243070362
FGCU,0.2867803837953092
Jacksonville,0.17270788912579957
Jacksonville St.,0.12793176972281448
Kennesaw St.,0.05223880597014925
Liberty,0.291044776119403
Lipscomb,0.02345415778251599
North Ala.,0
North Florida,0.0031982942430703624
Queens (NC),0
Stetson,0.009594882729211086
