team,freq
Austin Peay,0.10321661237785017
Bellarmine,0
Central Ark.,0
Eastern Ky.,0.3186074918566775
FGCU,0
Jacksonville,0.009568403908794789
Kennesaw St.,0
Lipscomb,0.30089576547231267
North Ala.,0.026262214983713356
North Florida,0.040309446254071665
Queens (NC),0
Stetson,0.2011400651465798
