team,freq
Austin Peay,0.11256281407035176
Bellarmine,0
Central Ark.,0
Eastern Ky.,0.31055276381909547
FGCU,0.01407035175879397
Jacksonville,0.0020100502512562816
Kennesaw St.,0.016080402010050253
Lipscomb,0.2663316582914573
North Ala.,0.05125628140703517
North Florida,0.0492462311557789
Queens (NC),0
Stetson,0.1778894472361809
