team,freq
Bellarmine,0
Central Ark.,0
Eastern Ky.,0
FGCU,0.03532008830022075
Jacksonville,0.1467991169977925
Jacksonville St.,0.3752759381898455
Kennesaw St.,0.013245033112582781
Liberty,0.4194260485651214
Lipscomb,0.002207505518763797
North Ala.,0
North Florida,0.006622516556291391
Stetson,0.0011037527593818985
