team,freq
Bellarmine,0
Central Ark.,0
Eastern Ky.,0.02140672782874618
FGCU,0.029561671763506627
Jacksonville,0.040774719673802244
Jacksonville St.,0.29561671763506625
Kennesaw St.,0.00815494393476045
Liberty,0.5861365953109072
Lipscomb,0.0020387359836901123
North Ala.,0
North Florida,0
Stetson,0.0163098878695209
