team,freq
Austin Peay,0
Bellarmine,0
Central Ark.,0
Eastern Ky.,0.07007007007007007
FGCU,0.024024024024024024
Jacksonville,0.02002002002002002
Jacksonville St.,0
Kennesaw St.,0.08608608608608607
Liberty,0.7207207207207207
Lipscomb,0.03003003003003003
North Ala.,0
North Florida,0.001001001001001001
Queens (NC),0
Stetson,0.04804804804804805
