team,freq
Austin Peay,0.001016260162601626
Bellarmine,0
Central Ark.,0
Eastern Ky.,0.0030487804878048777
FGCU,0.11788617886178861
Jacksonville,0.09756097560975609
Lipscomb,0.6869918699186992
North Ala.,0.09146341463414633
North Florida,0.002032520325203252
Queens (NC),0
Stetson,0
West Ga.,0
