team,freq
Austin Peay,0.08857808857808858
Bellarmine,0
Central Ark.,0
Eastern Ky.,0.06293706293706294
FGCU,0.1864801864801865
Jacksonville,0.12354312354312354
Kennesaw St.,0.23776223776223776
Lipscomb,0.19114219114219116
North Ala.,0.002331002331002331
North Florida,0
Queens (NC),0
Stetson,0.10722610722610723
