team,freq
Austin Peay,0.08418367346938775
Bellarmine,0
Central Ark.,0.002551020408163265
Eastern Ky.,0.07653061224489795
FGCU,0.14285714285714285
Jacksonville,0.04591836734693877
Kennesaw St.,0.33418367346938777
Lipscomb,0.08928571428571429
North Ala.,0.06377551020408163
North Florida,0.01020408163265306
Queens (NC),0
Stetson,0.15051020408163263
