team,freq
Bellarmine,0
Central Ark.,0
Eastern Ky.,0.005359056806002144
FGCU,0.015005359056806004
Jacksonville,0.028938906752411578
Jacksonville St.,0.2818863879957128
Kennesaw St.,0.030010718113612007
Liberty,0.6366559485530546
Lipscomb,0
North Ala.,0
North Florida,0.0010718113612004287
Stetson,0.0010718113612004287
