team,freq
Austin Peay,0.04154002026342452
Bellarmine,0.002026342451874367
Central Ark.,0
Eastern Ky.,0.07801418439716312
FGCU,0.22188449848024316
Jacksonville,0.044579533941236066
Lipscomb,0.45390070921985815
North Ala.,0.06180344478216818
North Florida,0.09523809523809523
Queens (NC),0
Stetson,0.0010131712259371835
West Ga.,0
