team,freq
Bellarmine,0
Central Ark.,0
Eastern Ky.,0.003355704697986577
FGCU,0.02348993288590604
Jacksonville,0.08501118568232661
Jacksonville St.,0.19574944071588365
Kennesaw St.,0.02348993288590604
Liberty,0.6666666666666666
Lipscomb,0
North Ala.,0
North Florida,0.0011185682326621924
Stetson,0.0011185682326621924
