team,freq
Austin Peay,0.056056056056056056
Bellarmine,0.004004004004004004
Central Ark.,0
Eastern Ky.,0.07207207207207207
FGCU,0.17317317317317316
Jacksonville,0.11611611611611612
Lipscomb,0.2862862862862863
North Ala.,0.20320320320320323
North Florida,0.08808808808808809
Queens (NC),0
Stetson,0.001001001001001001
West Ga.,0
