team,freq
Austin Peay,0
Bellarmine,0
Central Ark.,0
Eastern Ky.,0.04527162977867203
FGCU,0.026156941649899394
Jacksonville,0.024144869215291753
Jacksonville St.,0
Kennesaw St.,0.09456740442655935
Liberty,0.704225352112676
Lipscomb,0.04426559356136821
North Ala.,0
North Florida,0
Queens (NC),0
Stetson,0.0613682092555332
