team,freq
Austin Peay,0
Bellarmine,0
Central Ark.,0
Eastern Ky.,0.04637096774193548
FGCU,0.007056451612903226
Jacksonville,0.0010080645161290322
Jacksonville St.,0.0010080645161290322
Kennesaw St.,0.20161290322580644
Liberty,0.6905241935483871
Lipscomb,0.015120967741935483
North Ala.,0
North Florida,0.0010080645161290322
Queens (NC),0
Stetson,0.03629032258064516
