team,freq
Austin Peay,0
Bellarmine,0
Central Ark.,0
Eastern Ky.,0.017276422764227643
FGCU,0.30081300813008127
Jacksonville,0.06808943089430895
Jacksonville St.,0.011178861788617886
Kennesaw St.,0.027439024390243903
Liberty,0.5487804878048781
Lipscomb,0.007113821138211383
North Ala.,0
North Florida,0.003048780487804878
Queens (NC),0
Stetson,0.016260162601626018
