team,freq
Austin Peay,0
Bellarmine,0
Central Ark.,0.00245398773006135
Eastern Ky.,0.09693251533742332
FGCU,0.2552147239263804
Jacksonville,0.07730061349693253
Jacksonville St.,0.3006134969325154
Kennesaw St.,0.04049079754601227
Liberty,0.19754601226993868
Lipscomb,0.00245398773006135
North Ala.,0
North Florida,0.0147239263803681
Queens (NC),0
Stetson,0.012269938650306749
