team,freq
Charlotte,0.005000000000000001
East Carolina,0.019000000000000003
Fla. Atlantic,0.11900000000000001
Memphis,0.5630000000000001
North Texas,0.17800000000000002
Rice,0.006000000000000001
South Fla.,0.007000000000000001
Temple,0.021000000000000005
Tulane,0.005000000000000001
Tulsa,0.0010000000000000002
UAB,0.030000000000000002
UTSA,0.0020000000000000005
Wichita St.,0.044000000000000004
