team,freq
Charlotte,0.007000000000000001
East Carolina,0
Fla. Atlantic,0.5840000000000001
Memphis,0.28800000000000003
North Texas,0.018000000000000002
Rice,0
SMU,0.053000000000000005
South Fla.,0.005000000000000001
Temple,0.008000000000000002
Tulane,0.007000000000000001
Tulsa,0
UAB,0.0030000000000000005
UTSA,0
Wichita St.,0.027000000000000003
