team,freq
Cincinnati,0.009
East Carolina,3.333333333333333e-4
Houston,0.6886666666666666
Memphis,0.15366666666666667
SMU,0.08033333333333334
South Fla.,0
Temple,0.011666666666666667
Tulane,0.028
Tulsa,0.001
UCF,0.010666666666666666
Wichita St.,0.016666666666666666
