team,freq
Boston College,3.333333333333333e-4
Clemson,0.009333333333333334
Duke,0.521
Florida St.,0.003
Georgia Tech,0
Louisville,0.0013333333333333333
Miami (FL),0.049666666666666665
NC State,0
North Carolina,0.129
Notre Dame,0.07633333333333334
Pittsburgh,0
Syracuse,0.009
Virginia,0.026333333333333334
Virginia Tech,0.068
Wake Forest,0.10666666666666667
