team,freq
Boston College,0
Clemson,0.008000000000000002
Duke,0.5740000000000001
Florida St.,0.054000000000000006
Georgia Tech,0
Louisville,0.0020000000000000005
Miami (FL),0.046000000000000006
NC State,0
North Carolina,0.062000000000000006
Notre Dame,0.04000000000000001
Pittsburgh,0
Syracuse,0.017000000000000005
Virginia,0.005000000000000001
Virginia Tech,0.051000000000000004
Wake Forest,0.14100000000000001
