team,freq
Boston College,0.0013333333333333333
Clemson,0.10433333333333333
Duke,0.23733333333333334
Florida St.,0
Georgia Tech,6.666666666666666e-4
Louisville,0
Miami (FL),0.19466666666666665
NC State,0.08466666666666667
North Carolina,0.10866666666666666
Notre Dame,0
Pittsburgh,0.06866666666666667
Syracuse,0.005
Virginia,0.141
Virginia Tech,0.03233333333333333
Wake Forest,0.021333333333333333
