team,freq
Boston College,3.333333333333333e-4
Clemson,0.006
Duke,0.5113333333333333
Florida St.,0.005666666666666667
Georgia Tech,0
Louisville,0.001
Miami (FL),0.05
NC State,0
North Carolina,0.13533333333333333
Notre Dame,0.06633333333333333
Pittsburgh,0
Syracuse,0.01
Virginia,0.019
Virginia Tech,0.08033333333333334
Wake Forest,0.11466666666666667
