team,freq
Albany (NY),0.020876826722338204
Binghamton,0.007306889352818371
Hartford,0.008350730688935281
Maine,0
New Hampshire,0.027139874739039664
NJIT,0.0031315240083507304
Stony Brook,0
UMass Lowell,0.010438413361169102
UMBC,0.07620041753653443
Vermont,0.8465553235908142
