team,freq
Albany (NY),0.008000000000000002
Binghamton,0.010000000000000002
Hartford,0.004000000000000001
Maine,0.0010000000000000002
New Hampshire,0.045000000000000005
NJIT,0.0010000000000000002
Stony Brook,0.07400000000000001
UMass Lowell,0.004000000000000001
UMBC,0.03900000000000001
Vermont,0.8140000000000001
