team,freq
Albany (NY),0.0198744769874477
Binghamton,0.011506276150627616
Hartford,0.002092050209205021
Maine,0
New Hampshire,0.0198744769874477
NJIT,0.0010460251046025106
Stony Brook,0
UMass Lowell,0.0062761506276150635
UMBC,0.07845188284518828
Vermont,0.8608786610878661
