team,freq
Albany (NY),0.011
Binghamton,0.007
Hartford,0.016666666666666666
Maine,0
New Hampshire,0.044
NJIT,6.666666666666666e-4
Stony Brook,0
UMass Lowell,0.014333333333333333
UMBC,0.05266666666666667
Vermont,0.8536666666666667
