team,freq
Albany (NY),0.02063983488132095
Binghamton,0.01135190918472652
Hartford,0.01547987616099071
Maine,0
New Hampshire,0.039215686274509796
NJIT,0
Stony Brook,0
UMass Lowell,0.012383900928792569
UMBC,0.07223942208462332
Vermont,0.8286893704850361
