team,freq
Albany (NY),0.027055150884495314
Binghamton,0.006243496357960458
Hartford,0.0072840790842872
Maine,0
New Hampshire,0.023933402705515087
NJIT,0.005202913631633715
Stony Brook,0
UMass Lowell,0.013527575442247657
UMBC,0.07700312174817897
Vermont,0.8397502601456815
