team,freq
Binghamton,0.011333333333333334
Bryant,0
Maine,0
NJIT,0
New Hampshire,0.018333333333333333
UAlbany,0
UMBC,0
UMass Lowell,0.33066666666666666
Vermont,0.6396666666666667
