team,freq
Albany (NY),0.024615384615384615
Binghamton,0.007179487179487179
Hartford,0.019487179487179485
Maine,0
New Hampshire,0.02564102564102564
NJIT,0
Stony Brook,0
UMass Lowell,0.012307692307692308
UMBC,0.08820512820512819
Vermont,0.8225641025641025
