team,freq
Binghamton,0.009000000000000001
Bryant,0.5740000000000001
Maine,0.28800000000000003
NJIT,0
New Hampshire,0
UAlbany,0.017000000000000005
UMBC,0.009000000000000001
UMass Lowell,0.054000000000000006
Vermont,0.04900000000000001
