team,freq
Albany (NY),0.024896265560165977
Binghamton,0.007261410788381743
Hartford,0.011410788381742738
Maine,0
New Hampshire,0.01970954356846473
NJIT,0.003112033195020747
Stony Brook,0
UMass Lowell,0.00933609958506224
UMBC,0.058091286307053944
Vermont,0.8661825726141079
