team,freq
Albany (NY),0.02462526766595289
Binghamton,0.010706638115631691
Hartford,0.008565310492505354
Maine,0
New Hampshire,0.04068522483940042
NJIT,0
Stony Brook,0
UMass Lowell,0.02034261241970021
UMBC,0.06316916488222697
Vermont,0.8319057815845824
