team,freq
Binghamton,0.005
Bryant,0.04933333333333333
Maine,0.005
NJIT,0.0016666666666666668
New Hampshire,0.014
UAlbany,0
UMBC,0.04566666666666667
UMass Lowell,0.29433333333333334
Vermont,0.585
