team,freq
Albany (NY),0.037383177570093455
Binghamton,0.014537902388369677
Hartford,0.003115264797507788
Maine,0
New Hampshire,0.022845275181723777
NJIT,0
Stony Brook,0
UMass Lowell,0.008307372793354102
UMBC,0.07372793354101764
Vermont,0.8400830737279336
