team,freq
Albany (NY),0.02556237218813906
Binghamton,0.005112474437627812
Hartford,0.007157464212678937
Maine,0
New Hampshire,0.029652351738241312
NJIT,0
Stony Brook,0
UMass Lowell,0.00920245398773006
UMBC,0.07566462167689161
Vermont,0.8476482617586912
