team,freq
Cal Poly,0
Cal St. Fullerton,0.1718907987866532
CSU Bakersfield,0.01820020222446916
CSUN,0
Hawaii,0.18806875631951467
Long Beach St.,0.09302325581395349
UC Davis,0.0262891809908999
UC Irvine,0.27098078867542974
UC Riverside,0.1435793731041456
UC San Diego,0
UC Santa Barbara,0.08796764408493427
