team,freq
Cal Poly,0.0010050251256281408
Cal St. Fullerton,0.08341708542713569
CSU Bakersfield,0.005025125628140704
CSUN,0
Hawaii,0.12462311557788945
Long Beach St.,0.06532663316582915
UC Davis,0.054271356783919596
UC Irvine,0.29547738693467335
UC Riverside,0.07135678391959799
UC San Diego,0
UC Santa Barbara,0.2994974874371859
