team,freq
Cal Poly,0.0020060180541624875
Cal St. Fullerton,0.06519558676028084
CSU Bakersfield,0
CSUN,0.0010030090270812437
Hawaii,0.15446339017051153
Long Beach St.,0.07422266800401203
UC Davis,0.05215646940822467
UC Irvine,0.25376128385155466
UC Riverside,0.07823470411233702
UC San Diego,0
UC Santa Barbara,0.31895687061183553
