team,freq
Cal Poly,0.0023333333333333335
Cal St. Fullerton,0.138
CSU Bakersfield,0.007666666666666666
CSUN,0
Hawaii,0.14933333333333335
Long Beach St.,0.19366666666666665
UC Davis,0.044
UC Irvine,0.191
UC Riverside,0.099
UC San Diego,0
UC Santa Barbara,0.175
