team,freq
CSU Bakersfield,0.0032188841201716742
CSUN,0.04935622317596567
Cal Poly,0
Cal St. Fullerton,0.01931330472103004
Hawaii,0.09334763948497854
Long Beach St.,0.11158798283261803
UC Davis,0.04399141630901288
UC Irvine,0.6115879828326181
UC Riverside,0.020386266094420603
UC San Diego,0
UC Santa Barbara,0.04721030042918455
