team,freq
Illinois,0.177
Indiana,0.041666666666666664
Iowa,0.3253333333333333
Maryland,0
Michigan,0
Michigan St.,0.049
Minnesota,0
Nebraska,0
Northwestern,0
Ohio St.,0
Penn St.,0.013666666666666667
Purdue,0.31666666666666665
Rutgers,0.01633333333333333
Wisconsin,0.060333333333333336
