team,freq
CSU Bakersfield,0.007215007215007216
CSUN,0.025974025974025972
Cal Poly,0
Cal St. Fullerton,0.007215007215007216
Hawaii,0.07503607503607504
Long Beach St.,0.07503607503607504
UC Davis,0.07070707070707072
UC Irvine,0.696969696969697
UC Riverside,0.007215007215007216
UC San Diego,0
UC Santa Barbara,0.03463203463203463
