team,freq
Baylor,0.3777555110220441
Iowa St.,0.028056112224448898
Kansas,0.2745490981963928
Kansas St.,0.0070140280561122245
Oklahoma,0.01503006012024048
Oklahoma St.,0
TCU,0.01603206412825651
Texas,0.06513026052104208
Texas Tech,0.21342685370741482
West Virginia,0.003006012024048096
