team,freq
Cal Poly,0.002026342451874367
Cal St. Fullerton,0.08206686930091185
CSU Bakersfield,0.0243161094224924
CSUN,0
Hawaii,0.0182370820668693
Long Beach St.,0.10233029381965553
UC Davis,0.047619047619047616
UC Irvine,0.3161094224924012
UC Riverside,0.16210739614994935
UC San Diego,0
UC Santa Barbara,0.24518743667679838
