team,freq
CSU Bakersfield,0.013280212483399735
CSUN,0.009296148738379814
Cal Poly,0
Cal St. Fullerton,0.00796812749003984
Hawaii,0.06640106241699867
Long Beach St.,0.06241699867197875
UC Davis,0.07171314741035857
UC Irvine,0.6972111553784861
UC Riverside,0.009296148738379814
UC San Diego,0
UC Santa Barbara,0.06241699867197875
