team,freq
CSU Bakersfield,0.001006036217303823
CSUN,0
Cal Poly,0
Cal St. Fullerton,0.1458752515090543
Hawaii,0.14185110663983902
Long Beach St.,0.06237424547283702
UC Davis,0.08752515090543259
UC Irvine,0.2917505030181086
UC Riverside,0.08148893360160966
UC San Diego,0
UC Santa Barbara,0.1881287726358149
