team,freq
Cal Poly,0.003015075376884422
Cal St. Fullerton,0.06633165829145729
CSU Bakersfield,0.005025125628140704
CSUN,0
Hawaii,0.10954773869346733
Long Beach St.,0.1185929648241206
UC Davis,0.04321608040201005
UC Irvine,0.34773869346733666
UC Riverside,0.10452261306532663
UC San Diego,0
UC Santa Barbara,0.2020100502512563
