team,freq
Eastern Wash.,0.06933333333333333
Idaho,0.0016666666666666668
Idaho St.,6.666666666666666e-4
Montana,0.042333333333333334
Montana St.,0.31966666666666665
Northern Ariz.,0.001
Northern Colo.,0.11466666666666667
Portland St.,0.021666666666666667
Sacramento St.,0.003
Southern Utah,0.25933333333333336
Weber St.,0.16666666666666666
