team,freq
Cal Poly,0.0030211480362537764
Cal St. Fullerton,0.07754279959718026
CSU Bakersfield,0.004028197381671702
CSUN,0.002014098690835851
Hawaii,0.11581067472306143
Long Beach St.,0.1268882175226586
UC Davis,0.06646525679758308
UC Irvine,0.32628398791540786
UC Riverside,0.08962739174219536
UC San Diego,0
UC Santa Barbara,0.18831822759315206
