team,freq
Cal Poly,0
Cal St. Fullerton,0.19939577039274925
CSU Bakersfield,0.03323262839879154
CSUN,0
Hawaii,0.21450151057401812
Long Beach St.,0.07754279959718026
UC Davis,0.032225579053373615
UC Irvine,0.2628398791540786
UC Riverside,0.09768378650553877
UC San Diego,0
UC Santa Barbara,0.08257804632426989
