team,freq
CSU Bakersfield,0.0020100502512562816
CSUN,0
Cal Poly,0
Cal St. Fullerton,0.15979899497487438
Hawaii,0.1135678391959799
Long Beach St.,0.07035175879396986
UC Davis,0.0814070351758794
UC Irvine,0.278391959798995
UC Riverside,0.12462311557788945
UC San Diego,0
UC Santa Barbara,0.1698492462311558
