team,freq
Cal Poly,0
Cal St. Fullerton,0.1472945891783567
CSU Bakersfield,0.04308617234468937
CSUN,0
Hawaii,0.14929859719438876
Long Beach St.,0.11623246492985972
UC Davis,0.08316633266533066
UC Irvine,0.2625250501002004
UC Riverside,0.03907815631262525
UC San Diego,0
UC Santa Barbara,0.1593186372745491
