team,freq
Campbell,0.07300000000000001
Charleston So.,0
Gardner-Webb,0.28700000000000003
Hampton,0
High Point,0.05700000000000001
Longwood,0.28700000000000003
N.C. A&T,0.020000000000000004
Presbyterian,0.010000000000000002
Radford,0.006000000000000001
UNC Asheville,0.053000000000000005
USC Upstate,0.06300000000000001
Winthrop,0.14400000000000002
