team,freq
CSU Bakersfield,0.0040941658137154556
CSUN,0.0020470829068577278
Cal Poly,0
Cal St. Fullerton,0.05117707267144319
Hawaii,0.1269191402251791
Long Beach St.,0.13408393039918115
UC Davis,0.018423746161719545
UC Irvine,0.5742067553735927
UC Riverside,0.008188331627430911
UC San Diego,0
UC Santa Barbara,0.08085977482088023
