team,freq
Baylor,0.3461538461538462
Iowa St.,0.011133603238866396
Kansas,0.2955465587044534
Kansas St.,0.010121457489878543
Oklahoma,0.022267206477732792
Oklahoma St.,0
TCU,0.015182186234817813
Texas,0.12550607287449392
Texas Tech,0.17206477732793524
West Virginia,0.0020242914979757085
