team,freq
Cal Poly,3.333333333333333e-4
Cal St. Fullerton,0.13333333333333333
CSU Bakersfield,0.008
CSUN,6.666666666666666e-4
Hawaii,0.146
Long Beach St.,0.19333333333333333
UC Davis,0.041
UC Irvine,0.19133333333333333
UC Riverside,0.115
UC San Diego,0
UC Santa Barbara,0.171
