team,freq
Eastern Wash.,0
Idaho,0
Idaho St.,0
Montana,0.524
Montana St.,0.29833333333333334
Northern Ariz.,0
Northern Colo.,0.040666666666666663
Portland St.,0
Sacramento St.,0.051333333333333335
Weber St.,0.08566666666666667
