team,freq
CSU Bakersfield,0.011594202898550723
CSUN,0.027536231884057967
Cal Poly,0
Cal St. Fullerton,0.008695652173913044
Hawaii,0.07391304347826086
Long Beach St.,0.08840579710144926
UC Davis,0.05217391304347825
UC Irvine,0.6753623188405797
UC Riverside,0.017391304347826087
UC San Diego,0
UC Santa Barbara,0.04492753623188405
