team,freq
Cal Poly,0.004004004004004004
Cal St. Fullerton,0.11011011011011011
CSU Bakersfield,0
CSUN,0
Hawaii,0.14914914914914915
Long Beach St.,0.06606606606606608
UC Davis,0.06006006006006006
UC Irvine,0.25625625625625625
UC Riverside,0.08408408408408409
UC San Diego,0
UC Santa Barbara,0.2702702702702703
