team,freq
Cal Poly,0
Cal St. Fullerton,0.09218436873747494
CSU Bakersfield,0.004008016032064128
CSUN,0
Hawaii,0.15531062124248496
Long Beach St.,0.052104208416833664
UC Davis,0.07114228456913826
UC Irvine,0.2665330661322645
UC Riverside,0.08316633266533066
UC San Diego,0
UC Santa Barbara,0.2755511022044088
