team,freq
Butler,3.333333333333333e-4
Creighton,0.043333333333333335
DePaul,0.005
Georgetown,3.333333333333333e-4
Marquette,0.101
Providence,0.11833333333333333
Seton Hall,0.059
St. John's (NY),0.017666666666666667
UConn,0.17633333333333334
Villanova,0.3993333333333333
Xavier,0.07933333333333334
