team,freq
Campbell,0.044333333333333336
Charleston So.,0.019
Gardner-Webb,0.14166666666666666
High Point,0
Longwood,0.234
Presbyterian,0
Radford,0.17533333333333334
UNC Asheville,0.296
USC Upstate,0.034
Winthrop,0.05566666666666667
