team,freq
CSU Bakersfield,0.0051813471502590676
CSUN,0.004145077720207254
Cal Poly,0
Cal St. Fullerton,0.061139896373056994
Hawaii,0.17305699481865286
Long Beach St.,0.14922279792746113
UC Davis,0.030051813471502594
UC Irvine,0.44974093264248705
UC Riverside,0.04352331606217617
UC San Diego,0
UC Santa Barbara,0.0839378238341969
