team,freq
Cal Poly,0.0010152284263959391
Cal St. Fullerton,0.10964467005076142
CSU Bakersfield,0.020304568527918784
CSUN,0.0010152284263959391
Hawaii,0.19390862944162437
Long Beach St.,0.020304568527918784
UC Davis,0.027411167512690356
UC Irvine,0.4487309644670051
UC Riverside,0.12791878172588833
UC San Diego,0
UC Santa Barbara,0.049746192893401014
