team,freq
Baylor,0.29819277108433734
Iowa St.,0.010040160642570281
Kansas,0.30823293172690763
Kansas St.,0.006024096385542169
Oklahoma,0.010040160642570281
Oklahoma St.,0
TCU,0.008032128514056226
Texas,0.1465863453815261
Texas Tech,0.20080321285140562
West Virginia,0.012048192771084338
