team,freq
CSU Bakersfield,0.014213197969543147
CSUN,0.0020304568527918783
Cal Poly,0
Cal St. Fullerton,0.07817258883248732
Hawaii,0.19390862944162437
Long Beach St.,0.06395939086294417
UC Davis,0.05888324873096447
UC Irvine,0.4842639593908629
UC Riverside,0.03248730964467005
UC San Diego,0
UC Santa Barbara,0.07208121827411167
