team,freq
CSU Bakersfield,0.011095700416088766
CSUN,0.013869625520110958
Cal Poly,0
Cal St. Fullerton,0.011095700416088766
Hawaii,0.07073509015256588
Long Beach St.,0.07350901525658807
UC Davis,0.05963938973647711
UC Irvine,0.7059639389736477
UC Riverside,0.015256588072122053
UC San Diego,0
UC Santa Barbara,0.03883495145631068
