team,freq
Campbell,0.049
Charleston So.,0
Gardner-Webb,0.218
Hampton,0.0016666666666666668
High Point,0.034333333333333334
Longwood,0.2996666666666667
N.C. A&T,0.006
Presbyterian,0.011666666666666667
Radford,0.014333333333333333
UNC Asheville,0.11466666666666667
USC Upstate,0.025333333333333333
Winthrop,0.22533333333333333
