team,freq
Cal Poly,0.001001001001001001
Cal St. Fullerton,0.2172172172172172
CSU Bakersfield,0.009009009009009009
CSUN,0
Hawaii,0.04604604604604604
Long Beach St.,0.16616616616616617
UC Davis,0.04604604604604604
UC Irvine,0.26126126126126126
UC Riverside,0.08208208208208209
UC San Diego,0
UC Santa Barbara,0.17117117117117117
