team,freq
Baylor,0.45592705167173253
Iowa St.,0.017223910840932118
Kansas,0.2948328267477203
Kansas St.,0.008105369807497468
Oklahoma,0.022289766970618033
Oklahoma St.,0
TCU,0.011144883485309016
Texas,0.06788247213779129
Texas Tech,0.11246200607902736
West Virginia,0.010131712259371834
