team,freq
Baylor,0.5416248746238717
Iowa St.,0.0160481444332999
Kansas,0.2046138415245737
Kansas St.,0.0010030090270812437
Oklahoma,0.01905717151454363
Oklahoma St.,0
TCU,0.0030090270812437314
Texas,0.07221664994984954
Texas Tech,0.12136409227683048
West Virginia,0.02106318956870612
