team,freq
Cal Poly,0.001006036217303823
Cal St. Fullerton,0.13078470824949698
CSU Bakersfield,0.01810865191146881
CSUN,0.002012072434607646
Hawaii,0.20925553319919515
Long Beach St.,0.11971830985915492
UC Davis,0.021126760563380285
UC Irvine,0.2696177062374246
UC Riverside,0.12173038229376257
UC San Diego,0
UC Santa Barbara,0.10663983903420522
