team,freq
Cal Poly,0.0020080321285140565
Cal St. Fullerton,0.1706827309236948
CSU Bakersfield,0.010040160642570281
CSUN,0
Hawaii,0.20180722891566266
Long Beach St.,0.11746987951807229
UC Davis,0.02610441767068273
UC Irvine,0.2359437751004016
UC Riverside,0.10843373493975904
UC San Diego,0
UC Santa Barbara,0.12751004016064257
