team,freq
Cal Poly,0
Cal St. Fullerton,0.1393939393939394
CSU Bakersfield,0.00404040404040404
CSUN,0
Hawaii,0.1383838383838384
Long Beach St.,0.18787878787878787
UC Davis,0.023232323232323233
UC Irvine,0.27171717171717175
UC Riverside,0.0797979797979798
UC San Diego,0
UC Santa Barbara,0.15555555555555556
