team,freq
CSU Bakersfield,0.004189944134078212
CSUN,0.013966480446927375
Cal Poly,0
Cal St. Fullerton,0.0111731843575419
Hawaii,0.0670391061452514
Long Beach St.,0.10754189944134078
UC Davis,0.051675977653631286
UC Irvine,0.6703910614525139
UC Riverside,0.02374301675977654
UC San Diego,0
UC Santa Barbara,0.05027932960893854
