team,freq
Cal Poly,0
Cal St. Fullerton,0.17820773930753564
CSU Bakersfield,0.026476578411405296
CSUN,0.00814663951120163
Hawaii,0.07942973523421588
Long Beach St.,0.18533604887983707
UC Davis,0.03971486761710794
UC Irvine,0.1364562118126273
UC Riverside,0.07535641547861507
UC San Diego,0
UC Santa Barbara,0.2708757637474542
