team,freq
Cal Poly,0
Cal St. Fullerton,0.09485368314833502
CSU Bakersfield,0.0686175580221998
CSUN,0.0010090817356205853
Hawaii,0.03733602421796165
Long Beach St.,0.003027245206861756
UC Davis,0.028254288597376387
UC Irvine,0.5055499495459133
UC Riverside,0.12512613521695257
UC San Diego,0
UC Santa Barbara,0.13622603430877903
