team,freq
CSU Bakersfield,0.005324813631522897
CSUN,0.010649627263045794
Cal Poly,0
Cal St. Fullerton,0.034078807241746535
Hawaii,0.11608093716719914
Long Beach St.,0.13738019169329074
UC Davis,0.01597444089456869
UC Irvine,0.5889243876464324
UC Riverside,0.008519701810436634
UC San Diego,0
UC Santa Barbara,0.08306709265175719
