team,freq
CSU Bakersfield,0.006269592476489029
CSUN,0.006269592476489029
Cal Poly,0
Cal St. Fullerton,0.05329153605015674
Hawaii,0.16300940438871475
Long Beach St.,0.1588296760710554
UC Davis,0.017763845350052248
UC Irvine,0.51619644723093006
UC Riverside,0.019853709508881923
UC San Diego,0
UC Santa Barbara,0.05851619644723093
