team,freq
Cal Poly,0
Cal St. Fullerton,0.11842105263157895
CSU Bakersfield,0.0010121457489878543
CSUN,0.0010121457489878543
Hawaii,0.21761133603238866
Long Beach St.,0.1680161943319838
UC Davis,0.03340080971659919
UC Irvine,0.23279352226720648
UC Riverside,0.0688259109311741
UC San Diego,0
UC Santa Barbara,0.15890688259109312
