team,freq
Cal Poly,0.0010080645161290322
Cal St. Fullerton,0.04233870967741936
CSU Bakersfield,0.0030241935483870967
CSUN,0
Hawaii,0.14516129032258063
Long Beach St.,0.09173387096774194
UC Davis,0.044354838709677415
UC Irvine,0.28629032258064513
UC Riverside,0.11491935483870969
UC San Diego,0
UC Santa Barbara,0.2711693548387097
