team,freq
Illinois,0.19466666666666665
Indiana,0.018333333333333333
Iowa,0.23066666666666666
Maryland,0.011
Michigan,0.037333333333333336
Michigan St.,0.034
Minnesota,0
Nebraska,0
Northwestern,0.007666666666666666
Ohio St.,0.04533333333333334
Penn St.,0.0036666666666666666
Purdue,0.315
Rutgers,0.019
Wisconsin,0.08333333333333333
