team,freq
CSU Bakersfield,0.00617283950617284
CSUN,0.00617283950617284
Cal Poly,0
Cal St. Fullerton,0.05967078189300412
Hawaii,0.12757201646090535
Long Beach St.,0.18724279835390947
UC Davis,0.01646090534979424
UC Irvine,0.5154320987654322
UC Riverside,0.01440329218106996
UC San Diego,0
UC Santa Barbara,0.0668724279835391
