team,freq
Cal Poly,0
Cal St. Fullerton,0.15376884422110554
CSU Bakersfield,0
CSUN,0
Hawaii,0.14974874371859295
Long Beach St.,0.16683417085427138
UC Davis,0.02512562814070352
UC Irvine,0.2894472361809045
UC Riverside,0.07839195979899498
UC San Diego,0
UC Santa Barbara,0.13668341708542714
