team,freq
Baylor,0.42264914054600605
Iowa St.,0.033367037411526794
Kansas,0.31445904954499493
Kansas St.,0.004044489383215369
Oklahoma,0.024266936299292215
Oklahoma St.,0
TCU,0.0010111223458038423
Texas,0.07684529828109202
Texas Tech,0.10920121334681497
West Virginia,0.014155712841253791
