team,freq
Baylor,0.5342741935483871
Iowa St.,0.013104838709677418
Kansas,0.20060483870967744
Kansas St.,0.0010080645161290322
Oklahoma,0.024193548387096774
Oklahoma St.,0
TCU,0.005040322580645161
Texas,0.07258064516129031
Texas Tech,0.12298387096774194
West Virginia,0.026209677419354836
