team,freq
CSU Bakersfield,0.003167898627243928
CSUN,0.007391763463569166
Cal Poly,0
Cal St. Fullerton,0.045406546990496295
Hawaii,0.14255543822597677
Long Beach St.,0.1446673706441394
UC Davis,0.01372756071805702
UC Irvine,0.5797254487856389
UC Riverside,0.009503695881731783
UC San Diego,0
UC Santa Barbara,0.05385427666314677
