team,freq
Cal Poly,0
Cal St. Fullerton,0.10292633703329969
CSU Bakersfield,0.02320887991927346
CSUN,0.0020181634712411706
Hawaii,0.21089808274470231
Long Beach St.,0.01715438950554995
UC Davis,0.03229061553985873
UC Irvine,0.41876892028254287
UC Riverside,0.14127144298688196
UC San Diego,0
UC Santa Barbara,0.051463168516649845
