team,freq
Illinois,0.20700000000000002
Indiana,0.0010000000000000002
Iowa,0.008000000000000002
Maryland,0.014000000000000002
Michigan,0
Michigan St.,0.08600000000000001
Minnesota,0.006000000000000001
Nebraska,0.04200000000000001
Northwestern,0.010000000000000002
Ohio St.,0.007000000000000001
Penn St.,0
Purdue,0.5670000000000001
Rutgers,0
Wisconsin,0.052000000000000005
