team,freq
CSU Bakersfield,0.006973500697350071
CSUN,0.008368200836820085
Cal Poly,0
Cal St. Fullerton,0.0027894002789400282
Hawaii,0.027894002789400282
Long Beach St.,0.0599721059972106
UC Davis,0.09902370990237098
UC Irvine,0.7308228730822873
UC Riverside,0.004184100418410042
UC San Diego,0
UC Santa Barbara,0.0599721059972106
