team,freq
Butler,3.333333333333333e-4
Creighton,0.030666666666666665
DePaul,0.004333333333333333
Georgetown,0
Marquette,0.10433333333333333
Providence,0.10566666666666667
Seton Hall,0.06433333333333334
St. John's (NY),0.022
UConn,0.17933333333333334
Villanova,0.4196666666666667
Xavier,0.06933333333333333
