team,freq
Cal Poly,0.0010111223458038423
Cal St. Fullerton,0.1769464105156724
CSU Bakersfield,0.01718907987866532
CSUN,0
Hawaii,0.20525783619818
Long Beach St.,0.1031344792719919
UC Davis,0.01314459049544995
UC Irvine,0.25480283114256824
UC Riverside,0.13751263902932256
UC San Diego,0
UC Santa Barbara,0.0910010111223458
