team,freq
Cal Poly,0.004028197381671702
Cal St. Fullerton,0.0986908358509567
CSU Bakersfield,0.006042296072507553
CSUN,0.0010070493454179255
Hawaii,0.12185297079556898
Long Beach St.,0.10372608257804632
UC Davis,0.08761329305135951
UC Irvine,0.3423967774420947
UC Riverside,0.06545820745216516
UC San Diego,0
UC Santa Barbara,0.1691842900302115
