team,freq
Cal Poly,0
Cal St. Fullerton,0.10920121334681497
CSU Bakersfield,0.0020222446916076846
CSUN,0
Hawaii,0.2366026289180991
Long Beach St.,0.16683518705763398
UC Davis,0.033367037411526794
UC Irvine,0.23154701718907988
UC Riverside,0.06268958543983823
UC San Diego,0
UC Santa Barbara,0.1577350859453994
