team,freq
Cal Poly,0
Cal St. Fullerton,0.1062124248496994
CSU Bakersfield,0
CSUN,0
Hawaii,0.10721442885771543
Long Beach St.,0.06713426853707415
UC Davis,0.06513026052104208
UC Irvine,0.2945891783567134
UC Riverside,0.06713426853707415
UC San Diego,0
UC Santa Barbara,0.2925851703406813
