team,freq
CSU Bakersfield,0
CSUN,0.0010040160642570282
Cal Poly,0
Cal St. Fullerton,0.09738955823293173
Hawaii,0.12048192771084337
Long Beach St.,0.09136546184738956
UC Davis,0.08132530120481928
UC Irvine,0.2520080321285141
UC Riverside,0.07931726907630522
UC San Diego,0
UC Santa Barbara,0.27710843373493976
