team,freq
Cal Poly,0.0010131712259371835
Cal St. Fullerton,0.09929078014184398
CSU Bakersfield,0
CSUN,0
Hawaii,0.1408308004052685
Long Beach St.,0.22796352583586627
UC Davis,0.04255319148936171
UC Irvine,0.20466058763931105
UC Riverside,0.1094224924012158
UC San Diego,0
UC Santa Barbara,0.17426545086119552
