team,freq
Illinois,0.19
Indiana,0.019333333333333334
Iowa,0.23566666666666666
Maryland,0.008
Michigan,0.035333333333333335
Michigan St.,0.030666666666666665
Minnesota,0
Nebraska,3.333333333333333e-4
Northwestern,0.007333333333333333
Ohio St.,0.058666666666666666
Penn St.,0.001
Purdue,0.31533333333333335
Rutgers,0.017
Wisconsin,0.08133333333333333
