team,freq
CSU Bakersfield,0.00823045267489712
CSUN,0.012345679012345678
Cal Poly,0
Cal St. Fullerton,0.012345679012345678
Hawaii,0.06035665294924554
Long Beach St.,0.08779149519890261
UC Davis,0.05898491083676269
UC Irvine,0.6886145404663924
UC Riverside,0.027434842249657067
UC San Diego,0
UC Santa Barbara,0.04389574759945131
