team,freq
Baylor,0.13233333333333333
Iowa St.,0.08066666666666666
Kansas,0.21
Kansas St.,0.10333333333333333
Oklahoma,0.011
Oklahoma St.,0.015
TCU,0.1
Texas,0.285
Texas Tech,0.013333333333333334
West Virginia,0.04933333333333333
