team,freq
Cal Poly,0
Cal St. Fullerton,0.1272727272727273
CSU Bakersfield,0.028282828282828285
CSUN,0.00202020202020202
Hawaii,0.20808080808080806
Long Beach St.,0.024242424242424242
UC Davis,0.02222222222222222
UC Irvine,0.393939393939394
UC Riverside,0.14545454545454545
UC San Diego,0
UC Santa Barbara,0.048484848484848485
