team,freq
Cal Poly,0
Cal St. Fullerton,0.1653225806451613
CSU Bakersfield,0.014112903225806451
CSUN,0
Hawaii,0.20766129032258063
Long Beach St.,0.11794354838709678
UC Davis,0.022177419354838707
UC Irvine,0.3034274193548387
UC Riverside,0.10685483870967742
UC San Diego,0
UC Santa Barbara,0.0625
