team,freq
Cal Poly,0
Cal St. Fullerton,0.10282258064516128
CSU Bakersfield,0.05745967741935484
CSUN,0.0010080645161290322
Hawaii,0.03931451612903226
Long Beach St.,0.0020161290322580645
UC Davis,0.030241935483870965
UC Irvine,0.4939516129032258
UC Riverside,0.10584677419354839
UC San Diego,0
UC Santa Barbara,0.16733870967741937
