team,freq
CSU Bakersfield,0.01576872536136662
CSUN,0.005256241787122208
Cal Poly,0
Cal St. Fullerton,0.009198423127463863
Hawaii,0.06701708278580815
Long Beach St.,0.05387647831800263
UC Davis,0.08015768725361366
UC Irvine,0.6898817345597897
UC Riverside,0.02102496714848883
UC San Diego,0
UC Santa Barbara,0.057818659658344276
