team,freq
CSU Bakersfield,0.0023391812865497076
CSUN,0.04327485380116959
Cal Poly,0
Cal St. Fullerton,0.016374269005847954
Hawaii,0.07719298245614035
Long Beach St.,0.06198830409356725
UC Davis,0.1391812865497076
UC Irvine,0.6222222222222222
UC Riverside,0.007017543859649123
UC San Diego,0
UC Santa Barbara,0.0304093567251462
