team,freq
Cal Poly,0
Cal St. Fullerton,0.11931243680485339
CSU Bakersfield,0.016177957532861477
CSUN,0.0020222446916076846
Hawaii,0.22143579373104147
Long Beach St.,0.01820020222446916
UC Davis,0.033367037411526794
UC Irvine,0.4014155712841254
UC Riverside,0.1405460060667341
UC San Diego,0
UC Santa Barbara,0.047522750252780584
