team,freq
Eastern Wash.,0.289
Idaho,0.0026666666666666666
Idaho St.,0.017333333333333333
Montana,0.17766666666666667
Montana St.,0.3243333333333333
Northern Ariz.,0.020333333333333332
Northern Colo.,0.02266666666666667
Portland St.,0.010333333333333333
Sacramento St.,0.049
Weber St.,0.08666666666666667
