team,freq
Eastern Wash.,0.28833333333333333
Idaho,0.0026666666666666666
Idaho St.,0.017333333333333333
Montana,0.17833333333333334
Montana St.,0.32566666666666666
Northern Ariz.,0.021333333333333333
Northern Colo.,0.023
Portland St.,0.010333333333333333
Sacramento St.,0.048
Weber St.,0.085
