team,freq
Cal Poly,0.004028197381671702
Cal St. Fullerton,0.05236656596173212
CSU Bakersfield,0.0030211480362537764
CSUN,0
Hawaii,0.15206445115810674
Long Beach St.,0.08056394763343404
UC Davis,0.05337361530715005
UC Irvine,0.2628398791540786
UC Riverside,0.10070493454179255
UC San Diego,0
UC Santa Barbara,0.29103726082578046
