team,freq
Baylor,0.334
Iowa St.,0.014
Kansas,0.279
Kansas St.,0.007333333333333333
Oklahoma,0.021666666666666667
Oklahoma St.,0
TCU,0.023333333333333334
Texas,0.10566666666666667
Texas Tech,0.21266666666666667
West Virginia,0.0023333333333333335
