team,freq
Butler,3.333333333333333e-4
Creighton,0.259
DePaul,0
Georgetown,0
Marquette,0.17966666666666667
Providence,0.034
Seton Hall,0.022333333333333334
St. John's (NY),0.0036666666666666666
UConn,0.343
Villanova,0.01633333333333333
Xavier,0.14166666666666666
