team,freq
CSU Bakersfield,0.001002004008016032
CSUN,0.001002004008016032
Cal Poly,0
Cal St. Fullerton,0.10120240480961924
Hawaii,0.10020040080160321
Long Beach St.,0.09619238476953908
UC Davis,0.0811623246492986
UC Irvine,0.31162324649298595
UC Riverside,0.0531062124248497
UC San Diego,0
UC Santa Barbara,0.2545090180360721
