team,freq
Cal Poly,0.0030211480362537764
Cal St. Fullerton,0.04632426988922457
CSU Bakersfield,0.002014098690835851
CSUN,0
Hawaii,0.17522658610271902
Long Beach St.,0.07955689828801611
UC Davis,0.054380664652567974
UC Irvine,0.29204431017119836
UC Riverside,0.10473313192346424
UC San Diego,0
UC Santa Barbara,0.24269889224572003
