team,freq
Eastern Wash.,0.06666666666666667
Idaho,0.0013333333333333333
Idaho St.,3.333333333333333e-4
Montana,0.051
Montana St.,0.31766666666666665
Northern Ariz.,3.333333333333333e-4
Northern Colo.,0.119
Portland St.,0.02266666666666667
Sacramento St.,0.0033333333333333335
Southern Utah,0.254
Weber St.,0.16366666666666665
