team,freq
CSU Bakersfield,0.010438413361169102
CSUN,0.0010438413361169103
Cal Poly,0
Cal St. Fullerton,0.06367432150313153
Hawaii,0.1617954070981211
Long Beach St.,0.14718162839248433
UC Davis,0.042797494780793324
UC Irvine,0.4843423799582464
UC Riverside,0.024008350730688934
UC San Diego,0
UC Santa Barbara,0.06471816283924843
