team,freq
Illinois,0.21400000000000002
Indiana,0.0010000000000000002
Iowa,0.011000000000000001
Maryland,0.007000000000000001
Michigan,0
Michigan St.,0.07200000000000001
Minnesota,0.005000000000000001
Nebraska,0.038000000000000006
Northwestern,0.021000000000000005
Ohio St.,0.009000000000000001
Penn St.,0.0010000000000000002
Purdue,0.5720000000000001
Rutgers,0.0010000000000000002
Wisconsin,0.04800000000000001
