team,freq
Baylor,0.44072948328267475
Iowa St.,0.02735562310030395
Kansas,0.292806484295846
Kansas St.,0.00303951367781155
Oklahoma,0.025329280648429587
Oklahoma St.,0
TCU,0.00911854103343465
Texas,0.06788247213779129
Texas Tech,0.12462006079027356
West Virginia,0.00911854103343465
