team,freq
Cal Poly,0
Cal St. Fullerton,0.12815338042381433
CSU Bakersfield,0.021190716448032294
CSUN,0
Hawaii,0.24117053481331988
Long Beach St.,0.051463168516649845
UC Davis,0.051463168516649845
UC Irvine,0.3087790110998991
UC Riverside,0.1372351160443996
UC San Diego,0
UC Santa Barbara,0.060544904137235116
