team,freq
CSU Bakersfield,0.009668508287292819
CSUN,0.019337016574585638
Cal Poly,0
Cal St. Fullerton,0.008287292817679558
Hawaii,0.05662983425414365
Long Beach St.,0.052486187845303865
UC Davis,0.09116022099447514
UC Irvine,0.6892265193370166
UC Riverside,0.009668508287292819
UC San Diego,0
UC Santa Barbara,0.06353591160220995
