team,freq
Cal Poly,0
Cal St. Fullerton,0.1715438950554995
CSU Bakersfield,0.020181634712411706
CSUN,0
Hawaii,0.21796165489404642
Long Beach St.,0.10696266397578204
UC Davis,0.03128153380423814
UC Irvine,0.2674066599394551
UC Riverside,0.09889001009081735
UC San Diego,0
UC Santa Barbara,0.08577194752774975
