team,freq
Cal Poly,0
Cal St. Fullerton,0.15562248995983935
CSU Bakersfield,0.023092369477911646
CSUN,0
Hawaii,0.23293172690763053
Long Beach St.,0.10943775100401607
UC Davis,0.02710843373493976
UC Irvine,0.2580321285140562
UC Riverside,0.10240963855421686
UC San Diego,0
UC Santa Barbara,0.09136546184738956
