team,freq
Cal Poly,0
Cal St. Fullerton,0.14543630892678033
CSU Bakersfield,0.011033099297893681
CSUN,0
Hawaii,0.19859578736208627
Long Beach St.,0.13440320962888666
UC Davis,0.0320962888665998
UC Irvine,0.21664994984954863
UC Riverside,0.12236710130391174
UC San Diego,0
UC Santa Barbara,0.1394182547642929
