team,freq
Cal Poly,0.0030120481927710845
Cal St. Fullerton,0.1495983935742972
CSU Bakersfield,0.012048192771084338
CSUN,0
Hawaii,0.18674698795180722
Long Beach St.,0.1214859437751004
UC Davis,0.03714859437751004
UC Irvine,0.24096385542168675
UC Riverside,0.1214859437751004
UC San Diego,0
UC Santa Barbara,0.12751004016064257
