team,freq
Cal Poly,0.001001001001001001
Cal St. Fullerton,0.08208208208208209
CSU Bakersfield,0.005005005005005005
CSUN,0
Hawaii,0.15815815815815815
Long Beach St.,0.05905905905905905
UC Davis,0.056056056056056056
UC Irvine,0.3043043043043043
UC Riverside,0.06806806806806807
UC San Diego,0
UC Santa Barbara,0.26626626626626626
