team,freq
Cal Poly,0
Cal St. Fullerton,0.16080402010050251
CSU Bakersfield,0.005025125628140704
CSUN,0.0010050251256281408
Hawaii,0.15678391959798996
Long Beach St.,0.16381909547738693
UC Davis,0.027135678391959798
UC Irvine,0.23115577889447236
UC Riverside,0.09949748743718594
UC San Diego,0
UC Santa Barbara,0.15477386934673368
