team,freq
Butler,0.001
Creighton,0.038
DePaul,0.004333333333333333
Georgetown,3.333333333333333e-4
Marquette,0.09933333333333333
Providence,0.10733333333333334
Seton Hall,0.067
St. John's (NY),0.025
UConn,0.183
Villanova,0.4026666666666667
Xavier,0.072
