team,freq
CSU Bakersfield,0.02434077079107505
CSUN,0.3630831643002028
Cal Poly,0.008113590263691683
Cal St. Fullerton,0.011156186612576065
Hawaii,0.13691683569979718
Long Beach St.,0.028397565922920892
UC Davis,0.04969574036511156
UC Irvine,0.26774847870182555
UC Riverside,0.038539553752535496
UC San Diego,0
UC Santa Barbara,0.07200811359026368
