team,freq
Baylor,0.40120967741935487
Iowa St.,0.026209677419354836
Kansas,0.26713709677419356
Kansas St.,0.006048387096774193
Oklahoma,0.019153225806451613
Oklahoma St.,0
TCU,0.016129032258064516
Texas,0.07258064516129031
Texas Tech,0.18850806451612903
West Virginia,0.0030241935483870967
