team,freq
Cal Poly,0
Cal St. Fullerton,0.13755020080321287
CSU Bakersfield,0.02710843373493976
CSUN,0.0010040160642570282
Hawaii,0.18674698795180722
Long Beach St.,0.025100401606425703
UC Davis,0.04116465863453816
UC Irvine,0.34538152610441764
UC Riverside,0.17771084337349397
UC San Diego,0
UC Santa Barbara,0.05823293172690763
