team,freq
CSU Bakersfield,0.007052186177715092
CSUN,0.009873060648801129
Cal Poly,0
Cal St. Fullerton,0.014104372355430184
Hawaii,0.021156558533145277
Long Beach St.,0.04795486600846263
UC Davis,0.10578279266572638
UC Irvine,0.7136812411847673
UC Riverside,0.002820874471086037
UC San Diego,0
UC Santa Barbara,0.07757404795486601
