team,freq
CSU Bakersfield,0.0010050251256281408
CSUN,0
Cal Poly,0
Cal St. Fullerton,0.14472361809045226
Hawaii,0.13266331658291458
Long Beach St.,0.07035175879396986
UC Davis,0.08341708542713569
UC Irvine,0.30552763819095474
UC Riverside,0.09246231155778895
UC San Diego,0
UC Santa Barbara,0.1698492462311558
