team,freq
Cal Poly,0.00101010101010101
Cal St. Fullerton,0.08787878787878788
CSU Bakersfield,0.045454545454545456
CSUN,0
Hawaii,0.03535353535353536
Long Beach St.,0.007070707070707071
UC Davis,0.04444444444444444
UC Irvine,0.48484848484848486
UC Riverside,0.1797979797979798
UC San Diego,0
UC Santa Barbara,0.11414141414141414
