team,freq
Cal Poly,0
Cal St. Fullerton,0.0964824120603015
CSU Bakersfield,0.0010050251256281408
CSUN,0
Hawaii,0.11155778894472362
Long Beach St.,0.06733668341708543
UC Davis,0.06130653266331658
UC Irvine,0.29346733668341707
UC Riverside,0.0743718592964824
UC San Diego,0
UC Santa Barbara,0.29447236180904524
