team,freq
Cal Poly,0
Cal St. Fullerton,0.10909090909090909
CSU Bakersfield,0.01616161616161616
CSUN,0.00101010101010101
Hawaii,0.19292929292929292
Long Beach St.,0.013131313131313131
UC Davis,0.03535353535353536
UC Irvine,0.40505050505050505
UC Riverside,0.17777777777777776
UC San Diego,0
UC Santa Barbara,0.049494949494949494
