team,freq
CSU Bakersfield,0.0121580547112462
CSUN,0.0070921985815602835
Cal Poly,0.002026342451874367
Cal St. Fullerton,0.047619047619047616
Hawaii,0.1590678824721378
Long Beach St.,0.1509625126646403
UC Davis,0.02735562310030395
UC Irvine,0.48328267477203646
UC Riverside,0.047619047619047616
UC San Diego,0
UC Santa Barbara,0.06281661600810537
