team,freq
Baylor,0.37449392712550605
Iowa St.,0.009109311740890687
Kansas,0.2773279352226721
Kansas St.,0.006072874493927126
Oklahoma,0.01417004048582996
Oklahoma St.,0
TCU,0.029352226720647776
Texas,0.09008097165991903
Texas Tech,0.19736842105263158
West Virginia,0.0020242914979757085
