team,freq
CSU Bakersfield,0.006105006105006105
CSUN,0.01221001221001221
Cal Poly,0
Cal St. Fullerton,0.013431013431013428
Hawaii,0.05128205128205128
Long Beach St.,0.07814407814407814
UC Davis,0.13675213675213674
UC Irvine,0.6483516483516484
UC Riverside,0.007326007326007326
UC San Diego,0
UC Santa Barbara,0.04639804639804639
