team,freq
Eastern Wash.,0.06266666666666666
Idaho,0.0016666666666666668
Idaho St.,6.666666666666666e-4
Montana,0.046
Montana St.,0.3423333333333333
Northern Ariz.,6.666666666666666e-4
Northern Colo.,0.098
Portland St.,0.022
Sacramento St.,0.005333333333333333
Southern Utah,0.255
Weber St.,0.16566666666666666
