team,freq
CSU Bakersfield,0.004195804195804196
CSUN,0.006993006993006994
Cal Poly,0
Cal St. Fullerton,0.005594405594405594
Hawaii,0.012587412587412587
Long Beach St.,0.05174825174825175
UC Davis,0.09650349650349652
UC Irvine,0.7160839160839161
UC Riverside,0.004195804195804196
UC San Diego,0
UC Santa Barbara,0.1020979020979021
