team,freq
Cal Poly,0
Cal St. Fullerton,0.13131313131313133
CSU Bakersfield,0.024242424242424242
CSUN,0.00202020202020202
Hawaii,0.20505050505050507
Long Beach St.,0.06161616161616162
UC Davis,0.05757575757575758
UC Irvine,0.2959595959595959
UC Riverside,0.1595959595959596
UC San Diego,0
UC Santa Barbara,0.06262626262626263
