team,freq
Baylor,0
Iowa St.,0.14066666666666666
Kansas,0.334
Kansas St.,0.08033333333333334
Oklahoma,0
Oklahoma St.,0
TCU,0.07733333333333334
Texas,0.36766666666666664
Texas Tech,0
West Virginia,0
