team,freq
CSU Bakersfield,0.010224948875255623
CSUN,0.28629856850715746
Cal Poly,0.015337423312883434
Cal St. Fullerton,0
Hawaii,0.00920245398773006
Long Beach St.,0.010224948875255623
UC Davis,0.09509202453987729
UC Irvine,0.3282208588957055
UC Riverside,0.08179959100204498
UC San Diego,0
UC Santa Barbara,0.16359918200408996
