team,freq
CSU Bakersfield,0.004324324324324324
CSUN,0.025945945945945948
Cal Poly,0
Cal St. Fullerton,0.021621621621621623
Hawaii,0.08972972972972974
Long Beach St.,0.1145945945945946
UC Davis,0.02918918918918919
UC Irvine,0.6454054054054055
UC Riverside,0.022702702702702707
UC San Diego,0
UC Santa Barbara,0.046486486486486484
