team,freq
Baylor,0.40080563947633435
Iowa St.,0.03726082578046324
Kansas,0.3081570996978852
Kansas St.,0.006042296072507553
Oklahoma,0.027190332326283987
Oklahoma St.,0
TCU,0.005035246727089627
Texas,0.07049345417925479
Texas Tech,0.13595166163141995
West Virginia,0.009063444108761328
