team,freq
Charlotte,0.007333333333333333
FIU,0
Fla. Atlantic,0.023666666666666666
Louisiana Tech,0.08466666666666667
Marshall,0.001
Middle Tenn.,0.11033333333333334
North Texas,0.333
Old Dominion,0.006
Rice,0.0016666666666666668
Southern Miss.,0
UAB,0.364
UTEP,0.014666666666666666
UTSA,0
Western Ky.,0.05366666666666667
