team,freq
Charlotte,0.036
FIU,3.333333333333333e-4
Fla. Atlantic,0.4876666666666667
Louisiana Tech,0.006333333333333333
Middle Tenn.,0.03133333333333333
North Texas,0.19466666666666665
Rice,0.004
UAB,0.23533333333333334
UTEP,0.0023333333333333335
UTSA,0
Western Ky.,0.002
