team,freq
Col. of Charleston,0.07633333333333334
Delaware,0.047
Drexel,0.076
Elon,0.010333333333333333
Hofstra,0.179
James Madison,0
Northeastern,0.006666666666666667
Towson,0.5463333333333333
UNCW,0.058333333333333334
William & Mary,0
