team,freq
Col. of Charleston,0.06091370558375634
Delaware,0.07715736040609136
Drexel,0.08426395939086295
Elon,0.0040609137055837565
Hofstra,0.15126903553299492
James Madison,0
Northeastern,0.0020304568527918783
Towson,0.5401015228426397
UNCW,0.0802030456852792
William & Mary,0
