team,freq
Col. of Charleston,0.06352459016393441
Delaware,0.11475409836065573
Drexel,0.11270491803278687
Elon,0.007172131147540983
Hofstra,0.20491803278688525
James Madison,0
Northeastern,0.002049180327868852
Towson,0.41598360655737704
UNCW,0.07889344262295081
William & Mary,0
