team,freq
Col. of Charleston,0.0653061224489796
Delaware,0.09489795918367347
Drexel,0.07142857142857144
Elon,0.0020408163265306124
Hofstra,0.30612244897959184
James Madison,0
Northeastern,0.0020408163265306124
Towson,0.3979591836734694
UNCW,0.06020408163265306
William & Mary,0
