team,freq
Col. of Charleston,0.09043659043659043
Delaware,0.09043659043659043
Drexel,0.11538461538461539
Elon,0.010395010395010396
Hofstra,0.20893970893970895
James Madison,0
Northeastern,0.0031185031185031187
Towson,0.4303534303534303
UNCW,0.05093555093555094
William & Mary,0
