team,freq
Col. of Charleston,0.5373333333333333
Delaware,0.005
Drexel,0.024
Elon,3.333333333333333e-4
Hampton,0
Hofstra,0.31933333333333336
Monmouth,0
N.C. A&T,0.0013333333333333333
Northeastern,6.666666666666666e-4
Stony Brook,0
Towson,0.07233333333333333
UNCW,0.03933333333333333
William & Mary,3.333333333333333e-4
