team,freq
Col. of Charleston,0.05906313645621181
Delaware,0.07026476578411406
Drexel,0.0875763747454175
Elon,0.0010183299389002036
Hofstra,0.28105906313645623
James Madison,0
Northeastern,0.003054989816700611
Towson,0.46334012219959264
UNCW,0.034623217922606926
William & Mary,0
