team,freq
Col. of Charleston,0.06537282941777324
Delaware,0.06843718079673136
Drexel,0.1041879468845761
Elon,0.006128702757916242
Hofstra,0.23391215526046988
James Madison,0
Northeastern,0.0010214504596527069
Towson,0.4484167517875383
UNCW,0.07150153217568948
William & Mary,0.0010214504596527069
