team,freq
Col. of Charleston,0.534
Delaware,0.005
Drexel,0.024
Elon,3.333333333333333e-4
Hampton,0
Hofstra,0.32166666666666666
Monmouth,0
N.C. A&T,0.0013333333333333333
Northeastern,6.666666666666666e-4
Stony Brook,0
Towson,0.07266666666666667
UNCW,0.04
William & Mary,3.333333333333333e-4
