team,freq
Col. of Charleston,0.08504098360655739
Delaware,0.09221311475409837
Drexel,0.12295081967213115
Elon,0.017418032786885248
Hofstra,0.1875
James Madison,0
Northeastern,0.0030737704918032786
Towson,0.4098360655737705
UNCW,0.0819672131147541
William & Mary,0
