team,freq
Col. of Charleston,0.5306666666666666
Delaware,0.005333333333333333
Drexel,0.024666666666666667
Elon,3.333333333333333e-4
Hampton,0
Hofstra,0.32366666666666666
Monmouth,0
N.C. A&T,0.0013333333333333333
Northeastern,6.666666666666666e-4
Stony Brook,0
Towson,0.07266666666666667
UNCW,0.04033333333333333
William & Mary,3.333333333333333e-4
