team,freq
Col. of Charleston,0.06700507614213198
Delaware,0.10456852791878173
Drexel,0.08426395939086295
Elon,0.00913705583756345
Hofstra,0.23654822335025383
James Madison,0
Northeastern,0.006091370558375634
Towson,0.4436548223350254
UNCW,0.048730964467005075
William & Mary,0
