team,freq
Col. of Charleston,0.06116207951070336
Delaware,0.08256880733944955
Drexel,0.07849133537206932
Elon,0.0020387359836901123
Hofstra,0.2650356778797146
James Madison,0
Northeastern,0.0010193679918450561
Towson,0.4699286442405709
UNCW,0.03873598369011213
William & Mary,0.0010193679918450561
