team,freq
Cleveland St.,0.10200000000000001
Detroit Mercy,0.038000000000000006
Green Bay,0
IUPUI,0
Milwaukee,0.005000000000000001
Northern Ky.,0.009000000000000001
Oakland,0.6930000000000001
Purdue Fort Wayne,0.010000000000000002
UIC,0.007000000000000001
Wright St.,0.10600000000000001
Youngstown St.,0.030000000000000002
