team,freq
Cleveland St.,0.15866666666666668
Detroit Mercy,0.019333333333333334
Green Bay,0
IUPUI,0
Milwaukee,0.07266666666666667
Northern Ky.,0.143
Oakland,0.007
Purdue Fort Wayne,0.0016666666666666668
Robert Morris,0.021
Wright St.,0.07633333333333334
Youngstown St.,0.5003333333333333
