team,freq
Cleveland St.,0.3273333333333333
Detroit Mercy,0.056666666666666664
Green Bay,0
IUPUI,0
Milwaukee,0
Northern Ky.,0.14866666666666667
Oakland,0.1
Purdue Fort Wayne,0.21766666666666667
Robert Morris,0.0023333333333333335
UIC,0.008333333333333333
Wright St.,0.139
Youngstown St.,0
