team,freq
Brown,0.011199999999999998
Columbia,0
Cornell,0.1074
Dartmouth,0.002
Harvard,0.1356
Penn,0.19939999999999997
Princeton,0.2626
Yale,0.2818
