team,freq
Brown,0.0021
Columbia,0
Cornell,0.0676
Dartmouth,0.0052
Harvard,0.04590000000000001
Penn,0.1661
Princeton,0.46270000000000006
Yale,0.2504
