team,freq
Brown,0
Columbia,0
Cornell,0.09033333333333333
Dartmouth,0
Harvard,0
Penn,0.09033333333333333
Princeton,0.3343333333333333
Yale,0.485
