team,freq
Brown,0.038
Columbia,0
Cornell,0.09180000000000002
Dartmouth,4e-4
Harvard,0.0208
Penn,0.184
Princeton,0.3758000000000001
Yale,0.2892
