team,freq
Brown,0
Columbia,0
Cornell,0.10800000000000001
Dartmouth,2e-4
Harvard,0.0046
Penn,0.15
Princeton,0.47980000000000006
Yale,0.2574
