team,freq
Canisius,0.007666666666666666
Fairfield,0.017333333333333333
Iona,0.509
Manhattan,0.005
Marist,0.03933333333333333
Monmouth,0.09233333333333334
Niagara,0.04766666666666667
Quinnipiac,0.009333333333333334
Rider,0.012
Saint Peter's,0.22666666666666666
Siena,0.033666666666666664
