team,freq
Canisius,0
Fairfield,0
Iona,0
Manhattan,0
Marist,0
Monmouth,0.17533333333333334
Niagara,0.09866666666666667
Quinnipiac,0.045
Rider,0.118
Saint Peter's,0.5183333333333333
Siena,0.04466666666666667
