team,freq
Canisius,0
Fairfield,0
Iona,0.6546666666666666
Manhattan,0.0033333333333333335
Marist,0.004666666666666667
Mount St. Mary's,0.009
Niagara,0.012666666666666666
Quinnipiac,0.14033333333333334
Rider,0.09466666666666666
Saint Peter's,0.009666666666666667
Siena,0.071
