team,freq
Canisius,0.008333333333333333
Fairfield,0.022
Iona,0.482
Manhattan,0.004666666666666667
Marist,0.05
Monmouth,0.10366666666666667
Niagara,0.041666666666666664
Quinnipiac,0.007666666666666666
Rider,0.010333333333333333
Saint Peter's,0.23866666666666667
Siena,0.031
