team,freq
Akron,0.048
Ball St.,0.007333333333333333
Bowling Green,0
Buffalo,0.10833333333333334
Central Mich.,0.0013333333333333333
Eastern Mich.,0
Kent St.,0.118
Miami (OH),0.01
Ohio,0.16366666666666665
Toledo,0.5433333333333333
Western Mich.,0
