team,freq
Akron,0.038
Ball St.,0.006333333333333333
Bowling Green,0
Buffalo,0.10433333333333333
Central Mich.,6.666666666666666e-4
Eastern Mich.,0
Kent St.,0.11733333333333333
Miami (OH),0.005333333333333333
Northern Ill.,0
Ohio,0.16433333333333333
Toledo,0.5636666666666666
Western Mich.,0
