team,freq
Coppin St.,0.030333333333333334
Delaware St.,6.666666666666666e-4
Howard,0.21133333333333335
Morgan St.,0.043666666666666666
N.C. Central,0.06333333333333334
Norfolk St.,0.577
South Carolina St.,0.03266666666666666
UMES,0.041
