team,freq
Coppin St.,0.007
Delaware St.,0.004666666666666667
Howard,0.20933333333333334
Morgan St.,0.025
N.C. Central,0.319
Norfolk St.,0.30233333333333334
South Carolina St.,0.005333333333333333
UMES,0.12733333333333333
