team,freq
Coppin St.,0.007
Delaware St.,0.004666666666666667
Howard,0.21133333333333335
Morgan St.,0.025
N.C. Central,0.31833333333333336
Norfolk St.,0.29933333333333334
South Carolina St.,0.005333333333333333
UMES,0.129
