team,freq
Coppin St.,0.10833333333333334
Delaware St.,0
Howard,0
Morgan St.,0.05466666666666667
N.C. Central,0.08433333333333333
Norfolk St.,0.6573333333333333
South Carolina St.,0.037333333333333336
UMES,0.058
