team,freq
Coppin St.,0.007
Delaware St.,0.004666666666666667
Howard,0.20933333333333334
Morgan St.,0.025333333333333333
N.C. Central,0.32
Norfolk St.,0.3
South Carolina St.,0.005333333333333333
UMES,0.12833333333333333
