team,freq
Bradley,0.089
Drake,0.11333333333333333
Evansville,0
Illinois St.,0.010333333333333333
Indiana St.,0
Loyola Chicago,0.37466666666666665
Missouri St.,0.23833333333333334
Southern Ill.,0.04033333333333333
UNI,0.131
Valparaiso,0.003
