team,freq
Bradley,0.08133333333333333
Drake,0.11633333333333333
Evansville,0
Illinois St.,0.006666666666666667
Indiana St.,0.0016666666666666668
Loyola Chicago,0.36466666666666664
Missouri St.,0.25
Southern Ill.,0.043333333333333335
UNI,0.134
Valparaiso,0.002
