team,freq
Belmont,0.058666666666666666
Bradley,0.3303333333333333
Drake,0.337
Evansville,0
Illinois St.,0
Indiana St.,0.14766666666666667
Missouri St.,0.045
Murray St.,0.007
Southern Ill.,0.065
UIC,0
UNI,0.009333333333333334
Valparaiso,0
