team,freq
Air Force,0
Boise St.,0.29133333333333333
Colorado St.,0.15233333333333332
Fresno St.,0.056666666666666664
Nevada,0.006
New Mexico,0.0023333333333333335
San Diego St.,0.246
San Jose St.,0
UNLV,0.060333333333333336
Utah St.,0.079
Wyoming,0.106
