team,freq
Air Force,0
Boise St.,0.2833333333333333
Colorado St.,0.14933333333333335
Fresno St.,0.06166666666666667
Nevada,0.008
New Mexico,0.002
San Diego St.,0.239
San Jose St.,0
UNLV,0.051333333333333335
Utah St.,0.098
Wyoming,0.10733333333333334
