team,freq
Central Conn. St.,0.13520408163265304
Fairleigh Dickinson,0.20153061224489796
LIU,0.025510204081632654
Le Moyne,0
Merrimack,0
Sacred Heart,0.2142857142857143
Saint Francis (PA),0.26658163265306123
Stonehill,0
Wagner,0.1568877551020408
