team,freq
Central Conn. St.,0.3805194805194805
Chicago St.,0.003896103896103896
Fairleigh Dickinson,0.03506493506493506
LIU,0.12337662337662338
Le Moyne,0
Mercyhurst,0
Saint Francis (PA),0.050649350649350645
Stonehill,0
Wagner,0.40649350649350646
