team,freq
Central Conn. St.,0.0023837902264600714
Fairleigh Dickinson,0.003575685339690107
LIU,0.11918951132300357
Merrimack,0
Sacred Heart,0.04052443384982121
Saint Francis (PA),0.009535160905840286
St. Francis Brooklyn,0.035756853396901066
Stonehill,0
Wagner,0.7890345649582836
