team,freq
Central Conn. St.,0.07121212121212121
Fairleigh Dickinson,0.4075757575757576
LIU,0
Merrimack,0
Sacred Heart,0.15303030303030304
Saint Francis (PA),0.16060606060606059
St. Francis Brooklyn,0.019696969696969695
Stonehill,0
Wagner,0.18787878787878787
