team,freq
Central Conn. St.,0.3329283110571082
Chicago St.,0.0024301336573511545
Fairleigh Dickinson,0.02187120291616039
LIU,0.12029161603888215
Le Moyne,0
Mercyhurst,0
Saint Francis (PA),0.027946537059538274
Stonehill,0
Wagner,0.49453219927095987
