team,freq
Central Conn. St.,0.0021881838074398253
Fairleigh Dickinson,0.0065645514223194755
LIU,0.14332603938730856
Merrimack,0
Sacred Heart,0.03938730853391685
Saint Francis (PA),0.012035010940919038
St. Francis Brooklyn,0.005470459518599563
Stonehill,0
Wagner,0.7910284463894968
