team,freq
Central Conn. St.,0.4144736842105263
Chicago St.,0.003947368421052632
Fairleigh Dickinson,0.027631578947368424
LIU,0.06842105263157894
Le Moyne,0
Mercyhurst,0
Saint Francis (PA),0.057894736842105256
Stonehill,0
Wagner,0.4276315789473684
