team,freq
Central Conn. St.,0.0012195121951219512
Fairleigh Dickinson,0.008536585365853657
LIU,0.2658536585365853
Merrimack,0
Sacred Heart,0.04634146341463414
Saint Francis (PA),0.007317073170731707
St. Francis Brooklyn,0.04756097560975609
Stonehill,0
Wagner,0.6231707317073171
