team,freq
Central Conn. St.,0.7023498694516972
Fairleigh Dickinson,0.02610966057441253
LIU,0
Le Moyne,0
Merrimack,0
Sacred Heart,0.08616187989556136
Saint Francis (PA),0.0026109660574412533
Stonehill,0
Wagner,0.18276762402088775
