team,freq
Bryant,0.1945288753799392
Central Conn. St.,0.0010131712259371835
Fairleigh Dickinson,0
LIU,0.09929078014184398
Merrimack,0
Mount St. Mary's,0.05167173252279635
Sacred Heart,0.002026342451874367
Saint Francis (PA),0.002026342451874367
St. Francis Brooklyn,0.013171225937183383
Wagner,0.6362715298885512
