team,freq
Bryant,0.17853560682046138
Central Conn. St.,0
Fairleigh Dickinson,0
LIU,0.04312938816449348
Merrimack,0
Mount St. Mary's,0.062186559679037114
Sacred Heart,0.0010030090270812437
Saint Francis (PA),0.0050150451354062184
St. Francis Brooklyn,0.0020060180541624875
Wagner,0.708124373119358
