team,freq
Central Conn. St.,0.0010940919037199126
Fairleigh Dickinson,0.0010940919037199126
LIU,0.1652078774617068
Merrimack,0
Sacred Heart,0.014223194748358862
Saint Francis (PA),0.009846827133479213
St. Francis Brooklyn,0.018599562363238516
Stonehill,0
Wagner,0.7899343544857769
