team,freq
Bryant,0.0872210953346856
Central Conn. St.,0
Fairleigh Dickinson,0.002028397565922921
LIU,0.06490872210953347
Merrimack,0
Mount St. Mary's,0.009127789046653144
Robert Morris,0
Sacred Heart,0.030425963488843813
Saint Francis (PA),0.004056795131845842
St. Francis Brooklyn,0.0010141987829614604
Wagner,0.8012170385395538
