team,freq
Central Conn. St.,0.4864197530864197
Fairleigh Dickinson,0.059259259259259255
LIU,0.0049382716049382715
Le Moyne,0
Merrimack,0
Sacred Heart,0.22469135802469134
Saint Francis (PA),0.02222222222222222
Stonehill,0
Wagner,0.20246913580246914
