team,freq
Central Conn. St.,0.09912170639899623
Fairleigh Dickinson,0.3074027603513174
LIU,0
Merrimack,0
Sacred Heart,0.06649937264742785
Saint Francis (PA),0.19949811794228356
St. Francis Brooklyn,0.012547051442910916
Stonehill,0
Wagner,0.31493099121706397
