team,freq
Central Conn. St.,0.10329985652797705
Fairleigh Dickinson,0.21664275466284075
LIU,0
Merrimack,0
Sacred Heart,0.11908177905308466
Saint Francis (PA),0.1793400286944046
St. Francis Brooklyn,0.020086083213773316
Stonehill,0
Wagner,0.3615494978479197
