team,freq
Bryant,0.1949238578680203
Central Conn. St.,0.0020304568527918783
Fairleigh Dickinson,0
LIU,0.08730964467005076
Merrimack,0
Mount St. Mary's,0.05583756345177665
Sacred Heart,0.0010152284263959391
Saint Francis (PA),0.003045685279187817
St. Francis Brooklyn,0.007106598984771574
Wagner,0.6487309644670051
