team,freq
Central Conn. St.,0.04250559284116331
Fairleigh Dickinson,0.24272930648769575
LIU,0
Merrimack,0
Sacred Heart,0.1017897091722595
Saint Francis (PA),0.18568232662192394
St. Francis Brooklyn,0.006711409395973154
Stonehill,0
Wagner,0.4205816554809843
