team,freq
Central Conn. St.,0.6387249114521842
Chicago St.,0.001180637544273908
Fairleigh Dickinson,0.06965761511216056
LIU,0.2089728453364817
Le Moyne,0
Mercyhurst,0
Saint Francis (PA),0.03659976387249115
Stonehill,0
Wagner,0.0448642266824085
