team,freq
Central Conn. St.,0.021978021978021976
Fairleigh Dickinson,0.02564102564102564
LIU,0.06349206349206349
Merrimack,0
Sacred Heart,0.059829059829059825
Saint Francis (PA),0.013431013431013428
St. Francis Brooklyn,0.036630036630036625
Stonehill,0
Wagner,0.778998778998779
