team,freq
Bryant,0.08904810644831115
Central Conn. St.,0
Fairleigh Dickinson,0.003070624360286592
LIU,0.05015353121801433
Merrimack,0
Mount St. Mary's,0.00511770726714432
Robert Morris,0
Sacred Heart,0.03991811668372569
Saint Francis (PA),0.007164790174002047
St. Francis Brooklyn,0
Wagner,0.8055271238485159
