team,freq
Central Conn. St.,0.05504587155963303
Fairleigh Dickinson,0.1218872870249017
LIU,0.00655307994757536
Merrimack,0
Sacred Heart,0.09698558322411532
Saint Francis (PA),0.07339449541284404
St. Francis Brooklyn,0.07208387942332896
Stonehill,0
Wagner,0.5740498034076016
