team,freq
Bryant,0.36233333333333334
Central Conn. St.,6.666666666666666e-4
Fairleigh Dickinson,0
LIU,0.10733333333333334
Merrimack,0
Mount St. Mary's,0.063
Sacred Heart,0.005
Saint Francis (PA),0.0033333333333333335
St. Francis Brooklyn,0.007666666666666666
Wagner,0.45066666666666666
