team,freq
Bryant,0.233739837398374
Central Conn. St.,0
Fairleigh Dickinson,0
LIU,0.06300813008130081
Merrimack,0
Mount St. Mary's,0.07926829268292683
Sacred Heart,0
Saint Francis (PA),0.0010162601626016261
St. Francis Brooklyn,0.00508130081300813
Wagner,0.6178861788617886
