team,freq
Central Conn. St.,0.00351288056206089
Fairleigh Dickinson,0
LIU,0.19672131147540986
Merrimack,0
Sacred Heart,0.03747072599531616
Saint Francis (PA),0.01053864168618267
St. Francis Brooklyn,0.0117096018735363
Stonehill,0
Wagner,0.7400468384074942
