team,freq
Central Conn. St.,0.003393665158371041
Fairleigh Dickinson,0.016968325791855202
LIU,0.1753393665158371
Merrimack,0
Sacred Heart,0.01583710407239819
Saint Francis (PA),0.006787330316742082
St. Francis Brooklyn,0.05769230769230769
Stonehill,0
Wagner,0.7239819004524887
