team,freq
Bryant,0.19195979899497487
Central Conn. St.,0.0010050251256281408
Fairleigh Dickinson,0
LIU,0.07336683417085427
Merrimack,0
Mount St. Mary's,0.06130653266331658
Sacred Heart,0.0010050251256281408
Saint Francis (PA),0.0020100502512562816
St. Francis Brooklyn,0.008040201005025126
Wagner,0.6613065326633166
