team,freq
Central Conn. St.,0.11538461538461538
Fairleigh Dickinson,0.27307692307692305
LIU,0
Merrimack,0
Sacred Heart,0.24807692307692308
Saint Francis (PA),0.13846153846153844
St. Francis Brooklyn,0.02115384615384615
Stonehill,0
Wagner,0.20384615384615384
