team,freq
Central Conn. St.,0.05911330049261084
Fairleigh Dickinson,0.17857142857142858
LIU,0.0012315270935960591
Merrimack,0
Sacred Heart,0.0997536945812808
Saint Francis (PA),0.2229064039408867
St. Francis Brooklyn,0.007389162561576355
Stonehill,0
Wagner,0.4310344827586207
