team,freq
Central Conn. St.,0.12073490813648294
Fairleigh Dickinson,0.1994750656167979
LIU,0.03280839895013123
Le Moyne,0
Merrimack,0
Sacred Heart,0.2099737532808399
Saint Francis (PA),0.2204724409448819
Stonehill,0
Wagner,0.21653543307086615
