team,freq
Bryant,0.351
Central Conn. St.,3.333333333333333e-4
Fairleigh Dickinson,3.333333333333333e-4
LIU,0.12366666666666666
Merrimack,0
Mount St. Mary's,0.063
Sacred Heart,0.004666666666666667
Saint Francis (PA),0.0036666666666666666
St. Francis Brooklyn,0.009
Wagner,0.44433333333333336
