team,freq
Bryant,0.09657947686116701
Central Conn. St.,0
Fairleigh Dickinson,0
LIU,0.04929577464788733
Merrimack,0
Mount St. Mary's,0.04426559356136821
Sacred Heart,0.002012072434607646
Saint Francis (PA),0.001006036217303823
St. Francis Brooklyn,0.003018108651911469
Wagner,0.8038229376257546
