team,freq
Central Conn. St.,0.6399132321041215
Chicago St.,0.0032537960954446858
Fairleigh Dickinson,0.15401301518438176
LIU,0.10737527114967463
Le Moyne,0
Mercyhurst,0
Saint Francis (PA),0.026030368763557486
Stonehill,0
Wagner,0.06941431670281996
