team,freq
Bryant,0.1464393179538616
Central Conn. St.,0
Fairleigh Dickinson,0
LIU,0.06018054162487462
Merrimack,0
Mount St. Mary's,0.07021063189568706
Sacred Heart,0.004012036108324975
Saint Francis (PA),0.0020060180541624875
St. Francis Brooklyn,0.006018054162487463
Wagner,0.7111334002006018
