team,freq
Central Conn. St.,0.4097560975609756
Fairleigh Dickinson,0.04634146341463414
LIU,0
Le Moyne,0
Merrimack,0
Sacred Heart,0.2658536585365853
Saint Francis (PA),0.029268292682926828
Stonehill,0
Wagner,0.24878048780487802
