team,freq
Central Conn. St.,0.35802469135802467
Chicago St.,0.007407407407407408
Fairleigh Dickinson,0.03209876543209877
LIU,0.13333333333333333
Le Moyne,0
Mercyhurst,0
Saint Francis (PA),0.028395061728395062
Stonehill,0
Wagner,0.44074074074074077
