team,freq
Central Conn. St.,0.3469150174621653
Chicago St.,0.030267753201396973
Fairleigh Dickinson,0.023282887077997673
LIU,0.07217694994179279
Le Moyne,0
Mercyhurst,0
Saint Francis (PA),0.048894062863795114
Stonehill,0
Wagner,0.47846332945285214
