team,freq
Central Conn. St.,0.08834355828220858
Fairleigh Dickinson,0.34478527607361964
LIU,0
Merrimack,0
Sacred Heart,0.09693251533742331
Saint Francis (PA),0.1607361963190184
St. Francis Brooklyn,0.008588957055214723
Stonehill,0
Wagner,0.3006134969325153
