team,freq
Bryant,0.08562691131498472
Central Conn. St.,0
Fairleigh Dickinson,0.0010193679918450561
LIU,0.06422018348623854
Merrimack,0
Mount St. Mary's,0.01529051987767584
Robert Morris,0
Sacred Heart,0.047910295616717634
Saint Francis (PA),0.0050968399592252805
St. Francis Brooklyn,0.0010193679918450561
Wagner,0.7798165137614679
