team,freq
Bryant,0.20362903225806453
Central Conn. St.,0.0020161290322580645
Fairleigh Dickinson,0
LIU,0.0655241935483871
Merrimack,0
Mount St. Mary's,0.07762096774193548
Sacred Heart,0
Saint Francis (PA),0.007056451612903226
St. Francis Brooklyn,0.005040322580645161
Wagner,0.6391129032258065
