team,freq
Central Conn. St.,0.019206145966709345
Fairleigh Dickinson,0.04225352112676056
LIU,0.052496798975672214
Merrimack,0
Sacred Heart,0.07298335467349552
Saint Francis (PA),0.0076824583866837385
St. Francis Brooklyn,0.03713188220230474
Stonehill,0
Wagner,0.7682458386683738
