team,freq
Central Conn. St.,0.2804232804232804
Fairleigh Dickinson,0.16137566137566137
LIU,0.007936507936507936
Le Moyne,0
Merrimack,0
Sacred Heart,0.2857142857142857
Saint Francis (PA),0.023809523809523808
Stonehill,0
Wagner,0.24074074074074073
