team,freq
Central Conn. St.,0.00778642936596218
Fairleigh Dickinson,0.002224694104560623
LIU,0.20912124582869854
Merrimack,0
Sacred Heart,0.01557285873192436
Saint Francis (PA),0.014460511679644048
St. Francis Brooklyn,0.028921023359288096
Stonehill,0
Wagner,0.7219132369299222
