team,freq
Bryant,0.1827309236947791
Central Conn. St.,0.0010040160642570282
Fairleigh Dickinson,0
LIU,0.045180722891566265
Merrimack,0
Mount St. Mary's,0.04618473895582329
Sacred Heart,0.0020080321285140565
Saint Francis (PA),0.0020080321285140565
St. Francis Brooklyn,0.0030120481927710845
Wagner,0.717871485943775
