team,freq
Central Conn. St.,0.6861313868613138
Chicago St.,0.0012165450121654502
Fairleigh Dickinson,0.06204379562043796
LIU,0.027980535279805353
Le Moyne,0
Mercyhurst,0
Saint Francis (PA),0.037712895377128956
Stonehill,0
Wagner,0.18491484184914841
