team,freq
Central Conn. St.,0.7263045793397231
Chicago St.,0
Fairleigh Dickinson,0.13844515441959532
LIU,0.08519701810436635
Le Moyne,0
Mercyhurst,0
Saint Francis (PA),0.01810436634717785
Stonehill,0
Wagner,0.03194888178913738
