team,freq
Central Conn. St.,0.05620915032679738
Fairleigh Dickinson,0.09150326797385622
LIU,0.00392156862745098
Merrimack,0
Sacred Heart,0.1084967320261438
Saint Francis (PA),0.07450980392156863
St. Francis Brooklyn,0.09150326797385622
Stonehill,0
Wagner,0.5738562091503268
