team,freq
Central Conn. St.,0.6186152099886493
Chicago St.,0
Fairleigh Dickinson,0.0851305334846765
LIU,0.24404086265607264
Le Moyne,0
Mercyhurst,0
Saint Francis (PA),0.018161180476730987
Stonehill,0
Wagner,0.0340522133938706
