team,freq
Bryant,0.1354062186559679
Central Conn. St.,0
Fairleigh Dickinson,0
LIU,0.03811434302908726
Merrimack,0
Mount St. Mary's,0.06619859578736209
Sacred Heart,0.0020060180541624875
Saint Francis (PA),0.004012036108324975
St. Francis Brooklyn,0.0020060180541624875
Wagner,0.7522567703109329
