team,freq
Central Conn. St.,0.06985294117647059
Fairleigh Dickinson,0.3002450980392157
LIU,0
Merrimack,0
Sacred Heart,0.0661764705882353
Saint Francis (PA),0.16544117647058823
St. Francis Brooklyn,0.018382352941176468
Stonehill,0
Wagner,0.3799019607843137
