team,freq
Central Conn. St.,0.06512141280353201
Fairleigh Dickinson,0.3620309050772627
LIU,0
Merrimack,0
Sacred Heart,0.06070640176600441
Saint Francis (PA),0.12803532008830024
St. Francis Brooklyn,0.01986754966887417
Stonehill,0
Wagner,0.3642384105960265
