team,freq
Central Conn. St.,0.0010416666666666667
Fairleigh Dickinson,0.035416666666666666
LIU,0.221875
Merrimack,0
Sacred Heart,0.034374999999999996
Saint Francis (PA),0.0010416666666666667
St. Francis Brooklyn,0.019791666666666666
Stonehill,0
Wagner,0.6864583333333333
