team,freq
Central Conn. St.,0.035479632063074903
Fairleigh Dickinson,0.047306176084099864
LIU,0.0328515111695138
Merrimack,0
Sacred Heart,0.09329829172141918
Saint Francis (PA),0.017082785808147174
St. Francis Brooklyn,0.04467805519053877
Stonehill,0
Wagner,0.7293035479632064
