team,freq
Bryant,0.1937436932391524
Central Conn. St.,0
Fairleigh Dickinson,0
LIU,0.07870837537840565
Merrimack,0
Mount St. Mary's,0.08173562058526741
Sacred Heart,0.0020181634712411706
Saint Francis (PA),0
St. Francis Brooklyn,0.010090817356205853
Wagner,0.6337033299697276
