team,freq
Central Conn. St.,0.09324324324324325
Fairleigh Dickinson,0.222972972972973
LIU,0.002702702702702703
Merrimack,0
Sacred Heart,0.10675675675675676
Saint Francis (PA),0.17297297297297298
St. Francis Brooklyn,0.00945945945945946
Stonehill,0
Wagner,0.3918918918918919
