team,freq
Central Conn. St.,0.3526140155728587
Chicago St.,0.04338153503893215
Fairleigh Dickinson,0.03114571746384872
LIU,0.07119021134593993
Le Moyne,0
Mercyhurst,0
Saint Francis (PA),0.08453837597330367
Stonehill,0
Wagner,0.41713014460511677
