team,freq
Central Conn. St.,0.7668112798264642
Chicago St.,0.0010845986984815619
Fairleigh Dickinson,0.12689804772234275
LIU,0.07375271149674621
Le Moyne,0
Mercyhurst,0
Saint Francis (PA),0.013015184381778743
Stonehill,0
Wagner,0.018438177874186553
