team,freq
Central Conn. St.,0.022900763358778622
Fairleigh Dickinson,0.07633587786259541
LIU,0.007633587786259542
Merrimack,0
Sacred Heart,0.03689567430025446
Saint Francis (PA),0.039440203562340966
St. Francis Brooklyn,0.13740458015267173
Stonehill,0
Wagner,0.6793893129770993
