team,freq
Central Conn. St.,0.4869402985074627
Fairleigh Dickinson,0.02052238805970149
LIU,0.007462686567164179
Le Moyne,0
Merrimack,0
Sacred Heart,0.23880597014925373
Saint Francis (PA),0.0018656716417910447
Stonehill,0
Wagner,0.24440298507462685
