team,freq
Central Conn. St.,0.061606160616061605
Fairleigh Dickinson,0.36853685368536854
LIU,0
Merrimack,0
Sacred Heart,0.06050605060506051
Saint Francis (PA),0.12101210121012101
St. Francis Brooklyn,0.0242024202420242
Stonehill,0
Wagner,0.3641364136413641
