team,freq
Central Conn. St.,0.05967078189300412
Fairleigh Dickinson,0.47942386831275724
LIU,0
Merrimack,0
Sacred Heart,0.10493827160493827
Saint Francis (PA),0.15432098765432098
St. Francis Brooklyn,0.01234567901234568
Stonehill,0
Wagner,0.18930041152263374
