team,freq
Central Conn. St.,0.08752997601918464
Fairleigh Dickinson,0.3177458033573141
LIU,0
Merrimack,0
Sacred Heart,0.07074340527577937
Saint Francis (PA),0.22781774580335729
St. Francis Brooklyn,0.015587529976019183
Stonehill,0
Wagner,0.2805755395683453
