team,freq
Bryant,0.19939577039274925
Central Conn. St.,0
Fairleigh Dickinson,0
LIU,0.07754279959718026
Merrimack,0
Mount St. Mary's,0.08257804632426989
Sacred Heart,0.0010070493454179255
Saint Francis (PA),0.004028197381671702
St. Francis Brooklyn,0.0030211480362537764
Wagner,0.6324269889224572
