team,freq
Central Conn. St.,0.7911832946635731
Chicago St.,0.0034802784222737818
Fairleigh Dickinson,0.0939675174013921
LIU,0.05916473317865428
Le Moyne,0
Mercyhurst,0
Saint Francis (PA),0.0069605568445475635
Stonehill,0
Wagner,0.04524361948955916
