team,freq
Central Conn. St.,0.08243243243243244
Fairleigh Dickinson,0.2256756756756757
LIU,0
Merrimack,0
Sacred Heart,0.09864864864864864
Saint Francis (PA),0.19054054054054054
St. Francis Brooklyn,0.03648648648648649
Stonehill,0
Wagner,0.36621621621621625
