team,freq
Bryant,0.10821643286573146
Central Conn. St.,0
Fairleigh Dickinson,0
LIU,0.05711422845691383
Merrimack,0
Mount St. Mary's,0.03507014028056112
Sacred Heart,0.001002004008016032
Saint Francis (PA),0.001002004008016032
St. Francis Brooklyn,0.001002004008016032
Wagner,0.7965931863727456
