team,freq
Central Conn. St.,0.009791921664626684
Fairleigh Dickinson,0.03549571603427173
LIU,0.10159118727050184
Merrimack,0
Sacred Heart,0.05630354957160343
Saint Francis (PA),0.008567931456548349
St. Francis Brooklyn,0.033047735618115054
Stonehill,0
Wagner,0.755201958384333
