team,freq
Central Conn. St.,0.4702549575070821
Fairleigh Dickinson,0.05949008498583569
LIU,0.0028328611898016994
Le Moyne,0
Merrimack,0
Sacred Heart,0.27195467422096314
Saint Francis (PA),0.031161473087818692
Stonehill,0
Wagner,0.16430594900849857
