team,freq
Central Conn. St.,0.025423728813559324
Fairleigh Dickinson,0.08595641646489104
LIU,0.01694915254237288
Merrimack,0
Sacred Heart,0.08111380145278452
Saint Francis (PA),0.015738498789346248
St. Francis Brooklyn,0.0774818401937046
Stonehill,0
Wagner,0.6973365617433414
