team,freq
Bryant,0.21638018200202225
Central Conn. St.,0
Fairleigh Dickinson,0
LIU,0.08695652173913043
Merrimack,0
Mount St. Mary's,0.0525783619817998
Sacred Heart,0.0010111223458038423
Saint Francis (PA),0.004044489383215369
St. Francis Brooklyn,0.01314459049544995
Wagner,0.6258847320525783
