team,freq
Bryant,0.28355196770938446
Central Conn. St.,0
Fairleigh Dickinson,0.0010090817356205853
LIU,0.11705348133198788
Merrimack,0
Mount St. Mary's,0.046417759838546915
Sacred Heart,0.004036326942482341
Saint Francis (PA),0.0030272452068617556
St. Francis Brooklyn,0.009081735620585266
Wagner,0.5358224016145308
