team,freq
Central Conn. St.,0.8019586507072906
Chicago St.,0.0032644178454842225
Fairleigh Dickinson,0.07834602829162132
LIU,0.07725788900979325
Le Moyne,0
Mercyhurst,0
Saint Francis (PA),0.01958650707290533
Stonehill,0
Wagner,0.01958650707290533
