team,freq
Central Conn. St.,0.08401084010840108
Fairleigh Dickinson,0.4132791327913279
LIU,0
Merrimack,0
Sacred Heart,0.1016260162601626
Saint Francis (PA),0.13685636856368566
St. Francis Brooklyn,0.02032520325203252
Stonehill,0
Wagner,0.24390243902439024
