team,freq
Central Conn. St.,0.7349260523321957
Chicago St.,0.0011376564277588168
Fairleigh Dickinson,0.06370875995449374
LIU,0.04891922639362912
Le Moyne,0
Mercyhurst,0
Saint Francis (PA),0.03981797497155859
Stonehill,0
Wagner,0.11149032992036405
