team,freq
Bryant,0.083248730964467
Central Conn. St.,0
Fairleigh Dickinson,0.001015228426395939
LIU,0.050761421319796954
Merrimack,0
Mount St. Mary's,0.005076142131979695
Robert Morris,0
Sacred Heart,0.031472081218274106
Saint Francis (PA),0.003045685279187817
St. Francis Brooklyn,0.002030456852791878
Wagner,0.8233502538071066
