team,freq
Central Conn. St.,0.0824022346368715
Fairleigh Dickinson,0.18016759776536315
LIU,0.00558659217877095
Le Moyne,0
Merrimack,0
Sacred Heart,0.3128491620111732
Saint Francis (PA),0.18715083798882684
Stonehill,0
Wagner,0.23184357541899445
