team,freq
Central Conn. St.,0.054812834224598934
Fairleigh Dickinson,0.1978609625668449
LIU,0
Merrimack,0
Sacred Heart,0.10427807486631016
Saint Francis (PA),0.07486631016042782
St. Francis Brooklyn,0.030748663101604276
Stonehill,0
Wagner,0.5374331550802139
