team,freq
Eastern Ill.,0.0036014405762304926
Lindenwood,0
Little Rock,0.0036014405762304926
Morehead St.,0.12845138055222088
SIUE,0.33253301320528217
Southeast Mo. St.,0.2653061224489796
Southern Ind.,0
Tennessee St.,0.01440576230492197
Tennessee Tech,0.075630252100840345
UT Martin,0.17647058823529413
