team,freq
Eastern Ill.,0.07209302325581396
Lindenwood,0
Little Rock,0.2930232558139535
Morehead St.,0.18837209302325583
SIUE,0.2011627906976744
Southeast Mo. St.,0.09999999999999999
Southern Ind.,0
Tennessee St.,0.023255813953488372
Tennessee Tech,0.022093023255813953
UT Martin,0.047674418604651166
Western Ill.,0.05232558139534883
