team,freq
Eastern Ill.,0
Lindenwood,0
Little Rock,0.004624277456647399
Morehead St.,0.6034682080924856
SIUE,0.04277456647398844
Southeast Mo. St.,0.13063583815028904
Southern Ind.,0
Tennessee St.,0.06936416184971098
Tennessee Tech,0.14219653179190753
UT Martin,0.006936416184971098
