team,freq
Eastern Ill.,0.045300113250283124
Lindenwood,0
Little Rock,0.3023782559456399
Morehead St.,0.20498301245753114
SIUE,0.16761041902604756
Southeast Mo. St.,0.06002265005662514
Southern Ind.,0
Tennessee St.,0.01925254813137033
Tennessee Tech,0.09173272933182333
UT Martin,0.09173272933182333
Western Ill.,0.01698754246885617
