team,freq
Eastern Ill.,0.059952038369304565
Lindenwood,0
Little Rock,0.22901678657074342
Morehead St.,0.20743405275779375
SIUE,0.24100719424460434
Southeast Mo. St.,0.11390887290167866
Southern Ind.,0
Tennessee St.,0.026378896882494004
Tennessee Tech,0.03717026378896883
UT Martin,0.047961630695443645
Western Ill.,0.03717026378896883
