team,freq
Eastern Ill.,0.0010030090270812437
Lindenwood,0
Little Rock,0.14042126379137412
Morehead St.,0.5697091273821464
SIUE,0.02106318956870612
Southeast Mo. St.,0
Southern Ind.,0
Tennessee St.,0.017051153460381146
Tennessee Tech,0.0010030090270812437
UT Martin,0.1905717151454363
Western Ill.,0.059177532597793375
