team,freq
Eastern Ill.,0.04849137931034482
Lindenwood,0
Little Rock,0.24892241379310345
Morehead St.,0.27262931034482757
SIUE,0.2931034482758621
Southeast Mo. St.,0.017241379310344827
Southern Ind.,0
Tennessee St.,0.020474137931034482
Tennessee Tech,0.022629310344827586
UT Martin,0.049568965517241374
Western Ill.,0.026939655172413795
