team,freq
Eastern Ill.,0.004171011470281543
Lindenwood,0
Little Rock,0.014598540145985403
Morehead St.,0.27424400417101147
SIUE,0.4254431699687174
Southeast Mo. St.,0.1261730969760167
Southern Ind.,0
Tennessee St.,0.03545359749739312
Tennessee Tech,0.07299270072992702
UT Martin,0.04692387904066736
