team,freq
Eastern Ill.,0.022245762711864406
Lindenwood,0
Little Rock,0.31144067796610164
Morehead St.,0.361228813559322
SIUE,0.0858050847457627
Southeast Mo. St.,0.04131355932203389
Southern Ind.,0
Tennessee St.,0.02966101694915254
Tennessee Tech,0.0423728813559322
UT Martin,0.0635593220338983
Western Ill.,0.0423728813559322
