team,freq
Eastern Ill.,0
Lindenwood,0
Little Rock,0.004123711340206186
Morehead St.,0.477319587628866
SIUE,0.041237113402061855
Southeast Mo. St.,0.2701030927835052
Southern Ind.,0
Tennessee St.,0.050515463917525774
Tennessee Tech,0.14536082474226802
UT Martin,0.01134020618556701
