team,freq
Eastern Ill.,0
Lindenwood,0
Little Rock,0.0077951002227171495
Morehead St.,0.2605790645879733
SIUE,0.2873051224944321
Southeast Mo. St.,0.15478841870824053
Southern Ind.,0
Tennessee St.,0.11692650334075723
Tennessee Tech,0.09910913140311803
UT Martin,0.07349665924276169
