team,freq
Eastern Ill.,0.03336809176225235
Lindenwood,0
Little Rock,0.3618352450469239
Morehead St.,0.2940563086548488
SIUE,0.06047966631908238
Southeast Mo. St.,0.03441084462982273
Southern Ind.,0
Tennessee St.,0.03441084462982273
Tennessee Tech,0.056308654848800835
UT Martin,0.1042752867570386
Western Ill.,0.02085505735140772
