team,freq
Eastern Ill.,0.004592422502870264
Lindenwood,0
Little Rock,0.001148105625717566
Morehead St.,0.12284730195177956
SIUE,0.4626865671641791
Southeast Mo. St.,0.16762342135476463
Southern Ind.,0
Tennessee St.,0.018369690011481057
Tennessee Tech,0.08151549942594719
UT Martin,0.14121699196326062
