team,freq
Eastern Ill.,0.00508646998982706
Lindenwood,0
Little Rock,0.14852492370295015
Morehead St.,0.14038657171922686
SIUE,0.20040691759918616
Southeast Mo. St.,0.22177009155645983
Southern Ind.,0
Tennessee St.,0.007121057985757884
Tennessee Tech,0.13631739572736523
UT Martin,0.11597151576805698
Western Ill.,0.024415055951169887
