team,freq
Eastern Ill.,0
Lindenwood,0
Little Rock,0.002092050209205021
Morehead St.,0.3702928870292887
SIUE,0.17154811715481172
Southeast Mo. St.,0.25313807531380755
Southern Ind.,0
Tennessee St.,0.06276150627615062
Tennessee Tech,0.11610878661087867
UT Martin,0.02405857740585774
