team,freq
Eastern Ill.,0.019038076152304607
Lindenwood,0
Little Rock,0.09018036072144288
Morehead St.,0.25851703406813625
SIUE,0.2665330661322645
Southeast Mo. St.,0.018036072144288574
Southern Ind.,0
Tennessee St.,0.1933867735470942
Tennessee Tech,0.08917835671342685
UT Martin,0.0531062124248497
Western Ill.,0.012024048096192385
