team,freq
Eastern Ill.,0.001050420168067227
Lindenwood,0
Little Rock,0.002100840336134454
Morehead St.,0.5315126050420168
SIUE,0.03571428571428572
Southeast Mo. St.,0.21428571428571427
Southern Ind.,0
Tennessee St.,0.08613445378151262
Tennessee Tech,0.09663865546218488
UT Martin,0.032563025210084036
