team,freq
Eastern Ill.,0.07622868605817452
Lindenwood,0
Little Rock,0.22266800401203612
Morehead St.,0.1354062186559679
SIUE,0.4463390170511535
Southeast Mo. St.,0.012036108324974926
Southern Ind.,0
Tennessee St.,0.07021063189568706
Tennessee Tech,0.004012036108324975
UT Martin,0.028084252758274825
Western Ill.,0.0050150451354062184
