team,freq
Eastern Ill.,0
Lindenwood,0
Little Rock,0.006289308176100628
Morehead St.,0.3983228511530398
SIUE,0.21069182389937108
Southeast Mo. St.,0.17085953878406707
Southern Ind.,0
Tennessee St.,0.07442348008385744
Tennessee Tech,0.11740041928721173
UT Martin,0.0220125786163522
