team,freq
Eastern Ill.,0
Lindenwood,0
Little Rock,0.4046417759838547
Morehead St.,0.1644803229061554
SIUE,0.16851664984863776
Southeast Mo. St.,0.1584258324924319
Southern Ind.,0
Tennessee St.,0.02421796165489405
Tennessee Tech,0.0343087790110999
UT Martin,0.045408678102926335
Western Ill.,0
