team,freq
Austin Peay,0
Belmont,0.2926666666666667
Eastern Ill.,0
Morehead St.,0.03866666666666667
Murray St.,0.6586666666666666
SIUE,0
Southeast Mo. St.,0.004333333333333333
Tennessee St.,0.003
Tennessee Tech,0.0026666666666666666
UT Martin,0
