team,freq
Eastern Ill.,0.004153686396677051
Lindenwood,0
Little Rock,0.0010384215991692627
Morehead St.,0.15680166147455868
SIUE,0.5077881619937695
Southeast Mo. St.,0.14953271028037382
Southern Ind.,0
Tennessee St.,0.09241952232606439
Tennessee Tech,0.057113187954309454
UT Martin,0.03115264797507788
