team,freq
Eastern Ill.,0.0035971223021582736
Lindenwood,0
Little Rock,0.0023980815347721825
Morehead St.,0.11630695443645085
SIUE,0.2865707434052758
Southeast Mo. St.,0.31294964028776984
Southern Ind.,0
Tennessee St.,0.015587529976019185
Tennessee Tech,0.06354916067146284
UT Martin,0.19904076738609114
