team,freq
Eastern Ill.,0
Lindenwood,0
Little Rock,0.24422110552763818
Morehead St.,0.006030150753768844
SIUE,0.20904522613065327
Southeast Mo. St.,0.41206030150753764
Southern Ind.,0
Tennessee St.,0.0814070351758794
Tennessee Tech,0.031155778894472363
UT Martin,0.016080402010050253
Western Ill.,0
