team,freq
Eastern Ill.,0.0012150668286755773
Lindenwood,0
Little Rock,0.003645200486026732
Morehead St.,0.10935601458080195
SIUE,0.2952612393681653
Southeast Mo. St.,0.2952612393681653
Southern Ind.,0
Tennessee St.,0.013365735115431349
Tennessee Tech,0.06682867557715674
UT Martin,0.21506682867557717
