team,freq
Eastern Ill.,0.015015015015015015
Lindenwood,0
Little Rock,0.05405405405405405
Morehead St.,0.6616616616616617
SIUE,0.03403403403403404
Southeast Mo. St.,0
Southern Ind.,0
Tennessee St.,0.05805805805805806
Tennessee Tech,0.008008008008008008
UT Martin,0.07207207207207207
Western Ill.,0.0970970970970971
