team,freq
Eastern Ill.,0.0032085561497326204
Lindenwood,0
Little Rock,0.0074866310160427805
Morehead St.,0.2898395721925134
SIUE,0.12727272727272726
Southeast Mo. St.,0.16684491978609625
Southern Ind.,0
Tennessee St.,0.10481283422459893
Tennessee Tech,0.06203208556149733
UT Martin,0.23850267379679144
