team,freq
Eastern Ill.,0
Lindenwood,0
Little Rock,0.0034883720930232558
Morehead St.,0.12558139534883722
SIUE,0.48023255813953486
Southeast Mo. St.,0.14534883720930233
Southern Ind.,0
Tennessee St.,0.01627906976744186
Tennessee Tech,0.07674418604651163
UT Martin,0.15232558139534885
