team,freq
Eastern Ill.,0.004287245444801715
Lindenwood,0
Little Rock,0.0010718113612004287
Morehead St.,0.2540192926045016
SIUE,0.2711682743837085
Southeast Mo. St.,0.15541264737406216
Southern Ind.,0
Tennessee St.,0.08038585209003216
Tennessee Tech,0.07931404072883173
UT Martin,0.15434083601286172
