team,freq
Eastern Ill.,0.0010000000000000002
Lindenwood,0
Little Rock,0.029000000000000005
Morehead St.,0.6880000000000001
SIUE,0.060000000000000005
Southeast Mo. St.,0
Southern Ind.,0
Tennessee St.,0.046000000000000006
Tennessee Tech,0
UT Martin,0.07300000000000001
Western Ill.,0.10300000000000001
