team,freq
Eastern Ill.,0
Lindenwood,0
Little Rock,0.0010559662090813093
Morehead St.,0.04329461457233368
SIUE,0.5554382259767687
Southeast Mo. St.,0.24920802534318898
Southern Ind.,0
Tennessee St.,0.030623020063357972
Tennessee Tech,0.08447729672650475
UT Martin,0.03590285110876452
