team,freq
Eastern Ill.,0
Lindenwood,0
Little Rock,0.0010309278350515464
Morehead St.,0.5917525773195876
SIUE,0.016494845360824743
Southeast Mo. St.,0.15463917525773196
Southern Ind.,0
Tennessee St.,0.0979381443298969
Tennessee Tech,0.1350515463917526
UT Martin,0.0030927835051546395
