team,freq
Eastern Ill.,0
Lindenwood,0
Little Rock,0.003460207612456747
Morehead St.,0.629757785467128
SIUE,0.03575547866205305
Southeast Mo. St.,0.12572087658592848
Southern Ind.,0
Tennessee St.,0.08073817762399077
Tennessee Tech,0.11649365628604383
UT Martin,0.008073817762399077
