team,freq
Eastern Ill.,0.005235602094240838
Lindenwood,0
Little Rock,0
Morehead St.,0.16020942408376965
SIUE,0.5130890052356021
Southeast Mo. St.,0.1518324607329843
Southern Ind.,0
Tennessee St.,0.08167539267015707
Tennessee Tech,0.05654450261780105
UT Martin,0.031413612565445025
