team,freq
Eastern Ill.,0.007345225603357817
Lindenwood,0
Little Rock,0
Morehead St.,0.05141657922350472
SIUE,0.565582371458552
Southeast Mo. St.,0.22245540398740815
Southern Ind.,0
Tennessee St.,0.02938090241343127
Tennessee Tech,0.08709338929695698
UT Martin,0.03672612801678909
