team,freq
Eastern Ill.,0
Lindenwood,0
Little Rock,0.32558139534883723
Morehead St.,0.10616784630940343
SIUE,0.1769464105156724
Southeast Mo. St.,0.2396359959555106
Southern Ind.,0
Tennessee St.,0.06268958543983823
Tennessee Tech,0.05055611729019212
UT Martin,0.03842264914054601
Western Ill.,0
