team,freq
Eastern Ill.,0
Lindenwood,0
Little Rock,0.011470281543274244
Morehead St.,0.22314911366006257
SIUE,0.38164754953076124
Southeast Mo. St.,0.191866527632951
Southern Ind.,0
Tennessee St.,0.07507820646506777
Tennessee Tech,0.06256517205422316
UT Martin,0.05422314911366006
