team,freq
Eastern Ill.,0
Lindenwood,0
Little Rock,0
Morehead St.,0.335486185862935
SIUE,0.11517761033369213
Southeast Mo. St.,0.07678507355579475
Southern Ind.,0
Tennessee St.,0.11051309651955507
Tennessee Tech,0.20308575529242914
UT Martin,0.1589522784355938
