team,freq
Eastern Ill.,0.010030090270812437
Lindenwood,0
Little Rock,0.05416248746238716
Morehead St.,0.4573721163490472
SIUE,0.08425275827482448
Southeast Mo. St.,0
Southern Ind.,0
Tennessee St.,0.09729187562688064
Tennessee Tech,0.0020060180541624875
UT Martin,0.24373119358074222
Western Ill.,0.05115346038114343
