team,freq
Eastern Ill.,0.003198294243070363
Lindenwood,0
Little Rock,0.0010660980810234541
Morehead St.,0.19722814498933902
SIUE,0.4488272921108742
Southeast Mo. St.,0.15884861407249468
Southern Ind.,0
Tennessee St.,0.07995735607675906
Tennessee Tech,0.046908315565031986
UT Martin,0.06396588486140725
