team,freq
Eastern Ill.,0.0021413276231263384
Lindenwood,0
Little Rock,0.0032119914346895075
Morehead St.,0.24839400428265523
SIUE,0.4486081370449678
Southeast Mo. St.,0.13597430406852248
Southern Ind.,0
Tennessee St.,0.06102783725910064
Tennessee Tech,0.044967880085653104
UT Martin,0.055674518201284794
