team,freq
Eastern Ill.,0.08525576730190572
Lindenwood,0
Little Rock,0.3139418254764293
Morehead St.,0.12738214643931794
SIUE,0.2367101303911735
Southeast Mo. St.,0.012036108324974926
Southern Ind.,0
Tennessee St.,0.11133400200601806
Tennessee Tech,0.06118355065195587
UT Martin,0.04212637913741224
Western Ill.,0.010030090270812437
