team,freq
Eastern Ill.,0.002004008016032064
Lindenwood,0
Little Rock,0.06212424849699399
Morehead St.,0.6643286573146293
SIUE,0.038076152304609215
Southeast Mo. St.,0
Southern Ind.,0
Tennessee St.,0.047094188376753505
Tennessee Tech,0
UT Martin,0.06513026052104208
Western Ill.,0.12124248496993988
