team,freq
Eastern Ill.,0.0010030090270812437
Lindenwood,0
Little Rock,0.2958876629889669
Morehead St.,0.0160481444332999
SIUE,0.2337011033099298
Southeast Mo. St.,0.3360080240722167
Southern Ind.,0
Tennessee St.,0.06619859578736209
Tennessee Tech,0.033099297893681046
UT Martin,0.018054162487462385
Western Ill.,0
