team,freq
Eastern Ill.,0.040169133192389
Lindenwood,0
Little Rock,0.3604651162790698
Morehead St.,0.28752642706131076
SIUE,0.09513742071881606
Southeast Mo. St.,0.02431289640591966
Southern Ind.,0
Tennessee St.,0.04756871035940803
Tennessee Tech,0.05602536997885835
UT Martin,0.07505285412262155
Western Ill.,0.013742071881606763
