team,freq
Eastern Ill.,0
Lindenwood,0
Little Rock,0.0044004400440044
Morehead St.,0.2618261826182618
SIUE,0.30033003300330036
Southeast Mo. St.,0.16611661166116612
Southern Ind.,0
Tennessee St.,0.11001100110011001
Tennessee Tech,0.0836083608360836
UT Martin,0.07370737073707372
