team,freq
Eastern Ill.,0.07907907907907907
Lindenwood,0
Little Rock,0.3383383383383384
Morehead St.,0.1051051051051051
SIUE,0.2362362362362362
Southeast Mo. St.,0.02002002002002002
Southern Ind.,0
Tennessee St.,0.11411411411411412
Tennessee Tech,0.05705705705705706
UT Martin,0.036036036036036036
Western Ill.,0.014014014014014014
