team,freq
Eastern Ill.,0.00404040404040404
Lindenwood,0
Little Rock,0.29292929292929293
Morehead St.,0.20404040404040405
SIUE,0.19292929292929292
Southeast Mo. St.,0.15555555555555556
Southern Ind.,0
Tennessee St.,0.031313131313131314
Tennessee Tech,0.03232323232323232
UT Martin,0.08686868686868686
Western Ill.,0
