team,freq
Eastern Ill.,0.0020876826722338207
Lindenwood,0
Little Rock,0
Morehead St.,0.14822546972860123
SIUE,0.5177453027139874
Southeast Mo. St.,0.15135699373695197
Southern Ind.,0
Tennessee St.,0.07724425887265135
Tennessee Tech,0.06889352818371608
UT Martin,0.03444676409185804
