team,freq
Eastern Ill.,0.06124604012671595
Lindenwood,0
Little Rock,0.3812038014783527
Morehead St.,0.3062302006335797
SIUE,0.0897571277719113
Southeast Mo. St.,0.01900739176346357
Southern Ind.,0
Tennessee St.,0.046462513199577615
Tennessee Tech,0.028511087645195356
UT Martin,0.05807814149947202
Western Ill.,0.009503695881731784
