team,freq
Eastern Ill.,0.004166666666666667
Lindenwood,0
Little Rock,0.0010416666666666667
Morehead St.,0.16979166666666667
SIUE,0.5
Southeast Mo. St.,0.13645833333333335
Southern Ind.,0
Tennessee St.,0.096875
Tennessee Tech,0.0625
UT Martin,0.029166666666666667
