team,freq
Eastern Ill.,0.014227642276422765
Lindenwood,0
Little Rock,0.2388211382113821
Morehead St.,0.0975609756097561
SIUE,0.1991869918699187
Southeast Mo. St.,0.19715447154471546
Southern Ind.,0
Tennessee St.,0.006097560975609756
Tennessee Tech,0.09552845528455285
UT Martin,0.10264227642276423
Western Ill.,0.04878048780487805
