team,freq
Eastern Ill.,0
Lindenwood,0
Little Rock,0
Morehead St.,0.5887096774193549
SIUE,0.040322580645161296
Southeast Mo. St.,0.13709677419354838
Southern Ind.,0
Tennessee St.,0.0576036866359447
Tennessee Tech,0.13824884792626727
UT Martin,0.038018433179723504
