team,freq
Eastern Ill.,0.019019019019019017
Lindenwood,0
Little Rock,0.042042042042042045
Morehead St.,0.6306306306306306
SIUE,0.06506506506506507
Southeast Mo. St.,0
Southern Ind.,0
Tennessee St.,0.0940940940940941
Tennessee Tech,0.001001001001001001
UT Martin,0.06706706706706707
Western Ill.,0.08108108108108109
