team,freq
Arizona,0.3176666666666667
Arizona St.,0.014666666666666668
California,0
Colorado,0
Oregon,0.07900000000000001
Oregon St.,0
Southern California,0.060000000000000005
Stanford,0
UCLA,0.5286666666666667
Utah,0
Washington,0
Washington St.,0
