team,freq
Arizona,0.59
Arizona St.,0.0036666666666666666
California,6.666666666666666e-4
Colorado,0.023666666666666666
Oregon,0.021333333333333333
Oregon St.,0
Southern California,0.04466666666666667
Stanford,0.001
UCLA,0.29
Utah,0.0013333333333333333
Washington,0.0023333333333333335
Washington St.,0.021333333333333333
