team,freq
Arizona,0.28500000000000003
Arizona St.,0.028000000000000004
California,0
Colorado,0.018000000000000002
Oregon,0.051000000000000004
Oregon St.,0
Southern California,0.08600000000000001
Stanford,0.007000000000000001
UCLA,0.47700000000000004
Utah,0.024000000000000004
Washington,0.0020000000000000005
Washington St.,0.022000000000000002
