team,freq
Arizona,0.27566666666666667
Arizona St.,0.021333333333333333
California,0
Colorado,0.018333333333333333
Oregon,0.060333333333333336
Oregon St.,0
Southern California,0.08733333333333333
Stanford,0.007
UCLA,0.4856666666666667
Utah,0.016
Washington,0.0013333333333333333
Washington St.,0.027
