team,freq
Arizona,0.59
Arizona St.,0.005
California,0
Colorado,0.016
Oregon,0.021333333333333333
Oregon St.,0
Southern California,0.05333333333333334
Stanford,0.0013333333333333333
UCLA,0.28933333333333333
Utah,6.666666666666666e-4
Washington,0
Washington St.,0.023
