team,freq
Arizona,0.5886666666666667
Arizona St.,0.004666666666666667
California,6.666666666666666e-4
Colorado,0.021
Oregon,0.014666666666666666
Oregon St.,0
Southern California,0.05366666666666667
Stanford,0.0016666666666666668
UCLA,0.2926666666666667
Utah,0.001
Washington,0.001
Washington St.,0.020333333333333332
