team,freq
Arizona,0.5730000000000001
Arizona St.,0.0010000000000000002
California,0.0020000000000000005
Colorado,0.006000000000000001
Oregon,0.015000000000000001
Oregon St.,0
Southern California,0.14100000000000001
Stanford,0.010000000000000002
UCLA,0.21800000000000003
Utah,0.0020000000000000005
Washington,0
Washington St.,0.03200000000000001
