team,freq
Arizona,0.20700000000000002
Arizona St.,0.04900000000000001
California,0
Colorado,0.029000000000000005
Oregon,0.031000000000000003
Oregon St.,0
Southern California,0.051000000000000004
Stanford,0.0020000000000000005
UCLA,0.5650000000000001
Utah,0.038000000000000006
Washington,0.0010000000000000002
Washington St.,0.027000000000000003
