team,freq
Arizona,0.276
Arizona St.,0.021
California,0
Colorado,0.018666666666666668
Oregon,0.06
Oregon St.,0
Southern California,0.08733333333333333
Stanford,0.007333333333333333
UCLA,0.48533333333333334
Utah,0.01633333333333333
Washington,0.0013333333333333333
Washington St.,0.02666666666666667
