team,freq
American,0.0010000000000000002
Army West Point,0.026000000000000002
Boston U.,0.06800000000000002
Bucknell,0
Colgate,0.29500000000000004
Holy Cross,0
Lafayette,0.008000000000000002
Lehigh,0
Loyola Maryland,0.038000000000000006
Navy,0.5640000000000001
