team,freq
American,0.023000000000000003
Army West Point,0.060000000000000005
Boston U.,0.0020000000000000005
Bucknell,0.005000000000000001
Colgate,0.6890000000000001
Holy Cross,0
Lafayette,0.012000000000000002
Lehigh,0.03400000000000001
Loyola Maryland,0
Navy,0.17500000000000002
