team,freq
American,0.09100000000000001
Army West Point,0.008000000000000002
Boston U.,0.025000000000000005
Bucknell,0.024000000000000004
Colgate,0.6970000000000001
Holy Cross,0
Lafayette,0.007000000000000001
Lehigh,0.059000000000000004
Loyola Maryland,0.0020000000000000005
Navy,0.08700000000000001
