team,freq
American,0.008333333333333333
Army West Point,0.04466666666666667
Boston U.,0.012666666666666666
Bucknell,0
Colgate,0.644
Holy Cross,0
Lafayette,0.017666666666666667
Lehigh,0.034666666666666665
Loyola Maryland,0.0036666666666666666
Navy,0.23433333333333334
