team,freq
American,0.0016666666666666668
Army West Point,0.014
Boston U.,0.09566666666666666
Bucknell,0.0016666666666666668
Colgate,0.6026666666666667
Holy Cross,0
Lafayette,0
Lehigh,0.017666666666666667
Loyola Maryland,0.01633333333333333
Navy,0.25033333333333335
