team,freq
American,0.001
Army West Point,0.013666666666666667
Boston U.,0.09166666666666666
Bucknell,0.002
Colgate,0.6056666666666667
Holy Cross,0
Lafayette,0
Lehigh,0.021
Loyola Maryland,0.01633333333333333
Navy,0.24866666666666667
