team,freq
American,0
Army West Point,0.013000000000000001
Boston U.,0.09500000000000001
Bucknell,0
Colgate,0.29000000000000004
Holy Cross,0
Lafayette,0.0020000000000000005
Lehigh,0.0010000000000000002
Loyola Maryland,0.020000000000000004
Navy,0.5790000000000001
