team,freq
American,0.005
Army West Point,0.043666666666666666
Boston U.,0.011333333333333334
Bucknell,0.001
Colgate,0.6513333333333333
Holy Cross,6.666666666666666e-4
Lafayette,0.017
Lehigh,0.035333333333333335
Loyola Maryland,0.0023333333333333335
Navy,0.23233333333333334
