team,freq
Alabama,0
Arkansas,0
Auburn,0.42333333333333334
Florida,0
Georgia,0
Kentucky,0.41733333333333333
LSU,0.13466666666666666
Mississippi St.,0
Missouri,3.333333333333333e-4
Ole Miss,0
South Carolina,0.005
Tennessee,0
Texas A&M,0.019333333333333334
Vanderbilt,0
