team,freq
Alabama,0.411
Arkansas,0.05533333333333333
Auburn,0.025333333333333333
Florida,0.0033333333333333335
Georgia,0
Kentucky,0.09866666666666667
LSU,0
Mississippi St.,0.007
Missouri,0.011666666666666667
Ole Miss,3.333333333333333e-4
South Carolina,0
Tennessee,0.30666666666666664
Texas A&M,0.07433333333333333
Vanderbilt,0.006333333333333333
