team,freq
Alabama,0.39466666666666667
Arkansas,0.09066666666666667
Auburn,0
Florida,0
Georgia,0
Kentucky,0.09533333333333334
LSU,0
Mississippi St.,0.010666666666666666
Missouri,0.009666666666666667
Ole Miss,0
South Carolina,0
Tennessee,0.32
Texas A&M,0.07333333333333333
Vanderbilt,0.005666666666666667
