team,freq
Alabama,0
Arkansas,0.059
Auburn,0.26066666666666666
Florida,0
Georgia,0
Kentucky,0.37633333333333335
LSU,0.081
Mississippi St.,0.009333333333333334
Missouri,0
Ole Miss,0
South Carolina,0
Tennessee,0.19366666666666665
Texas A&M,0.011666666666666667
Vanderbilt,0.008333333333333333
