team,freq
Chattanooga,0.037
ETSU,0.028666666666666667
Furman,0.4683333333333333
Mercer,0.01633333333333333
Samford,0.16366666666666665
The Citadel,0.0013333333333333333
UNC Greensboro,0.24433333333333335
VMI,0
Western Caro.,0.018
Wofford,0.022333333333333334
