team,freq
A&M-Corpus Christi,0.27002053388090347
Houston Christian,0.0020533880903490756
Lamar University,0
McNeese,0.008213552361396302
New Orleans,0.0010266940451745378
Nicholls,0.16837782340862423
Northwestern St.,0.4137577002053388
Southeastern La.,0.13449691991786447
Tex. A&M-Commerce,0
UIW,0.0020533880903490756
