team,freq
A&M-Corpus Christi,0.42147922998986825
Houston Christian,0.00303951367781155
Lamar University,0
McNeese,0.002026342451874367
New Orleans,0.0010131712259371835
Nicholls,0.09321175278622088
Northwestern St.,0.3637284701114488
Southeastern La.,0.11448834853090173
Tex. A&M-Commerce,0
UIW,0.0010131712259371835
