team,freq
A&M-Corpus Christi,0.42327497425334704
Houston Christian,0.014418125643666324
Lamar University,0.017507723995880537
McNeese,0.008238928939237899
New Orleans,0.01544799176107106
Nicholls,0.29351184346035014
Northwestern St.,0.03604531410916581
Southeastern La.,0.1874356333676622
Tex. A&M-Commerce,0
UIW,0.004119464469618949
