team,freq
A&M-Corpus Christi,0.38213914849428865
Houston Christian,0
Lamar University,0
McNeese,0.02388369678089304
New Orleans,0.008307372793354102
Nicholls,0.3385254413291796
Northwestern St.,0.14537902388369678
Southeastern La.,0.10176531671858774
Tex. A&M-Commerce,0
UIW,0
