team,freq
A&M-Corpus Christi,0.35546475995914195
Houston Christian,0.005107252298263534
Lamar University,0
McNeese,0.003064351378958121
New Orleans,0.007150153217568948
Nicholls,0.2839632277834525
Northwestern St.,0.1797752808988764
Southeastern La.,0.16547497446373852
Tex. A&M-Commerce,0
UIW,0
