team,freq
A&M-Corpus Christi,0.4006085192697769
Houston Christian,0.018255578093306288
Lamar University,0.009127789046653144
McNeese,0.002028397565922921
New Orleans,0.017241379310344827
Nicholls,0.4036511156186613
Northwestern St.,0.017241379310344827
Southeastern La.,0.1308316430020284
Tex. A&M-Commerce,0
UIW,0.0010141987829614604
