team,freq
A&M-Corpus Christi,0.3837448559670782
Houston Christian,0.00102880658436214
Lamar University,0
McNeese,0.0257201646090535
New Orleans,0.00720164609053498
Nicholls,0.3662551440329218
Northwestern St.,0.12139917695473251
Southeastern La.,0.09362139917695474
Tex. A&M-Commerce,0
UIW,0.00102880658436214
