team,freq
A&M-Corpus Christi,0.05177664974619289
Houston Christian,0.0010152284263959391
Lamar University,0.5898477157360406
McNeese,0.0700507614213198
New Orleans,0.22233502538071068
Nicholls,0.00913705583756345
Northwestern St.,0
Southeastern La.,0.03756345177664974
Tex. A&M-Commerce,0
UIW,0.0182741116751269
