team,freq
Chattanooga,0.044333333333333336
ETSU,0.029333333333333333
Furman,0.45
Mercer,0.030333333333333334
Samford,0.157
The Citadel,0
UNC Greensboro,0.24766666666666667
VMI,0
Western Caro.,0.018
Wofford,0.023333333333333334
