team,freq
A&M-Corpus Christi,0.2671443193449335
Houston Christian,0.003070624360286592
Lamar University,0
McNeese,0.006141248720573184
New Orleans,0.006141248720573184
Nicholls,0.31832139201637666
Northwestern St.,0.2732855680655067
Southeastern La.,0.12589559877175024
Tex. A&M-Commerce,0
UIW,0
