team,freq
Chattanooga,0.289
ETSU,0.013333333333333334
Furman,0.4686666666666667
Mercer,0.01633333333333333
Samford,0.027333333333333334
The Citadel,6.666666666666666e-4
UNC Greensboro,0.035666666666666666
VMI,0.03166666666666667
Western Caro.,6.666666666666666e-4
Wofford,0.11666666666666667
