team,freq
A&M-Corpus Christi,0.11313131313131314
Houston Christian,0.00101010101010101
Lamar University,0.08585858585858587
McNeese,0.7272727272727273
New Orleans,0.00101010101010101
Nicholls,0.06464646464646465
Northwestern St.,0.00101010101010101
Southeastern La.,0.006060606060606061
Tex. A&M-Commerce,0
UIW,0
