team,freq
A&M-Corpus Christi,0.43610547667342797
Houston Christian,0
Lamar University,0
McNeese,0.0010141987829614604
New Orleans,0.004056795131845842
Nicholls,0.08620689655172414
Northwestern St.,0.34787018255578095
Southeastern La.,0.12474645030425964
Tex. A&M-Commerce,0
UIW,0
