team,freq
A&M-Corpus Christi,0.3329938900203666
Houston Christian,0.004073319755600815
Lamar University,0
McNeese,0.00814663951120163
New Orleans,0.010183299389002037
Nicholls,0.29327902240325865
Northwestern St.,0.18533604887983707
Southeastern La.,0.1659877800407332
Tex. A&M-Commerce,0
UIW,0
