team,freq
Chattanooga,0.299
ETSU,0.01633333333333333
Furman,0.438
Mercer,0.010666666666666666
Samford,0.031
The Citadel,0.0013333333333333333
UNC Greensboro,0.036333333333333336
VMI,0.036
Western Caro.,6.666666666666666e-4
Wofford,0.13066666666666665
