team,freq
A&M-Corpus Christi,0.132
Houston Baptist,0.007666666666666666
McNeese,0.017666666666666667
New Orleans,0.16633333333333333
Nicholls St.,0.502
Northwestern St.,0.008333333333333333
Southeastern La.,0.16433333333333333
UIW,0.0016666666666666668
