team,freq
A&M-Corpus Christi,0.1743119266055046
Houston Christian,0.03058103975535168
Lamar University,0.012232415902140673
McNeese,0.0020387359836901123
New Orleans,0.0835881753312946
Nicholls,0.42099898063200814
Northwestern St.,0.020387359836901122
Southeastern La.,0.25382262996941896
Tex. A&M-Commerce,0
UIW,0.0020387359836901123
