team,freq
A&M-Corpus Christi,0.14462809917355374
Houston Christian,0
Lamar University,0.06301652892561983
McNeese,0.5940082644628099
New Orleans,0.008264462809917356
Nicholls,0.15082644628099173
Northwestern St.,0
Southeastern La.,0.034090909090909095
Tex. A&M-Commerce,0
UIW,0.005165289256198347
