team,freq
A&M-Corpus Christi,0.4254668930390492
Houston Christian,0.002376910016977929
Lamar University,0
McNeese,0.003735144312393888
New Orleans,0.001697792869269949
Nicholls,0.0899830220713073
Northwestern St.,0.3572156196943973
Southeastern La.,0.11952461799660441
Tex. A&M-Commerce,0
UIW,0
