team,freq
A&M-Corpus Christi,0.3699481865284974
Houston Christian,0.0010362694300518134
Lamar University,0
McNeese,0.013471502590673576
New Orleans,0.01865284974093264
Nicholls,0.3523316062176166
Northwestern St.,0.14715025906735751
Southeastern La.,0.09637305699481866
Tex. A&M-Commerce,0
UIW,0.0010362694300518134
