team,freq
A&M-Corpus Christi,0.17890382626680454
Houston Christian,0.009307135470527405
Lamar University,0
McNeese,0.008273009307135471
New Orleans,0.010341261633919338
Nicholls,0.4436401240951396
Northwestern St.,0.13340227507755947
Southeastern La.,0.2140641158221303
Tex. A&M-Commerce,0
UIW,0.002068252326783868
