team,freq
A&M-Corpus Christi,0.11691022964509395
Houston Christian,0
Lamar University,0.07202505219206681
McNeese,0.6189979123173278
New Orleans,0.008350730688935283
Nicholls,0.1409185803757829
Northwestern St.,0
Southeastern La.,0.036534446764091864
Tex. A&M-Commerce,0
UIW,0.006263048016701462
