team,freq
A&M-Corpus Christi,0.2429614181438999
Houston Christian,0.15224191866527634
Lamar University,0.021897810218978103
McNeese,0.05005213764337852
New Orleans,0.16266944734098018
Nicholls,0.22940563086548488
Northwestern St.,0.022940563086548488
Southeastern La.,0.11470281543274244
Tex. A&M-Commerce,0
UIW,0.0031282586027111575
