team,freq
A&M-Corpus Christi,0.1822863027806385
Houston Christian,0.0030895983522142125
Lamar University,0
McNeese,0.006179196704428425
New Orleans,0.005149330587023687
Nicholls,0.2904222451081359
Northwestern St.,0.38928939237899074
Southeastern La.,0.12358393408856848
Tex. A&M-Commerce,0
UIW,0
