team,freq
A&M-Corpus Christi,0.20410367170626348
Houston Christian,0.008639308855291577
Lamar University,0
McNeese,0.011879049676025917
New Orleans,0.009719222462203022
Nicholls,0.4848812095032397
Northwestern St.,0.07883369330453563
Southeastern La.,0.20086393088552915
Tex. A&M-Commerce,0
UIW,0.0010799136069114472
