team,freq
A&M-Corpus Christi,0.4237691001697793
Houston Christian,0.002376910016977929
Lamar University,0
McNeese,0.0037351443123938882
New Orleans,0.0016977928692699493
Nicholls,0.08964346349745331
Northwestern St.,0.35959252971137523
Southeastern La.,0.11918505942275044
Tex. A&M-Commerce,0
UIW,0
