team,freq
A&M-Corpus Christi,0.12012012012012012
Houston Christian,0.001001001001001001
Lamar University,0.012012012012012012
McNeese,0.6736736736736737
New Orleans,0
Nicholls,0.024024024024024024
Northwestern St.,0.001001001001001001
SFA,0.1041041041041041
Southeastern La.,0.008008008008008008
Tex. A&M-Commerce,0
UIW,0.006006006006006006
UTRGV,0.05005005005005005
