team,freq
A&M-Corpus Christi,0.25333333333333335
Houston Christian,0
Lamar University,0
McNeese,0.005128205128205128
New Orleans,0
Nicholls,0.16923076923076924
Northwestern St.,0.4133333333333334
Southeastern La.,0.15487179487179487
Tex. A&M-Commerce,0
UIW,0.0041025641025641026
