team,freq
A&M-Corpus Christi,0.3545734840698869
Houston Christian,0.0010277492291880781
Lamar University,0
McNeese,0.007194244604316547
New Orleans,0
Nicholls,0.16032887975334018
Northwestern St.,0.4306269270298047
Southeastern La.,0.045220966084275435
Tex. A&M-Commerce,0
UIW,0.0010277492291880781
