team,freq
A&M-Corpus Christi,0.06583072100313479
Houston Christian,0.012539184952978058
Lamar University,0.4346917450365726
McNeese,0.07105538140020899
New Orleans,0.2497387669801463
Nicholls,0.0794148380355277
Northwestern St.,0.0031347962382445144
Southeastern La.,0.06165099268547544
Tex. A&M-Commerce,0
UIW,0.021943573667711602
