team,freq
A&M-Corpus Christi,0.21864951768488744
Houston Christian,0.01822079314040729
Lamar University,0.0010718113612004287
McNeese,0.007502679528403001
New Orleans,0.012861736334405145
Nicholls,0.4930332261521972
Northwestern St.,0.06645230439442658
Southeastern La.,0.18113612004287247
Tex. A&M-Commerce,0
UIW,0.0010718113612004287
