team,freq
A&M-Corpus Christi,0.1930379746835443
Houston Christian,0.003164556962025317
Lamar University,0
McNeese,0.0021097046413502112
New Orleans,0.008438818565400845
Nicholls,0.43776371308016876
Northwestern St.,0.19725738396624473
Southeastern La.,0.1550632911392405
Tex. A&M-Commerce,0
UIW,0.003164556962025317
