team,freq
A&M-Corpus Christi,0.3432682425488181
Houston Christian,0.0010277492291880781
Lamar University,0
McNeese,0.0051387461459403904
New Orleans,0
Nicholls,0.16135662898252826
Northwestern St.,0.408016443987667
Southeastern La.,0.07605344295991777
Tex. A&M-Commerce,0
UIW,0.0051387461459403904
