team,freq
A&M-Corpus Christi,0.4194528875379939
Houston Christian,0.002026342451874367
Lamar University,0
McNeese,0.002026342451874367
New Orleans,0.002026342451874367
Nicholls,0.10536980749746706
Northwestern St.,0.3586626139817629
Southeastern La.,0.11043566362715299
Tex. A&M-Commerce,0
UIW,0
