team,freq
A&M-Corpus Christi,0.2817371937639198
Houston Christian,0.014476614699331848
Lamar University,0.0077951002227171495
McNeese,0.004454342984409799
New Orleans,0.03229398663697105
Nicholls,0.31291759465478847
Northwestern St.,0.14142538975501112
Southeastern La.,0.20155902004454343
Tex. A&M-Commerce,0
UIW,0.0033407572383073497
