team,freq
A&M-Corpus Christi,0.03752759381898455
Houston Christian,0
Lamar University,0.7152317880794702
McNeese,0.10596026490066225
New Orleans,0.09713024282560706
Nicholls,0.008830022075055188
Northwestern St.,0
Southeastern La.,0.03532008830022075
Tex. A&M-Commerce,0
UIW,0
