team,freq
A&M-Corpus Christi,0.33333333333333337
Houston Christian,0.0010256410256410256
Lamar University,0
McNeese,0.022564102564102562
New Orleans,0.014358974358974359
Nicholls,0.23897435897435898
Northwestern St.,0.22564102564102564
Southeastern La.,0.1641025641025641
Tex. A&M-Commerce,0
UIW,0
