team,freq
A&M-Corpus Christi,0.06855277475516866
Houston Christian,0
Lamar University,0.04461371055495103
McNeese,0.4918389553862894
New Orleans,0.07072905331882481
Nicholls,0.25244831338411317
Northwestern St.,0.001088139281828074
Southeastern La.,0.0500544069640914
Tex. A&M-Commerce,0
UIW,0.020674646354733404
