team,freq
A&M-Corpus Christi,0.16245006657789612
Houston Christian,0.0039946737683089215
Lamar University,0.04394141145139814
McNeese,0.13581890812250333
New Orleans,0.3049267643142477
Nicholls,0.1611185086551265
Northwestern St.,0.010652463382157125
Southeastern La.,0.151797603195739
Tex. A&M-Commerce,0
UIW,0.02529960053262317
