team,freq
A&M-Corpus Christi,0.1688708036622584
Houston Christian,0.2980671414038657
Lamar University,0.012207527975584944
McNeese,0.02034587995930824
New Orleans,0.10681586978636826
Nicholls,0.23296032553407936
Northwestern St.,0.01525940996948118
Southeastern La.,0.1444557477110885
Tex. A&M-Commerce,0
UIW,0.001017293997965412
