team,freq
A&M-Corpus Christi,0.10160965794768613
Houston Christian,0
Lamar University,0.01609657947686117
McNeese,0.6498993963782697
New Orleans,0
Nicholls,0.03319919517102616
Northwestern St.,0.002012072434607646
SFA,0.12474849094567404
Southeastern La.,0.015090543259557344
Tex. A&M-Commerce,0
UIW,0.01006036217303823
UTRGV,0.047283702213279676
