team,freq
A&M-Corpus Christi,0.06903991370010787
Houston Christian,0.0010787486515641855
Lamar University,0.056094929881337643
McNeese,0.5792880258899676
New Orleans,0.0668824163969795
Nicholls,0.17583603020496225
Northwestern St.,0
Southeastern La.,0.03667745415318231
Tex. A&M-Commerce,0
UIW,0.015102481121898598
