team,freq
A&M-Corpus Christi,0.18854166666666666
Houston Christian,0.004166666666666667
Lamar University,0
McNeese,0.010416666666666668
New Orleans,0.004166666666666667
Nicholls,0.28645833333333337
Northwestern St.,0.3802083333333333
Southeastern La.,0.12604166666666666
Tex. A&M-Commerce,0
UIW,0
