team,freq
A&M-Corpus Christi,0.39157245632065774
Houston Christian,0.0010277492291880781
Lamar University,0
McNeese,0.019527235354573482
New Orleans,0.006166495375128468
Nicholls,0.34532374100719426
Northwestern St.,0.13771839671120245
Southeastern La.,0.0986639260020555
Tex. A&M-Commerce,0
UIW,0
