team,freq
A&M-Corpus Christi,0.382262996941896
Houston Christian,0.0030581039755351682
Lamar University,0
McNeese,0.0030581039755351682
New Orleans,0.013251783893985729
Nicholls,0.27828746177370034
Northwestern St.,0.17227319062181448
Southeastern La.,0.14780835881753313
Tex. A&M-Commerce,0
UIW,0
