team,freq
A&M-Corpus Christi,0.2737603305785124
Houston Christian,0.004132231404958678
Lamar University,0
McNeese,0.005165289256198346
New Orleans,0.008264462809917356
Nicholls,0.4690082644628099
Northwestern St.,0.11880165289256198
Southeastern La.,0.11983471074380164
Tex. A&M-Commerce,0
UIW,0.0010330578512396695
