team,freq
Denver,0
Kansas City,0.024523160762942777
North Dakota,0.005449591280653951
North Dakota St.,0.46594005449591286
Omaha,0.04087193460490463
Oral Roberts,0.0013623978201634877
South Dakota,0.010899182561307902
South Dakota St.,0.4509536784741145
St. Thomas (MN),0
