team,freq
Denver,0.0030581039755351682
Kansas City,0.039755351681957186
North Dakota,0
North Dakota St.,0.04383282364933741
Omaha,0
Oral Roberts,0.38022426095820594
South Dakota,0.019367991845056064
South Dakota St.,0.4821610601427115
St. Thomas (MN),0
Western Ill.,0.03160040774719674
