team,freq
Denver,0.014830508474576272
Kansas City,0.02754237288135593
North Dakota,0
North Dakota St.,0.05402542372881356
Omaha,0.005296610169491526
Oral Roberts,0.766949152542373
South Dakota,0.006355932203389831
South Dakota St.,0.09745762711864407
St. Thomas (MN),0
Western Ill.,0.02754237288135593
