team,freq
Denver,0.015965166908563134
Kansas City,0.08272859216255442
North Dakota,0.03193033381712627
North Dakota St.,0.14658925979680695
Omaha,0.015965166908563134
Oral Roberts,0.0537010159651669
South Dakota,0.10885341074020317
South Dakota St.,0.5442670537010159
St. Thomas (MN),0
