team,freq
Denver,0.002002002002002002
Kansas City,0.026026026026026026
North Dakota,0.002002002002002002
North Dakota St.,0.08808808808808809
Omaha,0.001001001001001001
Oral Roberts,0.17517517517517517
South Dakota,0.041041041041041046
South Dakota St.,0.6346346346346347
St. Thomas (MN),0
Western Ill.,0.03003003003003003
