team,freq
Denver,0
Kansas City,0.016376663254861822
North Dakota,0
North Dakota St.,0.038894575230296824
Omaha,0
Oral Roberts,0.4298874104401228
South Dakota,0.019447287615148412
South Dakota St.,0.44933469805527126
St. Thomas (MN),0
Western Ill.,0.04605936540429887
