team,freq
Denver,0.00501002004008016
Kansas City,0.03907815631262525
North Dakota,0
North Dakota St.,0.08817635270541081
Omaha,0
Oral Roberts,0.1713426853707415
South Dakota,0.03907815631262525
South Dakota St.,0.6332665330661322
St. Thomas (MN),0
Western Ill.,0.02404809619238477
