team,freq
Denver,0.04393939393939394
Kansas City,0.1409090909090909
North Dakota,0.07727272727272727
North Dakota St.,0.12424242424242424
Omaha,0.06060606060606061
Oral Roberts,0.03636363636363636
South Dakota,0.08787878787878788
South Dakota St.,0.4287878787878787
St. Thomas (MN),0
