team,freq
Denver,0.24017467248908297
Kansas City,0.037845705967976706
North Dakota,0.018922852983988353
North Dakota St.,0.05822416302765648
Omaha,0.040756914119359534
Oral Roberts,0.2940320232896652
South Dakota,0.008733624454148471
South Dakota St.,0.30131004366812225
St. Thomas (MN),0
