team,freq
Denver,0.05336179295624333
Kansas City,0.033084311632870865
North Dakota,0.004268943436499467
North Dakota St.,0.09605122732123798
Omaha,0.0032017075773745998
Oral Roberts,0.48665955176093917
South Dakota,0.016008537886873
South Dakota St.,0.26574172892209175
St. Thomas (MN),0
Western Ill.,0.0416221985058698
