team,freq
Denver,0.21839080459770116
Kansas City,0.04885057471264369
North Dakota,0.020114942528735635
North Dakota St.,0.08045977011494254
Omaha,0.04454022988505747
Oral Roberts,0.20977011494252873
South Dakota,0.002873563218390805
South Dakota St.,0.37500000000000006
St. Thomas (MN),0
