team,freq
Denver,0.0273224043715847
Kansas City,0.04371584699453552
North Dakota,0.006557377049180328
North Dakota St.,0.06666666666666667
Omaha,0.00546448087431694
Oral Roberts,0.5956284153005464
South Dakota,0.004371584699453552
South Dakota St.,0.18032786885245902
St. Thomas (MN),0
Western Ill.,0.06994535519125683
