team,freq
Denver,0.31989247311827956
Kansas City,0.02553763440860215
North Dakota,0.021505376344086023
North Dakota St.,0.0456989247311828
Omaha,0.05645161290322581
Oral Roberts,0.11290322580645162
South Dakota,0.006720430107526882
South Dakota St.,0.41129032258064513
St. Thomas (MN),0
