team,freq
Denver,0.007049345417925478
Kansas City,0.016112789526686808
North Dakota,0
North Dakota St.,0.04833836858006042
Omaha,0
Oral Roberts,0.3121852970795569
South Dakota,0.027190332326283987
South Dakota St.,0.5568982880161129
St. Thomas (MN),0
Western Ill.,0.032225579053373615
