team,freq
Denver,0.002932551319648094
Kansas City,0.09237536656891494
North Dakota,0.00879765395894428
North Dakota St.,0.3709677419354839
Omaha,0.020527859237536656
Oral Roberts,0.002932551319648094
South Dakota,0.036656891495601175
South Dakota St.,0.46480938416422285
St. Thomas (MN),0
