team,freq
Denver,0.02359550561797753
Kansas City,0.09662921348314606
North Dakota,0.0011235955056179776
North Dakota St.,0.0651685393258427
Omaha,0.008988764044943821
Oral Roberts,0.6719101123595506
South Dakota,0.010112359550561797
South Dakota St.,0.08426966292134831
St. Thomas (MN),0
Western Ill.,0.038202247191011236
