team,freq
Denver,0.03377686796315251
Kansas City,0.0511770726714432
North Dakota,0.0010235414534288639
North Dakota St.,0.24257932446264072
Omaha,0.008188331627430911
Oral Roberts,0.0767656090071648
South Dakota,0.03172978505629478
South Dakota St.,0.49948822927328557
St. Thomas (MN),0
Western Ill.,0.05527123848515865
