team,freq
Denver,0.002004008016032064
Kansas City,0.03006012024048096
North Dakota,0.001002004008016032
North Dakota St.,0.07715430861723446
Omaha,0.001002004008016032
Oral Roberts,0.187374749498998
South Dakota,0.04809619238476954
South Dakota St.,0.625250501002004
St. Thomas (MN),0
Western Ill.,0.028056112224448898
