team,freq
Denver,0.1280323450134771
Kansas City,0.06738544474393532
North Dakota,0.09838274932614555
North Dakota St.,0.0660377358490566
Omaha,0.14016172506738545
Oral Roberts,0.15902964959568733
South Dakota,0.006738544474393531
South Dakota St.,0.33423180592991913
St. Thomas (MN),0
