team,freq
Denver,0.010548523206751056
Kansas City,0.0369198312236287
North Dakota,0.0010548523206751056
North Dakota St.,0.03270042194092827
Omaha,0.0010548523206751056
Oral Roberts,0.759493670886076
South Dakota,0.003164556962025317
South Dakota St.,0.1139240506329114
St. Thomas (MN),0
Western Ill.,0.04113924050632912
