team,freq
Denver,0.030864197530864196
Kansas City,0.06378600823045268
North Dakota,0.00308641975308642
North Dakota St.,0.2962962962962963
Omaha,0.00411522633744856
Oral Roberts,0.1440329218106996
South Dakota,0.02469135802469136
South Dakota St.,0.3930041152263375
St. Thomas (MN),0
Western Ill.,0.040123456790123455
