team,freq
Denver,0.026748971193415638
Kansas City,0.06893004115226338
North Dakota,0.00205761316872428
North Dakota St.,0.23559670781893005
Omaha,0
Oral Roberts,0.18724279835390947
South Dakota,0.053497942386831275
South Dakota St.,0.3981481481481482
St. Thomas (MN),0
Western Ill.,0.02777777777777778
