team,freq
Denver,0.005005005005005005
Kansas City,0.024024024024024024
North Dakota,0
North Dakota St.,0.07307307307307306
Omaha,0
Oral Roberts,0.17217217217217215
South Dakota,0.038038038038038034
South Dakota St.,0.6506506506506506
St. Thomas (MN),0
Western Ill.,0.037037037037037035
