team,freq
Denver,0.0852359208523592
Kansas City,0.0669710806697108
North Dakota,0.1506849315068493
North Dakota St.,0.0730593607305936
Omaha,0.1126331811263318
Oral Roberts,0.1430745814307458
South Dakota,0.0091324200913242
South Dakota St.,0.3592085235920852
St. Thomas (MN),0
