team,freq
Denver,0.0030832476875642346
Kansas City,0.019527235354573486
North Dakota,0
North Dakota St.,0.02877697841726619
Omaha,0
Oral Roberts,0.3607399794450154
South Dakota,0.020554984583761562
South Dakota St.,0.5159301130524152
St. Thomas (MN),0
Western Ill.,0.051387461459403906
