team,freq
Denver,0.016611295681063124
Kansas City,0.09634551495016612
North Dakota,0
North Dakota St.,0.054263565891472874
Omaha,0.018826135105204877
Oral Roberts,0.6622369878183832
South Dakota,0.024363233665559248
South Dakota St.,0.09523809523809523
St. Thomas (MN),0
Western Ill.,0.032115171650055375
