team,freq
Denver,0.005102040816326531
Kansas City,0.03571428571428572
North Dakota,0
North Dakota St.,0.04591836734693878
Omaha,0
Oral Roberts,0.3704081632653061
South Dakota,0.013265306122448979
South Dakota St.,0.49489795918367346
St. Thomas (MN),0
Western Ill.,0.03469387755102041
