team,freq
Denver,0.11904761904761904
Kansas City,0.049107142857142856
North Dakota,0.09077380952380952
North Dakota St.,0.049107142857142856
Omaha,0.18601190476190474
Oral Roberts,0.17857142857142855
South Dakota,0.010416666666666666
South Dakota St.,0.3169642857142857
St. Thomas (MN),0
