team,freq
Denver,0.12301013024602026
Kansas City,0.05209840810419681
North Dakota,0.08393632416787264
North Dakota St.,0.04196816208393632
Omaha,0.1649782923299566
Oral Roberts,0.15195369030390737
South Dakota,0.005788712011577424
South Dakota St.,0.37626628075253254
St. Thomas (MN),0
