team,freq
Denver,0.007063572149344097
Kansas City,0.013118062563067608
North Dakota,0
North Dakota St.,0.07265388496468213
Omaha,0
Oral Roberts,0.2896064581231079
South Dakota,0.022199798183652874
South Dakota St.,0.5640766902119072
St. Thomas (MN),0
Western Ill.,0.03128153380423814
