team,freq
Denver,0.23546511627906977
Kansas City,0.046511627906976744
North Dakota,0.02761627906976744
North Dakota St.,0.0755813953488372
Omaha,0.0377906976744186
Oral Roberts,0.2761627906976744
South Dakota,0.005813953488372093
South Dakota St.,0.2950581395348837
St. Thomas (MN),0
