team,freq
Denver,0.011061946902654867
Kansas City,0.06084070796460177
North Dakota,0.0663716814159292
North Dakota St.,0.18030973451327434
Omaha,0.07964601769911503
Oral Roberts,0.290929203539823
South Dakota,0.051991150442477874
South Dakota St.,0.2588495575221239
St. Thomas (MN),0
