team,freq
Denver,0
Kansas City,0
North Dakota,0.010168302945301542
North Dakota St.,0.07187938288920055
Omaha,0.006311360448807854
Oral Roberts,0.7524544179523142
South Dakota,0.0070126227208976155
South Dakota St.,0.144109396914446
St. Thomas (MN),0
Western Ill.,0.008064516129032256
