team,freq
Denver,0.024285714285714285
Kansas City,0.06
North Dakota,0.039999999999999994
North Dakota St.,0.18428571428571427
Omaha,0.031428571428571424
Oral Roberts,0.022857142857142857
South Dakota,0.08857142857142856
South Dakota St.,0.5485714285714285
St. Thomas (MN),0
