team,freq
Denver,0.043991416309012876
Kansas City,0.0536480686695279
North Dakota,0.001072961373390558
North Dakota St.,0.11802575107296137
Omaha,0.003218884120171674
Oral Roberts,0.325107296137339
South Dakota,0.030042918454935622
South Dakota St.,0.36695278969957085
St. Thomas (MN),0
Western Ill.,0.05793991416309013
