team,freq
Denver,0
Kansas City,0
North Dakota,0.007060152499293985
North Dakota St.,0.3338040101666196
Omaha,0.2120869810787913
Oral Roberts,0
South Dakota,0.03219429539678057
South Dakota St.,0.4148545608585145
St. Thomas (MN),0
