team,freq
Denver,0.04124860646599777
Kansas City,0.03455964325529543
North Dakota,0.006688963210702341
North Dakota St.,0.06577480490523968
Omaha,0.011148272017837236
Oral Roberts,0.6064659977703456
South Dakota,0.005574136008918618
South Dakota St.,0.1705685618729097
St. Thomas (MN),0
Western Ill.,0.05797101449275362
