team,freq
Denver,0.024891774891774892
Kansas City,0.049783549783549784
North Dakota,0
North Dakota St.,0.06601731601731602
Omaha,0.005411255411255412
Oral Roberts,0.6287878787878788
South Dakota,0.011904761904761904
South Dakota St.,0.15800865800865802
St. Thomas (MN),0
Western Ill.,0.05519480519480519
