team,freq
Denver,0.002103049421661409
Kansas City,0.00385559060637925
North Dakota,0.005608131791097091
North Dakota St.,0.07185418857343147
Omaha,0.0014020329477742728
Oral Roberts,0.7577988082719944
South Dakota,0.006659656501927795
South Dakota St.,0.1423063441990887
St. Thomas (MN),0
Western Ill.,0.008412197686645636
