team,freq
Denver,0.2891891891891892
Kansas City,0.06756756756756757
North Dakota,0.03108108108108108
North Dakota St.,0.08783783783783784
Omaha,0.024324324324324322
Oral Roberts,0.21486486486486486
South Dakota,0.014864864864864864
South Dakota St.,0.2702702702702703
St. Thomas (MN),0
