team,freq
Denver,0.07703488372093023
Kansas City,0.14680232558139536
North Dakota,0.05232558139534884
North Dakota St.,0.05959302325581396
Omaha,0.008720930232558141
Oral Roberts,0.029069767441860468
South Dakota,0.008720930232558141
South Dakota St.,0.6177325581395349
St. Thomas (MN),0
