team,freq
Denver,0.02950152594099695
Kansas City,0.03051881993896236
North Dakota,0
North Dakota St.,0.2797558494404883
Omaha,0
Oral Roberts,0.1454730417090539
South Dakota,0.05188199389623601
South Dakota St.,0.4181078331637843
St. Thomas (MN),0
Western Ill.,0.044760935910478125
