team,freq
Denver,0.005040322580645161
Kansas City,0.005040322580645161
North Dakota,0
North Dakota St.,0.07762096774193548
Omaha,0
Oral Roberts,0.2530241935483871
South Dakota,0.01814516129032258
South Dakota St.,0.5887096774193548
St. Thomas (MN),0
Western Ill.,0.05241935483870967
