team,freq
Denver,0.007438894792773646
Kansas City,0.031880977683315624
North Dakota,0
North Dakota St.,0.04994686503719448
Omaha,0.0010626992561105209
Oral Roberts,0.7545164718384697
South Dakota,0
South Dakota St.,0.11689691817215729
St. Thomas (MN),0
Western Ill.,0.03825717321997874
