team,freq
Denver,0.04215116279069768
Kansas City,0.14098837209302328
North Dakota,0.09883720930232559
North Dakota St.,0.125
Omaha,0.047965116279069776
Oral Roberts,0.027616279069767442
South Dakota,0.06976744186046513
South Dakota St.,0.4476744186046512
St. Thomas (MN),0
