team,freq
Denver,0.11049723756906078
Kansas City,0.049723756906077346
North Dakota,0.01878453038674033
North Dakota St.,0.14033149171270717
Omaha,0.0143646408839779
Oral Roberts,0.2718232044198895
South Dakota,0.019889502762430938
South Dakota St.,0.37458563535911604
St. Thomas (MN),0
