team,freq
Denver,0
Kansas City,0.012658227848101266
North Dakota,0.009493670886075948
North Dakota St.,0.05485232067510548
Omaha,0
Oral Roberts,0.8069620253164557
South Dakota,0.0010548523206751054
South Dakota St.,0.10443037974683544
St. Thomas (MN),0
Western Ill.,0.010548523206751054
