team,freq
Denver,0.3400309119010819
Kansas City,0.020092735703245747
North Dakota,0.015455950540958269
North Dakota St.,0.0463678516228748
Omaha,0.06646058732612055
Oral Roberts,0.1901081916537867
South Dakota,0.0077279752704791345
South Dakota St.,0.31375579598145287
St. Thomas (MN),0
