team,freq
Denver,0.030643513789581203
Kansas City,0.027579162410623085
North Dakota,0.0010214504596527069
North Dakota St.,0.2941777323799796
Omaha,0.0020429009193054137
Oral Roberts,0.14096016343207357
South Dakota,0.038815117466802856
South Dakota St.,0.4126659856996936
St. Thomas (MN),0
Western Ill.,0.05209397344228805
