team,freq
Denver,0.024000000000000004
Kansas City,0.09942857142857144
North Dakota,0.001142857142857143
North Dakota St.,0.052571428571428575
Omaha,0.01142857142857143
Oral Roberts,0.6445714285714286
South Dakota,0.027428571428571434
South Dakota St.,0.10057142857142858
St. Thomas (MN),0
Western Ill.,0.03885714285714287
