team,freq
Denver,0.012012012012012012
Kansas City,0.06456456456456455
North Dakota,0.018018018018018018
North Dakota St.,0.2657657657657657
Omaha,0.02102102102102102
Oral Roberts,0.03003003003003003
South Dakota,0.07657657657657657
South Dakota St.,0.5120120120120121
St. Thomas (MN),0
