team,freq
Denver,0.016574585635359115
Kansas City,0.14226519337016574
North Dakota,0.03591160220994475
North Dakota St.,0.16160220994475138
Omaha,0.03591160220994475
Oral Roberts,0.03729281767955801
South Dakota,0.09806629834254144
South Dakota St.,0.4723756906077349
St. Thomas (MN),0
