team,freq
Denver,0.003080082135523614
Kansas City,0.024640657084188913
North Dakota,0.001026694045174538
North Dakota St.,0.061601642710472276
Omaha,0
Oral Roberts,0.3275154004106776
South Dakota,0.007186858316221767
South Dakota St.,0.5359342915811088
St. Thomas (MN),0
Western Ill.,0.039014373716632446
