team,freq
Denver,0.010484927916120577
Kansas City,0.03014416775884666
North Dakota,0.014416775884665792
North Dakota St.,0.3682830930537353
Omaha,0.01310615989515072
Oral Roberts,0.017038007863695935
South Dakota,0.09043250327653998
South Dakota St.,0.45609436435124506
St. Thomas (MN),0
