team,freq
Denver,0.10751445086705202
Kansas City,0.04161849710982659
North Dakota,0.015028901734104046
North Dakota St.,0.12485549132947976
Omaha,0.026589595375722544
Oral Roberts,0.2566473988439306
South Dakota,0.019653179190751446
South Dakota St.,0.4080924855491329
St. Thomas (MN),0
