team,freq
Denver,0.20483641536273112
Kansas City,0.03556187766714082
North Dakota,0.012802275960170695
North Dakota St.,0.05263157894736841
Omaha,0.05547652916073968
Oral Roberts,0.2375533428165007
South Dakota,0.0028449502133712657
South Dakota St.,0.39829302987197723
St. Thomas (MN),0
