team,freq
Denver,0.14148351648351648
Kansas City,0.06868131868131869
North Dakota,0.11675824175824177
North Dakota St.,0.06730769230769232
Omaha,0.10576923076923077
Oral Roberts,0.11813186813186813
South Dakota,0.006868131868131869
South Dakota St.,0.37500000000000006
St. Thomas (MN),0
