team,freq
Denver,0.007056451612903226
Kansas City,0.026209677419354836
North Dakota,0
North Dakota St.,0.0625
Omaha,0
Oral Roberts,0.25806451612903225
South Dakota,0.023185483870967742
South Dakota St.,0.5725806451612903
St. Thomas (MN),0
Western Ill.,0.05040322580645162
