team,freq
Denver,0.021978021978021976
Kansas City,0.06373626373626373
North Dakota,0.05714285714285714
North Dakota St.,0.15384615384615385
Omaha,0.08021978021978021
Oral Roberts,0.22747252747252744
South Dakota,0.023076923076923078
South Dakota St.,0.37252747252747254
St. Thomas (MN),0
