team,freq
Denver,0.004016064257028113
Kansas City,0.01706827309236948
North Dakota,0
North Dakota St.,0.06124497991967871
Omaha,0
Oral Roberts,0.22188755020080322
South Dakota,0.012048192771084338
South Dakota St.,0.6164658634538153
St. Thomas (MN),0
Western Ill.,0.06726907630522089
