team,freq
Denver,0.2612994350282486
Kansas City,0.03248587570621469
North Dakota,0.03672316384180791
North Dakota St.,0.05367231638418079
Omaha,0.052259887005649715
Oral Roberts,0.1398305084745763
South Dakota,0.00847457627118644
South Dakota St.,0.4152542372881356
St. Thomas (MN),0
