team,freq
Denver,0.15152362314788928
Kansas City,0
North Dakota,0.14760972882303605
North Dakota St.,0.03522504892367906
Omaha,0.08386916410399775
Oral Roberts,0
South Dakota,0
South Dakota St.,0.5817724350013979
St. Thomas (MN),0
