team,freq
Denver,0.008072653884964682
Kansas City,0.025227043390514632
North Dakota,0
North Dakota St.,0.08779011099899091
Omaha,0
Oral Roberts,0.30474268415741673
South Dakota,0.020181634712411706
South Dakota St.,0.520686175580222
St. Thomas (MN),0
Western Ill.,0.033299697275479316
