team,freq
Denver,0.13739545997610514
Kansas City,0.037037037037037035
North Dakota,0.03464755077658303
North Dakota St.,0.12544802867383512
Omaha,0.02270011947431302
Oral Roberts,0.30107526881720426
South Dakota,0.016726403823178016
South Dakota St.,0.3249701314217443
St. Thomas (MN),0
