team,freq
Denver,0.0010683760683760683
Kansas City,0.013888888888888888
North Dakota,0.004273504273504273
North Dakota St.,0.04594017094017094
Omaha,0.0010683760683760683
Oral Roberts,0.8354700854700855
South Dakota,0.0021367521367521365
South Dakota St.,0.08653846153846154
St. Thomas (MN),0
Western Ill.,0.009615384615384614
