team,freq
Denver,0.001002004008016032
Kansas City,0.023046092184368736
North Dakota,0.001002004008016032
North Dakota St.,0.08517034068136273
Omaha,0
Oral Roberts,0.19238476953907815
South Dakota,0.03707414829659318
South Dakota St.,0.62625250501002
St. Thomas (MN),0
Western Ill.,0.03406813627254509
