team,freq
Denver,0.026584867075664622
Kansas City,0.022494887525562373
North Dakota,0
North Dakota St.,0.2372188139059305
Omaha,0.002044989775051125
Oral Roberts,0.10736196319018405
South Dakota,0.07464212678936605
South Dakota St.,0.47546012269938653
St. Thomas (MN),0
Western Ill.,0.0541922290388548
