team,freq
Denver,0.007238883143743536
Kansas City,0.03516028955532575
North Dakota,0
North Dakota St.,0.03722854188210961
Omaha,0.0010341261633919337
Oral Roberts,0.8066184074457083
South Dakota,0.013443640124095138
South Dakota St.,0.06928645294725956
St. Thomas (MN),0
Western Ill.,0.02998965873836608
