team,freq
Denver,0.02368137782561894
Kansas City,0.0581270182992465
North Dakota,0.05705059203444564
North Dakota St.,0.1797631862217438
Omaha,0.03767491926803014
Oral Roberts,0.40043057050592035
South Dakota,0.025834230355220665
South Dakota St.,0.21743810548977396
St. Thomas (MN),0
