team,freq
Denver,0.002002002002002002
Kansas City,0.042042042042042045
North Dakota,0
North Dakota St.,0.06806806806806807
Omaha,0
Oral Roberts,0.17317317317317316
South Dakota,0.051051051051051045
South Dakota St.,0.6436436436436437
St. Thomas (MN),0
Western Ill.,0.02002002002002002
