team,freq
Denver,0.009036144578313253
Kansas City,0.028112449799196786
North Dakota,0.0020080321285140565
North Dakota St.,0.060240963855421686
Omaha,0
Oral Roberts,0.2369477911646586
South Dakota,0.024096385542168676
South Dakota St.,0.5913654618473895
St. Thomas (MN),0
Western Ill.,0.04819277108433735
