team,freq
Denver,0.010548523206751054
Kansas City,0.008438818565400843
North Dakota,0.002109704641350211
North Dakota St.,0.02320675105485232
Omaha,0.002109704641350211
Oral Roberts,0.8386075949367089
South Dakota,0.002109704641350211
South Dakota St.,0.09282700421940927
St. Thomas (MN),0
Western Ill.,0.020042194092827002
