team,freq
Denver,0.001443001443001443
Kansas City,0.03463203463203463
North Dakota,0.002886002886002886
North Dakota St.,0.4862914862914863
Omaha,0.046176046176046176
Oral Roberts,0.002886002886002886
South Dakota,0.02164502164502164
South Dakota St.,0.40404040404040403
St. Thomas (MN),0
