team,freq
Denver,0.004305705059203444
Kansas City,0.10441334768568353
North Dakota,0
North Dakota St.,0.0635091496232508
Omaha,0.007534983853606028
Oral Roberts,0.6889128094725511
South Dakota,0.016146393972012917
South Dakota St.,0.09580193756727663
St. Thomas (MN),0
Western Ill.,0.019375672766415497
