team,freq
Denver,0.03384279475982532
Kansas City,0.06222707423580786
North Dakota,0
North Dakota St.,0.060043668122270744
Omaha,0.007641921397379912
Oral Roberts,0.6932314410480349
South Dakota,0.02074235807860262
South Dakota St.,0.09606986899563318
St. Thomas (MN),0
Western Ill.,0.026200873362445413
