team,freq
Denver,0.14722536806342015
Kansas City,0.045300113250283124
North Dakota,0.022650056625141562
North Dakota St.,0.11325028312570783
Omaha,0.01698754246885617
Oral Roberts,0.28199320498301245
South Dakota,0.021517553793884484
South Dakota St.,0.3510758776896942
St. Thomas (MN),0
