team,freq
Denver,0.0030425963488843813
Kansas City,0.011156186612576065
North Dakota,0
North Dakota St.,0.05070993914807303
Omaha,0
Oral Roberts,0.31744421906693715
South Dakota,0.036511156186612576
South Dakota St.,0.5405679513184585
St. Thomas (MN),0
Western Ill.,0.04056795131845842
