team,freq
Denver,0.024336283185840704
Kansas City,0.032079646017699116
North Dakota,0.0055309734513274336
North Dakota St.,0.10951327433628319
Omaha,0
Oral Roberts,0.45022123893805305
South Dakota,0.02876106194690265
South Dakota St.,0.30530973451327437
St. Thomas (MN),0
Western Ill.,0.04424778761061947
