team,freq
Denver,0
Kansas City,0.02627939142461964
North Dakota,0.008298755186721992
North Dakota St.,0.5145228215767635
Omaha,0.04426002766251729
Oral Roberts,0.004149377593360996
South Dakota,0.016597510373443983
South Dakota St.,0.3858921161825727
St. Thomas (MN),0
