team,freq
Denver,0.04234527687296417
Kansas City,0.038002171552660155
North Dakota,0.0032573289902280127
North Dakota St.,0.10966340933767645
Omaha,0.0032573289902280127
Oral Roberts,0.44842562432138977
South Dakota,0.01737242128121607
South Dakota St.,0.2975027144408252
St. Thomas (MN),0
Western Ill.,0.04017372421281216
