team,freq
Denver,0.0020491803278688526
Kansas City,0.030737704918032786
North Dakota,0
North Dakota St.,0.06864754098360656
Omaha,0
Oral Roberts,0.38934426229508196
South Dakota,0.015368852459016393
South Dakota St.,0.45901639344262296
St. Thomas (MN),0
Western Ill.,0.034836065573770496
