team,freq
Denver,0
Kansas City,0.02053915275994865
North Dakota,0.005134788189987163
North Dakota St.,0.4017971758664955
Omaha,0.0680359435173299
Oral Roberts,0.0025673940949935813
South Dakota,0.007702182284980745
South Dakota St.,0.49422336328626443
St. Thomas (MN),0
