team,freq
Denver,0.002103049421661409
Kansas City,0.0038555906063792496
North Dakota,0.00560813179109709
North Dakota St.,0.07150368033648791
Omaha,0.0014020329477742726
Oral Roberts,0.7553452506133894
South Dakota,0.006659656501927794
South Dakota St.,0.14511041009463724
St. Thomas (MN),0
Western Ill.,0.008412197686645636
