team,freq
Denver,0.005005005005005005
Kansas City,0.031031031031031032
North Dakota,0
North Dakota St.,0.0960960960960961
Omaha,0
Oral Roberts,0.1901901901901902
South Dakota,0.03203203203203203
South Dakota St.,0.6266266266266266
St. Thomas (MN),0
Western Ill.,0.019019019019019017
