team,freq
Denver,0.01327433628318584
Kansas City,0.05973451327433628
North Dakota,0.06858407079646017
North Dakota St.,0.20132743362831856
Omaha,0.051991150442477874
Oral Roberts,0.26216814159292035
South Dakota,0.05309734513274336
South Dakota St.,0.28982300884955753
St. Thomas (MN),0
