team,freq
Denver,0.37935843793584384
Kansas City,0.02092050209205021
North Dakota,0.008368200836820085
North Dakota St.,0.0502092050209205
Omaha,0.08507670850767085
Oral Roberts,0.12412831241283125
South Dakota,0.006973500697350071
South Dakota St.,0.32496513249651326
St. Thomas (MN),0
