team,freq
Denver,0.006333333333333333
Kansas City,0.027333333333333334
North Dakota,0
North Dakota St.,0.08866666666666667
Omaha,3.333333333333333e-4
Oral Roberts,0.14233333333333334
South Dakota,0.043
South Dakota St.,0.6703333333333333
St. Thomas (MN),0
Western Ill.,0.021666666666666667
