team,freq
Denver,0.017819706498951784
Kansas City,0.06918238993710693
North Dakota,0.033542976939203356
North Dakota St.,0.1928721174004193
Omaha,0.07651991614255765
Oral Roberts,0.26519916142557654
South Dakota,0.027253668763102725
South Dakota St.,0.31761006289308175
St. Thomas (MN),0
