team,freq
Denver,0.03162486368593239
Kansas City,0.04143947655398037
North Dakota,0
North Dakota St.,0.0697928026172301
Omaha,0.0065430752453653224
Oral Roberts,0.613958560523446
South Dakota,0.009814612868047983
South Dakota St.,0.1603053435114504
St. Thomas (MN),0
Western Ill.,0.06652126499454744
