team,freq
Denver,0.0014367816091954023
Kansas City,0.04597701149425287
North Dakota,0.010057471264367816
North Dakota St.,0.45977011494252873
Omaha,0.0660919540229885
Oral Roberts,0.0028735632183908046
South Dakota,0.020114942528735632
South Dakota St.,0.3936781609195402
St. Thomas (MN),0
