team,freq
Denver,0.005347593582887701
Kansas City,0.05561497326203209
North Dakota,0
North Dakota St.,0.09197860962566845
Omaha,0.006417112299465241
Oral Roberts,0.6631016042780749
South Dakota,0.006417112299465241
South Dakota St.,0.14010695187165778
St. Thomas (MN),0
Western Ill.,0.031016042780748668
