team,freq
Denver,0.1651006711409396
Kansas City,0.026845637583892617
North Dakota,0.0563758389261745
North Dakota St.,0.04429530201342282
Omaha,0.09798657718120805
Oral Roberts,0.16644295302013423
South Dakota,0.009395973154362417
South Dakota St.,0.4335570469798658
St. Thomas (MN),0
