team,freq
Denver,0.06559297218155197
Kansas City,0.19912152269399708
North Dakota,0.15373352855051242
North Dakota St.,0.0424597364568082
Omaha,0.08169838945827232
Oral Roberts,0.03543191800878477
South Dakota,0
South Dakota St.,0.4219619326500732
St. Thomas (MN),0
