team,freq
Appalachian St.,0.18833333333333332
Arkansas St.,0.11166666666666666
Coastal Carolina,0
Ga. Southern,0.026
Georgia St.,0.15133333333333332
Little Rock,0.0026666666666666666
Louisiana,0.08733333333333333
South Alabama,0
Texas St.,0.25433333333333336
Troy,0.17833333333333334
ULM,0
UT Arlington,0
