team,freq
Appalachian St.,0.128
Arkansas St.,0.060333333333333336
Coastal Carolina,0.13066666666666665
Ga. Southern,0.006333333333333333
Georgia St.,0.14133333333333334
Little Rock,6.666666666666666e-4
Louisiana,0.034
South Alabama,0.19933333333333333
Texas St.,0.19866666666666666
Troy,0.08233333333333333
ULM,0.004333333333333333
UT Arlington,0.014
