team,freq
App State,0.005666666666666667
Arkansas St.,3.333333333333333e-4
Coastal Carolina,0
Ga. Southern,0.012
Georgia St.,0
James Madison,0.16866666666666666
Louisiana,0.169
Marshall,0.3516666666666667
Old Dominion,0.023
South Alabama,0.058
Southern Miss.,0.16433333333333333
Texas St.,0.001
Troy,0.04566666666666667
ULM,6.666666666666666e-4
