team,freq
Appalachian St.,0.13366666666666666
Arkansas St.,0.068
Coastal Carolina,0.13033333333333333
Ga. Southern,0.0033333333333333335
Georgia St.,0.12866666666666668
Little Rock,6.666666666666666e-4
Louisiana,0.042
South Alabama,0.201
Texas St.,0.19966666666666666
Troy,0.07566666666666666
ULM,0.0033333333333333335
UT Arlington,0.013666666666666667
