team,freq
App State,0.04661864745898359
Arkansas St.,0.407563025210084
Coastal Carolina,0
Ga. Southern,0
Georgia St.,4.0016006402561027e-4
James Madison,0.1134453781512605
Louisiana,0
Marshall,0.02460984393757503
Old Dominion,0
South Alabama,0.2074829931972789
Southern Miss.,0
Texas St.,0
Troy,0.1998799519807923
ULM,0
