team,freq
App State,0
Arkansas St.,0
Coastal Carolina,0
Ga. Southern,0.016666666666666666
Georgia St.,0
James Madison,0.151
Louisiana,0.15966666666666668
Marshall,0.364
Old Dominion,0
South Alabama,0.09366666666666666
Southern Miss.,0.15133333333333332
Texas St.,0.012333333333333333
Troy,0.051333333333333335
ULM,0
