team,freq
Alabama A&M,0.03133333333333333
Alabama St.,0
Alcorn,0.13966666666666666
Ark.-Pine Bluff,0
Bethune-Cookman,0
Florida A&M,0.061
Grambling,0.030666666666666665
Jackson St.,0.05466666666666667
Mississippi Val.,0
Prairie View,0.08233333333333333
Southern U.,0.2866666666666667
Texas Southern,0.31366666666666665
