team,freq
Alabama A&M,0.026333333333333334
Alabama St.,0
Alcorn,0.16033333333333333
Ark.-Pine Bluff,0
Bethune-Cookman,0
Florida A&M,0.068
Grambling,0.027333333333333334
Jackson St.,0.050666666666666665
Mississippi Val.,0
Prairie View,0.07466666666666667
Southern U.,0.287
Texas Southern,0.30566666666666664
