team,freq
Abilene Christian,0.043922369765066395
California Baptist,0
Chicago St.,0
Dixie St.,0
Grand Canyon,0.21654749744637386
Lamar University,0
New Mexico St.,0.24310520939734423
Sam Houston St.,0.05209397344228805
Seattle U,0.1920326864147089
SFA,0.12972420837589377
Tarleton St.,0
Utah Valley,0.12257405515832481
UTRGV,0
