team,freq
Abilene Christian,0.0051440329218107
California Baptist,0
Grand Canyon,0.14814814814814814
New Mexico St.,0.42489711934156377
Sam Houston,0.26954732510288065
Seattle U,0.04218106995884774
SFA,0.02160493827160494
Southern Utah,0.01440329218106996
Tarleton St.,0
UT Arlington,0
Utah Tech,0
Utah Valley,0.07407407407407407
UTRGV,0
