team,freq
Abilene Christian,0.01234567901234568
California Baptist,0
Grand Canyon,0.12757201646090535
New Mexico St.,0.15123456790123457
Sam Houston,0.3724279835390946
Seattle U,0.02880658436213992
SFA,0.01748971193415638
Southern Utah,0.03395061728395062
Tarleton St.,0
UT Arlington,0
Utah Tech,0
Utah Valley,0.25617283950617287
UTRGV,0
