team,freq
Abilene Christian,0.00572737686139748
California Baptist,0.02520045819014891
Grand Canyon,0.6082474226804124
SFA,0.018327605956471937
Seattle U,0.1706758304696449
Southern Utah,0.00572737686139748
Tarleton St.,0
UT Arlington,0.1374570446735395
UTRGV,0
Utah Tech,0
Utah Valley,0.028636884306987402
