team,freq
Abilene Christian,0.04201400466822274
California Baptist,0
Chicago St.,0
Dixie St.,0
Grand Canyon,0.22207402467489162
Lamar University,0
New Mexico St.,0.36178726242080694
Sam Houston St.,0.02367455818606202
Seattle U,0.16372124041347114
SFA,0.1587195731910637
Tarleton St.,0
Utah Valley,0.028009336445481828
UTRGV,0
