team,freq
Abilene Christian,0.06769230769230769
California Baptist,0
Chicago St.,0
Dixie St.,0
Grand Canyon,0.23692307692307693
Lamar University,0
New Mexico St.,0.29128205128205126
Sam Houston St.,0.04
Seattle U,0.1435897435897436
SFA,0.10974358974358975
Tarleton St.,0
Utah Valley,0.11076923076923077
UTRGV,0
