team,freq
Abilene Christian,0.006204756980351603
California Baptist,0
Grand Canyon,0.10031023784901759
New Mexico St.,0.4167528438469494
Sam Houston,0.24301964839710444
Seattle U,0.045501551189245086
SFA,0.017580144777662877
Southern Utah,0.014477766287487074
Tarleton St.,0
UT Arlington,0.001034126163391934
Utah Tech,0
Utah Valley,0.15511892450879008
UTRGV,0
