team,freq
Abilene Christian,0.006263048016701462
California Baptist,0.055323590814196244
Grand Canyon,0.5949895615866388
SFA,0.11482254697286014
Seattle U,0.15657620041753653
Southern Utah,0.003131524008350731
Tarleton St.,0
UT Arlington,0.04175365344467641
UTRGV,0.0010438413361169103
Utah Tech,0
Utah Valley,0.02609603340292276
