team,freq
Abilene Christian,0.00102880658436214
California Baptist,0
Grand Canyon,0.18724279835390947
New Mexico St.,0.00411522633744856
Sam Houston,0.3611111111111111
Seattle U,0.0751028806584362
SFA,0.060699588477366256
Southern Utah,0.08539094650205761
Tarleton St.,0
UT Arlington,0
Utah Tech,0
Utah Valley,0.22530864197530864
UTRGV,0
