team,freq
Abilene Christian,0.10123966942148761
California Baptist,0
Chicago St.,0
Dixie St.,0
Grand Canyon,0.22210743801652894
Lamar University,0
New Mexico St.,0.22933884297520662
Sam Houston St.,0.05268595041322314
Seattle U,0.13326446280991736
SFA,0.10020661157024793
Tarleton St.,0
Utah Valley,0.16115702479338845
UTRGV,0
