team,freq
Abilene Christian,0
California Baptist,0
Grand Canyon,0.19876416065911431
New Mexico St.,0.02059732234809475
Sam Houston,0.29660144181256437
Seattle U,0.05252317198764161
SFA,0.05149330587023687
Southern Utah,0.03604531410916581
Tarleton St.,0
UT Arlington,0
Utah Tech,0
Utah Valley,0.3439752832131823
UTRGV,0
