team,freq
Abilene Christian,0.11795407098121087
California Baptist,0
Chicago St.,0
Dixie St.,0
Grand Canyon,0.31106471816283926
Lamar University,0
New Mexico St.,0.29540709812108557
Sam Houston St.,0.008350730688935283
Seattle U,0.07724425887265135
SFA,0.055323590814196244
Tarleton St.,0
Utah Valley,0.13361169102296452
UTRGV,0.0010438413361169103
