team,freq
Abilene Christian,0.006263048016701461
California Baptist,0
Grand Canyon,0.16075156576200417
New Mexico St.,0.4123173277661795
Sam Houston,0.23382045929018788
Seattle U,0.05219206680584551
SFA,0.015657620041753653
Southern Utah,0.020876826722338204
Tarleton St.,0
UT Arlington,0.0020876826722338203
Utah Tech,0
Utah Valley,0.09603340292275574
UTRGV,0
