team,freq
Abilene Christian,0.0010162601626016261
California Baptist,0
Grand Canyon,0.047764227642276426
New Mexico St.,0
SFA,0.0701219512195122
Sam Houston,0.4024390243902439
Seattle U,0.03353658536585366
Southern Utah,0.12398373983739837
Tarleton St.,0
UT Arlington,0
UTRGV,0
Utah Tech,0
Utah Valley,0.32113821138211385
