team,freq
Abilene Christian,0.0051334702258726906
California Baptist,0
Grand Canyon,0.14271047227926079
New Mexico St.,0.3963039014373717
Sam Houston,0.2268993839835729
Seattle U,0.09342915811088295
SFA,0.041067761806981525
Southern Utah,0.015400410677618069
Tarleton St.,0
UT Arlington,0.001026694045174538
Utah Tech,0
Utah Valley,0.07802874743326489
UTRGV,0
