team,freq
Abilene Christian,0.06564102564102564
California Baptist,0
Chicago St.,0
Dixie St.,0
Grand Canyon,0.22974358974358974
Lamar University,0
New Mexico St.,0.28923076923076924
Sam Houston St.,0.046153846153846156
Seattle U,0.11692307692307694
SFA,0.13435897435897437
Tarleton St.,0
Utah Valley,0.11794871794871796
UTRGV,0
