team,freq
Abilene Christian,0.062118126272912425
California Baptist,0
Chicago St.,0
Dixie St.,0
Grand Canyon,0.23523421588594706
Lamar University,0
New Mexico St.,0.2912423625254582
Sam Houston St.,0.03564154786150713
Seattle U,0.12830957230142567
SFA,0.13034623217922608
Tarleton St.,0
Utah Valley,0.11710794297352344
UTRGV,0
