team,freq
Abilene Christian,0.0041753653444676405
California Baptist,0.03549060542797495
Grand Canyon,0.5636743215031316
SFA,0.15031315240083504
Seattle U,0.17745302713987474
Southern Utah,0.0041753653444676405
Tarleton St.,0
UT Arlington,0.031315240083507306
UTRGV,0.0010438413361169101
Utah Tech,0
Utah Valley,0.032359081419624215
