team,freq
Abilene Christian,0.04048582995951417
California Baptist,0
Grand Canyon,0.12955465587044535
New Mexico St.,0.5789473684210525
Sam Houston,0.02631578947368421
Seattle U,0.07489878542510121
SFA,0.07388663967611335
Southern Utah,0.029352226720647776
Tarleton St.,0
UT Arlington,0.006072874493927126
Utah Tech,0
Utah Valley,0.039473684210526314
UTRGV,0.0010121457489878543
