team,freq
Abilene Christian,0.0031055900621118015
California Baptist,0
Grand Canyon,0.1770186335403727
New Mexico St.,0.020703933747412008
Sam Houston,0.33126293995859213
Seattle U,0.057971014492753624
SFA,0.05900621118012423
Southern Utah,0.05279503105590062
Tarleton St.,0
UT Arlington,0
Utah Tech,0
Utah Valley,0.2981366459627329
UTRGV,0
