team,freq
Abilene Christian,0
California Baptist,0
Grand Canyon,0.1081081081081081
New Mexico St.,0
Sam Houston,0.3711018711018711
Seattle U,0.11642411642411643
SFA,0.04261954261954262
Southern Utah,0.08212058212058213
Tarleton St.,0
UT Arlington,0
Utah Tech,0
Utah Valley,0.27962577962577967
UTRGV,0
