team,freq
Abilene Christian,0.09908998988877654
California Baptist,0
Grand Canyon,0.24974721941354905
New Mexico St.,0.4570273003033367
Sam Houston,0.021233569261880688
Seattle U,0.08493427704752275
SFA,0.03842264914054601
Southern Utah,0.003033367037411527
Tarleton St.,0
UT Arlington,0.0010111223458038423
Utah Tech,0
Utah Valley,0.044489383215369056
UTRGV,0.0010111223458038423
