team,freq
Abilene Christian,0.09607438016528924
California Baptist,0
Grand Canyon,0.14876033057851237
New Mexico St.,0.4152892561983471
Sam Houston,0.03409090909090909
Seattle U,0.020661157024793386
SFA,0.10330578512396695
Southern Utah,0.006198347107438016
Tarleton St.,0
UT Arlington,0.0010330578512396695
Utah Tech,0
Utah Valley,0.17458677685950413
UTRGV,0
