team,freq
Abilene Christian,0
California Baptist,0
Grand Canyon,0.2105798575788403
New Mexico St.,0.018311291963377416
Sam Houston,0.24109867751780265
Seattle U,0.052899287894201424
SFA,0.08748728382502542
Southern Utah,0.07121057985757885
Tarleton St.,0
UT Arlington,0
Utah Tech,0
Utah Valley,0.31841302136317395
UTRGV,0
