team,freq
Abilene Christian,0.050658561296859174
California Baptist,0
Grand Canyon,0.11752786220871328
New Mexico St.,0.6068895643363729
Sam Houston,0.025329280648429587
Seattle U,0.08814589665653495
SFA,0.050658561296859174
Southern Utah,0.0182370820668693
Tarleton St.,0
UT Arlington,0.004052684903748734
Utah Tech,0
Utah Valley,0.038500506585612965
UTRGV,0
