team,freq
Abilene Christian,0.004145077720207254
California Baptist,0
Grand Canyon,0.18445595854922278
New Mexico St.,0.016580310880829015
Sam Houston,0.3430051813471503
Seattle U,0.04352331606217617
SFA,0.05284974093264248
Southern Utah,0.04248704663212435
Tarleton St.,0
UT Arlington,0
Utah Tech,0
Utah Valley,0.31295336787564765
UTRGV,0
