team,freq
Abilene Christian,0
California Baptist,0
Grand Canyon,0.15055951169888096
New Mexico St.,0
Sam Houston,0.2919633774160732
Seattle U,0.08952187182095625
SFA,0.05188199389623601
Southern Utah,0.12512716174974567
Tarleton St.,0
UT Arlington,0
Utah Tech,0
Utah Valley,0.2909460834181078
UTRGV,0
