team,freq
Abilene Christian,0.025406504065040653
California Baptist,0.044715447154471545
Grand Canyon,0.5060975609756098
SFA,0.1056910569105691
Seattle U,0.2063008130081301
Southern Utah,0.009146341463414634
Tarleton St.,0
UT Arlington,0.05589430894308943
UTRGV,0
Utah Tech,0
Utah Valley,0.046747967479674794
