team,freq
Abilene Christian,0.010493179433368312
California Baptist,0.02728226652675761
Grand Canyon,0.05456453305351522
New Mexico St.,0
SFA,0.09653725078698847
Sam Houston,0.3273871983210913
Seattle U,0.036726128016789095
Southern Utah,0.14900314795383002
Tarleton St.,0
UT Arlington,0.004197271773347324
UTRGV,0
Utah Tech,0
Utah Valley,0.29380902413431276
