team,freq
Abilene Christian,0
California Baptist,0
Grand Canyon,0.11202466598150052
New Mexico St.,0
Sam Houston,0.30421377183967113
Seattle U,0.1366906474820144
SFA,0.0421377183967112
Southern Utah,0.06166495375128469
Tarleton St.,0
UT Arlington,0
Utah Tech,0
Utah Valley,0.3432682425488181
UTRGV,0
