team,freq
Abilene Christian,0.03565891472868217
California Baptist,0.06511627906976744
Grand Canyon,0.3441860465116279
SFA,0.15968992248062014
Seattle U,0.08682170542635659
Southern Utah,0
Tarleton St.,0
UT Arlington,0.08372093023255814
UTRGV,0.006201550387596899
Utah Tech,0
Utah Valley,0.21860465116279068
