team,freq
Abilene Christian,0.06172839506172839
California Baptist,0
Chicago St.,0
Dixie St.,0
Grand Canyon,0.21193415637860083
Lamar University,0
New Mexico St.,0.2366255144032922
Sam Houston St.,0.05864197530864198
Seattle U,0.17901234567901234
SFA,0.12962962962962962
Tarleton St.,0
Utah Valley,0.12242798353909465
UTRGV,0
