team,freq
Abilene Christian,0.04069379586390927
California Baptist,0
Chicago St.,0
Dixie St.,0
Grand Canyon,0.2284856571047365
Lamar University,0
New Mexico St.,0.3655770513675784
Sam Houston St.,0.023015343562374918
Seattle U,0.16811207471647766
SFA,0.1524349566377585
Tarleton St.,0
Utah Valley,0.02168112074716478
UTRGV,0
