team,freq
Abilene Christian,0.042224510813594233
California Baptist,0
Chicago St.,0
Dixie St.,0
Grand Canyon,0.243048403707518
Lamar University,0
New Mexico St.,0.29660144181256437
Sam Houston St.,0.05458290422245108
Seattle U,0.10504634397528322
SFA,0.13903192584963955
Tarleton St.,0
Utah Valley,0.11946446961894955
UTRGV,0
