team,freq
Abilene Christian,0.012396694214876033
California Baptist,0.022727272727272728
Grand Canyon,0.04855371900826447
New Mexico St.,0
SFA,0.10330578512396695
Sam Houston,0.31508264462809915
Seattle U,0.05371900826446281
Southern Utah,0.17045454545454547
Tarleton St.,0
UT Arlington,0.005165289256198347
UTRGV,0.002066115702479339
Utah Tech,0
Utah Valley,0.2665289256198347
