team,freq
Abilene Christian,0.008412197686645636
California Baptist,0.05783385909568874
Grand Canyon,0.5720294426919033
SFA,0.1167192429022082
Seattle U,0.17981072555205047
Southern Utah,0.009463722397476339
Tarleton St.,0
UT Arlington,0.03259726603575184
UTRGV,0
Utah Tech,0
Utah Valley,0.023133543638275498
