team,freq
Abilene Christian,0.055611729019211326
California Baptist,0
Chicago St.,0
Dixie St.,0
Grand Canyon,0.16885743174924167
Lamar University,0
New Mexico St.,0.3387259858442872
Sam Houston St.,0.056622851365015166
Seattle U,0.1597573306370071
SFA,0.13043478260869565
Tarleton St.,0
Utah Valley,0.08998988877654196
UTRGV,0
