team,freq
Abilene Christian,0.005065856129685917
California Baptist,0
Grand Canyon,0.2512664640324215
New Mexico St.,0.4579533941236069
Sam Houston,0.038500506585612965
Seattle U,0.0861195542046606
SFA,0.09625126646403243
Southern Utah,0.0243161094224924
Tarleton St.,0
UT Arlington,0.0010131712259371835
Utah Tech,0
Utah Valley,0.03951367781155015
UTRGV,0
