team,freq
Abilene Christian,0.08054393305439331
California Baptist,0
Chicago St.,0
Dixie St.,0
Grand Canyon,0.19246861924686193
Lamar University,0
New Mexico St.,0.2792887029288703
Sam Houston St.,0.041841004184100423
Seattle U,0.14958158995815898
SFA,0.08158995815899582
Tarleton St.,0
Utah Valley,0.17468619246861927
UTRGV,0
