team,freq
Abilene Christian,0.025130890052356022
California Baptist,0.049214659685863874
Grand Canyon,0.437696335078534
SFA,0.1643979057591623
Seattle U,0.23141361256544504
Southern Utah,0.011518324607329843
Tarleton St.,0
UT Arlington,0.0387434554973822
UTRGV,0
Utah Tech,0
Utah Valley,0.041884816753926704
