team,freq
Abilene Christian,0.04288702928870293
California Baptist,0.08054393305439331
Grand Canyon,0.3797071129707113
SFA,0.20711297071129708
Seattle U,0.19142259414225943
Southern Utah,0.005230125523012553
Tarleton St.,0
UT Arlington,0.06380753138075314
UTRGV,0.0010460251046025106
Utah Tech,0
Utah Valley,0.028242677824267783
