team,freq
Abilene Christian,0
California Baptist,0
Grand Canyon,0.032454361054766734
New Mexico St.,0.552738336713996
Sam Houston,0.13184584178498984
Seattle U,0.12880324543610547
SFA,0.09330628803245435
Southern Utah,0.04259634888438134
Tarleton St.,0
UT Arlington,0
Utah Tech,0
Utah Valley,0.018255578093306284
UTRGV,0
