team,freq
Abilene Christian,0
California Baptist,0.032729805013927575
Grand Canyon,0.0846100278551532
New Mexico St.,0
SFA,0.026462395543175487
Sam Houston,0.33913649025069637
Seattle U,0.04735376044568245
Southern Utah,0.1368384401114206
Tarleton St.,0
UT Arlington,0
UTRGV,0
Utah Tech,0
Utah Valley,0.33286908077994426
