team,freq
Abilene Christian,0.015706806282722512
California Baptist,0.02617801047120419
Grand Canyon,0.05654450261780104
New Mexico St.,0
SFA,0.08272251308900523
Sam Houston,0.3539267015706806
Seattle U,0.02827225130890052
Southern Utah,0.1539267015706806
Tarleton St.,0
UT Arlington,0.00418848167539267
UTRGV,0.0010471204188481674
Utah Tech,0
Utah Valley,0.2774869109947644
