team,freq
Abilene Christian,0.007223942208462333
California Baptist,0
Grand Canyon,0.13519091847265222
New Mexico St.,0.06501547987616099
Sam Houston,0.39009287925696595
Seattle U,0.02476780185758514
SFA,0.038183694530443756
Southern Utah,0.030959752321981424
Tarleton St.,0
UT Arlington,0.0010319917440660476
Utah Tech,0
Utah Valley,0.3075335397316821
UTRGV,0
