team,freq
Abilene Christian,0.0629514963880289
California Baptist,0
Chicago St.,0
Dixie St.,0
Grand Canyon,0.22084623323013416
Lamar University,0
New Mexico St.,0.26831785345717235
Sam Houston St.,0.0629514963880289
Seattle U,0.12074303405572756
SFA,0.15995872033023736
Tarleton St.,0
Utah Valley,0.10423116615067081
UTRGV,0
