team,freq
Abilene Christian,0.05858170606372046
California Baptist,0
Chicago St.,0
Dixie St.,0
Grand Canyon,0.18088386433710174
Lamar University,0
New Mexico St.,0.34532374100719426
Sam Houston St.,0.05241521068859198
Seattle U,0.15621788283658788
SFA,0.12538540596094552
Tarleton St.,0
Utah Valley,0.08119218910585817
UTRGV,0
