team,freq
Abilene Christian,0.0010183299389002038
California Baptist,0
Grand Canyon,0.07128309572301426
New Mexico St.,0.4775967413441955
Sam Houston,0.22708757637474541
Seattle U,0.1323828920570265
SFA,0.051934826883910386
Southern Utah,0.013238289205702648
Tarleton St.,0
UT Arlington,0.0020366598778004076
Utah Tech,0
Utah Valley,0.023421588594704685
UTRGV,0
