team,freq
Abilene Christian,0
California Baptist,0
Grand Canyon,0.12564366632337795
New Mexico St.,0
Sam Houston,0.2801235839340886
Seattle U,0.1678681771369722
SFA,0.04016477857878476
Southern Utah,0.06488156539649846
Tarleton St.,0
UT Arlington,0
Utah Tech,0
Utah Valley,0.3213182286302781
UTRGV,0
