team,freq
Abilene Christian,0.18776824034334763
California Baptist,0
Chicago St.,0
Dixie St.,0
Grand Canyon,0.17489270386266095
Lamar University,0.001072961373390558
New Mexico St.,0.24892703862660945
Sam Houston St.,0.004291845493562232
Seattle U,0.0536480686695279
SFA,0.13304721030042918
Tarleton St.,0
Utah Valley,0.19420600858369097
UTRGV,0.002145922746781116
