team,freq
Abilene Christian,0.006179196704428425
California Baptist,0
Grand Canyon,0.12873326467559218
New Mexico St.,0.3964984552008239
Sam Houston,0.21524201853759012
Seattle U,0.08856848609680741
SFA,0.03398558187435634
Southern Utah,0.029866117404737387
Tarleton St.,0
UT Arlington,0
Utah Tech,0
Utah Valley,0.10092687950566427
UTRGV,0
