team,freq
Abilene Christian,0.005488474204171241
California Baptist,0.019758507135016465
Grand Canyon,0.6399560922063666
SFA,0.03293084522502744
Seattle U,0.19209659714599342
Southern Utah,0.0021953896816684962
Tarleton St.,0
UT Arlington,0.06805708013172339
UTRGV,0
Utah Tech,0
Utah Valley,0.03951701427003293
