team,freq
Abilene Christian,0.11538461538461539
California Baptist,0
Chicago St.,0
Dixie St.,0
Grand Canyon,0.2820512820512821
Lamar University,0
New Mexico St.,0.25427350427350426
Sam Houston St.,0.0032051282051282055
Seattle U,0.0608974358974359
SFA,0.13247863247863248
Tarleton St.,0
Utah Valley,0.15064102564102563
UTRGV,0.0010683760683760685
