team,freq
Abilene Christian,0.09241952232606439
California Baptist,0
Chicago St.,0
Dixie St.,0
Grand Canyon,0.20249221183800625
Lamar University,0
New Mexico St.,0.23779854620976118
Sam Houston St.,0.04776739356178609
Seattle U,0.14018691588785048
SFA,0.09657320872274143
Tarleton St.,0
Utah Valley,0.18276220145379024
UTRGV,0
