team,freq
Abilene Christian,0.0997920997920998
California Baptist,0
Chicago St.,0
Dixie St.,0
Grand Canyon,0.21413721413721412
Lamar University,0
New Mexico St.,0.2671517671517672
Sam Houston St.,0.058212058212058215
Seattle U,0.10395010395010396
SFA,0.08523908523908524
Tarleton St.,0
Utah Valley,0.17151767151767153
UTRGV,0
