team,freq
Abilene Christian,0.07360672975814932
California Baptist,0
Chicago St.,0
Dixie St.,0
Grand Canyon,0.18822292323869608
Lamar University,0
New Mexico St.,0.2797055730809674
Sam Houston St.,0.052576235541535225
Seattle U,0.12933753943217666
SFA,0.10094637223974763
Tarleton St.,0
Utah Valley,0.17560462670872765
UTRGV,0
