team,freq
Abilene Christian,0.026595744680851068
California Baptist,0
Grand Canyon,0.36914893617021277
New Mexico St.,0.4553191489361702
Sam Houston,0.023404255319148935
Seattle U,0.03829787234042553
SFA,0.059574468085106386
Southern Utah,0.0053191489361702135
Tarleton St.,0
UT Arlington,0.003191489361702128
Utah Tech,0
Utah Valley,0.019148936170212766
UTRGV,0
