team,freq
Abilene Christian,0.00308641975308642
California Baptist,0
Grand Canyon,0.12242798353909465
New Mexico St.,0.404320987654321
Sam Houston,0.2448559670781893
Seattle U,0.11213991769547325
SFA,0.030864197530864196
Southern Utah,0.0102880658436214
Tarleton St.,0
UT Arlington,0
Utah Tech,0
Utah Valley,0.0720164609053498
UTRGV,0
