team,freq
Abilene Christian,0.027243589743589744
California Baptist,0.09294871794871795
Grand Canyon,0.4951923076923077
SFA,0.09775641025641026
Seattle U,0.1987179487179487
Southern Utah,0.0016025641025641025
Tarleton St.,0
UT Arlington,0.014423076923076922
UTRGV,0.0016025641025641025
Utah Tech,0
Utah Valley,0.07051282051282051
