team,freq
Abilene Christian,0.006179196704428425
California Baptist,0
Grand Canyon,0.21833161688980432
New Mexico St.,0.07106076210092689
Sam Houston,0.3439752832131823
Seattle U,0.026776519052523172
SFA,0.035015447991761074
Southern Utah,0.03192584963954686
Tarleton St.,0
UT Arlington,0
Utah Tech,0
Utah Valley,0.266735324407827
UTRGV,0
