team,freq
Abilene Christian,0.06735751295336788
California Baptist,0
Chicago St.,0
Dixie St.,0
Grand Canyon,0.20103626943005182
Lamar University,0
New Mexico St.,0.31813471502590673
Sam Houston St.,0.06321243523316063
Seattle U,0.10569948186528497
SFA,0.12642487046632125
Tarleton St.,0
Utah Valley,0.11813471502590675
UTRGV,0
