team,freq
Abilene Christian,0.002105263157894737
California Baptist,0.06842105263157895
Grand Canyon,0.6189473684210526
SFA,0.07789473684210527
Seattle U,0.15157894736842104
Southern Utah,0.011578947368421053
Tarleton St.,0
UT Arlington,0.05578947368421053
UTRGV,0
Utah Tech,0
Utah Valley,0.01368421052631579
