team,freq
Abilene Christian,0.0574468085106383
California Baptist,0.05638297872340426
Grand Canyon,0.4053191489361702
SFA,0.25957446808510637
Seattle U,0.10851063829787234
Southern Utah,0.011702127659574468
Tarleton St.,0
UT Arlington,0.06914893617021277
UTRGV,0.002127659574468085
Utah Tech,0
Utah Valley,0.029787234042553193
