team,freq
Abilene Christian,0.08020833333333334
California Baptist,0
Chicago St.,0
Dixie St.,0
Grand Canyon,0.22187500000000002
Lamar University,0
New Mexico St.,0.24687499999999998
Sam Houston St.,0.05729166666666667
Seattle U,0.15104166666666666
SFA,0.08125
Tarleton St.,0
Utah Valley,0.16145833333333334
UTRGV,0
