team,freq
Abilene Christian,0.014476614699331848
California Baptist,0.01893095768374165
Grand Canyon,0.5957683741648108
SFA,0.04899777282850779
Seattle U,0.14699331848552338
Southern Utah,0.0011135857461024498
Tarleton St.,0
UT Arlington,0.1403118040089087
UTRGV,0
Utah Tech,0
Utah Valley,0.03340757238307349
