team,freq
Abilene Christian,0.012222222222222221
California Baptist,0.017777777777777778
Grand Canyon,0.6055555555555556
SFA,0.039999999999999994
Seattle U,0.13666666666666666
Southern Utah,0.005555555555555556
Tarleton St.,0
UT Arlington,0.14222222222222222
UTRGV,0
Utah Tech,0
Utah Valley,0.039999999999999994
