team,freq
Abilene Christian,0.056962025316455694
California Baptist,0
Chicago St.,0
Dixie St.,0
Grand Canyon,0.22257383966244723
Lamar University,0
New Mexico St.,0.2869198312236287
Sam Houston St.,0.08122362869198312
Seattle U,0.13924050632911392
SFA,0.11814345991561181
Tarleton St.,0
Utah Valley,0.09388185654008438
UTRGV,0.0010548523206751054
