team,freq
Abilene Christian,0.04088050314465409
California Baptist,0
Chicago St.,0
Dixie St.,0
Grand Canyon,0.20335429769392036
Lamar University,0
New Mexico St.,0.25995807127882603
Sam Houston St.,0.042976939203354304
Seattle U,0.169811320754717
SFA,0.08909853249475892
Tarleton St.,0
Utah Valley,0.1918238993710692
UTRGV,0.0020964360587002098
