team,freq
BYU,0.027666666666666666
Gonzaga,0.49033333333333334
LMU (CA),0.006666666666666667
Pacific,0
Pepperdine,3.333333333333333e-4
Portland,0
Saint Mary's (CA),0.438
San Diego,3.333333333333333e-4
San Francisco,0.005666666666666667
Santa Clara,0.031
