team,freq
BYU,0.026675558519506502
Gonzaga,0.507835945315105
LMU (CA),0.007002334111370457
Pacific,0
Pepperdine,0
Portland,3.3344448149383126e-4
Saint Mary's (CA),0.4234744914971657
San Diego,0
San Francisco,0.0056685561853951315
Santa Clara,0.02900966988996332
