team,freq
BYU,0.019000000000000003
Gonzaga,0.36200000000000004
LMU (CA),0.018000000000000002
Pacific,0
Pepperdine,0
Portland,0
Saint Mary's (CA),0.5720000000000001
San Diego,0
San Francisco,0.008000000000000002
Santa Clara,0.021000000000000005
