team,freq
BYU,0.0033333333333333335
Gonzaga,0.7646666666666667
LMU (CA),0
Pacific,0
Pepperdine,0
Portland,0
Saint Mary's (CA),0.158
San Diego,0
San Francisco,0.05466666666666667
Santa Clara,0.019333333333333334
