team,freq
BYU,0.04669779853235491
Gonzaga,0.5310206804536357
LMU (CA),0
Pacific,0
Pepperdine,0
Portland,0
Saint Mary's (CA),0.4022681787858573
San Diego,0
San Francisco,0.0200133422281521
Santa Clara,0
