team,freq
BYU,0.005000000000000001
Gonzaga,0.7756666666666667
LMU (CA),0
Pacific,0
Pepperdine,0
Portland,3.333333333333334e-4
Saint Mary's (CA),0.15533333333333335
San Diego,0
San Francisco,0.045333333333333344
Santa Clara,0.018333333333333337
