team,freq
BYU,0.026008669556518836
Gonzaga,0.5081693897965989
LMU (CA),0.006668889629876626
Pacific,0
Pepperdine,3.3344448149383126e-4
Portland,0
Saint Mary's (CA),0.42414138046015337
San Diego,0
San Francisco,0.0053351117039013
Santa Clara,0.02934311437145715
