team,freq
BYU,0.031000000000000003
Gonzaga,0.8140000000000001
LMU (CA),0.0010000000000000002
Pacific,0
Pepperdine,0
Portland,0
Saint Mary's (CA),0.09100000000000001
San Diego,0
San Francisco,0.051000000000000004
Santa Clara,0.012000000000000002
