team,freq
BYU,0.028
Gonzaga,0.49033333333333334
LMU (CA),0.006666666666666667
Pacific,3.333333333333333e-4
Pepperdine,0
Portland,0
Saint Mary's (CA),0.43666666666666665
San Diego,3.333333333333333e-4
San Francisco,0.005666666666666667
Santa Clara,0.032
