team,freq
BYU,0.011000000000000001
Gonzaga,0.5650000000000001
LMU (CA),0.004000000000000001
Pacific,0
Pepperdine,0
Portland,0.006000000000000001
Saint Mary's (CA),0.34700000000000003
San Diego,0
San Francisco,0.05000000000000001
Santa Clara,0.017000000000000005
