team,freq
Gonzaga,0.5860000000000001
LMU (CA),0.011000000000000001
Pacific,0
Pepperdine,0.011000000000000001
Portland,0.0010000000000000002
Saint Mary's (CA),0.29000000000000004
San Diego,0.0020000000000000005
San Francisco,0.08800000000000001
Santa Clara,0.011000000000000001
