team,freq
BYU,0.03101033677892631
Gonzaga,0.5088362787595866
LMU (CA),0.006002000666888963
Pacific,0
Pepperdine,0
Portland,0
Saint Mary's (CA),0.4188062687562521
San Diego,0
San Francisco,0.008002667555851951
Santa Clara,0.027342447482494165
