"team","auto_bid","playoff_prob","seed1_prob","seed2_prob","seed3_prob","seed4_prob"
"Brown",1.16666666666667,13.2666666666667,0,0.5,3.6,9.16666666666667
"Columbia",0,0,0,0,0,0
"Cornell",13.2,97.7,0,49.4333333333333,22.8333333333333,25.4333333333333
"Dartmouth",7.23333333333333,95.9333333333333,0,37.2333333333333,50.3,8.4
"Harvard",0.133333333333333,3.16666666666667,0,0.166666666666667,0.966666666666667,2.03333333333333
"Penn",0,0,0,0,0,0
"Princeton",6.03333333333333,89.9333333333333,0,12.6666666666667,22.3,54.9666666666667
"Yale",72.2333333333333,100,100,0,0,0
