"team","auto_bid","playoff_prob","seed1_prob","seed2_prob","seed3_prob","seed4_prob"
"Brown",1.23333333333333,13.4,0,0.7,3.6,9.1
"Columbia",0,0,0,0,0,0
"Cornell",13.3,97.7333333333333,0,50.3333333333333,23.2666666666667,24.1333333333333
"Dartmouth",6.73333333333333,95.7333333333333,0,36.2,50.9666666666667,8.56666666666667
"Harvard",0.0666666666666667,3.33333333333333,0,0.2,1,2.13333333333333
"Penn",0,0,0,0,0,0
"Princeton",4.8,89.8,0,12.5666666666667,21.1666666666667,56.0666666666667
"Yale",73.8666666666667,100,100,0,0,0
